:020000040800F2
:1000000000500020417300080F71000817710008AC
:100010001F710008277100082F7100080000000000
:100020000000000000000000000000003771000820
:1000300043710008000000004F7100085B71000868
:1000400089730008897300088973000889730008A0
:100050008973000889730008897300088973000890
:100060008973000889730008897300088973000880
:100070008973000889730008897300086971000892
:100080008973000889730008897300088973000860
:10009000897300088973000889730008ED700008EF
:1000A0008973000889730008897300088973000840
:1000B0007D7100088973000889730008897300083E
:1000C0008973000889730008897300088973000820
:1000D0008973000861660008897300088973000845
:1000E0008973000889730008897300080000000004
:1000F0000000000000000000000000000000000000
:0C01000000000000000000005FF808F1A3
:1001100010B5054C237833B9044B13B10448AFF341
:1001200000800123237010BD840000200000000027
:1001300010A8000808B5034B1BB103490348AFF3EF
:10014000008008BD000000008800002010A8000802
:1001500081F0004102E000BF83F0004330B54FEA78
:1001600041044FEA430594EA050F08BF90EA020FE5
:100170001FBF54EA000C55EA020C7FEA645C7FEA78
:10018000655C00F0E2804FEA5454D4EB5555B8BF9B
:100190006D420CDD2C4480EA020281EA030382EA0C
:1001A000000083EA010180EA020281EA0303362D9E
:1001B00088BF30BD11F0004F4FEA01314FF4801C71
:1001C0004CEA113102D0404261EB410113F0004F83
:1001D0004FEA03334CEA133302D0524263EB43033A
:1001E00094EA050F00F0A780A4F10104D5F1200ED8
:1001F0000DDB02FA0EFC22FA05F2801841F1000133
:1002000003FA0EF2801843FA05F359410EE0A5F106
:1002100020050EF1200E012A03FA0EFC28BF4CF037
:10022000020C43FA05F3C01851EBE37101F00045ED
:1002300007D54FF0000EDCF1000C7EEB00006EEBFA
:100240000101B1F5801F1BD3B1F5001F0CD3490884
:100250005FEA30004FEA3C0C04F101044FEA4452DB
:1002600012F5800F80F09A80BCF1004F08BF5FEA62
:10027000500C50F1000041EB045141EA050130BD42
:100280005FEA4C0C404141EB0101013C28BFB1F554
:10029000801FE9D291F0000F04BF01460020B1FA9F
:1002A00081F308BF2033A3F10B03B3F120020CDA72
:1002B0000C3208DD02F1140CC2F10C0201FA0CF050
:1002C00021FA02F10CE002F11402D8BFC2F1200CB5
:1002D00001FA02F120FA0CFCDCBF41EA0C0190406B
:1002E000E41AA2BF01EB0451294330BD6FEA0404B4
:1002F0001F3C1CDA0C340EDC04F11404C4F120029F
:1003000020FA04F001FA02F340EA030021FA04F3B0
:1003100045EA030130BDC4F10C04C4F1200220FA07
:1003200002F001FA04F340EA0300294630BD21FA45
:1003300004F0294630BD94F0000F83F4801306BF0B
:1003400081F480110134013D4EE77FEA645C18BFFF
:100350007FEA655C29D094EA050F08BF90EA020F96
:1003600005D054EA000C04BF1946104630BD91EA8E
:10037000030F1EBF0021002030BD5FEA545C05D191
:100380004000494128BF41F0004130BD14F58004D0
:100390003CBF01F5801130BD01F0004545F0FE4144
:1003A00041F470014FF0000030BD7FEA645C1ABF79
:1003B000194610467FEA655C1CBF0B46024650EAB0
:1003C000013406BF52EA033591EA030F41F40021DC
:1003D00030BD00BF90F0000F04BF0021704730B562
:1003E0004FF4806404F132044FF000054FF0000137
:1003F00050E700BF90F0000F04BF0021704730B5F8
:100400004FF4806404F1320410F0004548BF4042CC
:100410004FF000013EE700BF42004FEAE2014FEA21
:1004200031014FEA02701FBF12F07F4393F07F4FFC
:1004300081F06051704732F07F4208BF704793F0FF
:100440007F4F04BF41F40021704730B54FF4607412
:1004500001F0004521F000411CE700BF50EA010215
:1004600008BF704730B54FF000050AE050EA0102BE
:1004700008BF704730B511F0004502D5404261EB2E
:1004800041014FF4806404F132045FEA915C3FF46F
:10049000D8AE4FF003025FEADC0C18BF03325FEA0C
:1004A000DC0C18BF033202EBDC02C2F1200300FABD
:1004B00003FC20FA02F001FA03FE40EA0E0021FAE2
:1004C00002F11444BDE600BF70B54FF0FF0C4CF4D0
:1004D000E06C1CEA11541DBF1CEA135594EA0C0F82
:1004E00095EA0C0F00F0DEF82C4481EA030621EABD
:1004F0004C5123EA4C5350EA013518BF52EA0335F8
:1005000041F4801143F4801338D0A0FB02CE4FF0A9
:100510000005E1FB02E506F00042E0FB03E54FF0D9
:100520000006E1FB03569CF0000F18BF4EF0010ED1
:10053000A4F1FF04B6F5007F64F5407404D25FEACD
:100540004E0E6D4146EB060642EAC62141EA555180
:100550004FEAC52040EA5E504FEACE2EB4F1FD0CC2
:1005600088BFBCF5E06F1ED8BEF1004F08BF5FEA40
:10057000500E50F1000041EB045170BD06F00046F2
:1005800046EA010140EA020081EA0301B4EB5C049F
:10059000C2BFD4EB0C0541EA045170BD41F4801197
:1005A0004FF0000E013C00F3AB8014F1360FDEBFBC
:1005B000002001F0004170BDC4F10004203C35DA98
:1005C0000C341BDC04F11404C4F1200500FA05F31B
:1005D00020FA04F001FA05F240EA020001F00042BC
:1005E00021F0004110EBD37021FA04F642EB060132
:1005F0005EEA430E08BF20EAD37070BDC4F10C045C
:10060000C4F1200500FA04F320FA05F001FA04F21F
:1006100040EA020001F0004110EBD37041F100010B
:100620005EEA430E08BF20EAD37070BDC4F1200516
:1006300000FA05F24EEA020E20FA04F301FA05F27E
:1006400043EA020321FA04F001F0004121FA04F226
:1006500020EA020000EBD3705EEA430E08BF20EAF6
:10066000D37070BD94F0000F0FD101F00046400030
:1006700041EB010111F4801F08BF013CF7D041EAB2
:10068000060195F0000F18BF704703F000465200B6
:1006900043EB030313F4801F08BF013DF7D043EA87
:1006A0000603704794EA0C0F0CEA135518BF95EA3D
:1006B0000C0F0CD050EA410618BF52EA4306D1D1C4
:1006C00081EA030101F000414FF0000070BD50EAE3
:1006D000410606BF1046194652EA430619D094EA6D
:1006E0000C0F02D150EA013613D195EA0C0F05D157
:1006F00052EA03361CBF104619460AD181EA0301AB
:1007000001F0004141F0FE4141F470014FF0000062
:1007100070BD41F0FE4141F4780170BD70B54FF0FD
:10072000FF0C4CF4E06C1CEA11541DBF1CEA13557D
:1007300094EA0C0F95EA0C0F00F0A7F8A4EB05045F
:1007400081EA030E52EA03354FEA013100F0888056
:100750004FEA03334FF0805545EA131343EA12631F
:100760004FEA022245EA111545EA10654FEA0026D4
:100770000EF000419D4208BF964244F1FD0404F58D
:10078000407402D25B084FEA3202B61A65EB0305E9
:100790005B084FEA32024FF480104FF4002CB6EBA6
:1007A000020E75EB030E22BFB61A754640EA0C0026
:1007B0005B084FEA3202B6EB020E75EB030E22BF66
:1007C000B61A754640EA5C005B084FEA3202B6EBA7
:1007D000020E75EB030E22BFB61A754640EA9C0066
:1007E0005B084FEA3202B6EB020E75EB030E22BF36
:1007F000B61A754640EADC0055EA060E18D04FEAF4
:10080000051545EA16754FEA06164FEAC30343EA93
:1008100052734FEAC2025FEA1C1CC0D111F4801F60
:100820000BD141EA00014FF000004FF0004CB6E759
:1008300011F4801F04BF01430020B4F1FD0C88BFF8
:10084000BCF5E06F3FF6AFAEB5EB030C04BFB6EB03
:10085000020C5FEA500C50F1000041EB045170BDF6
:100860000EF0004E4EEA113114EB5C04C2BFD4EB23
:100870000C0541EA045170BD41F480114FF0000EA7
:10088000013C90E645EA060E8DE60CEA135594EA23
:100890000C0F08BF95EA0C0F3FF43BAF94EA0C0F26
:1008A0000AD150EA01347FF434AF95EA0C0F7FF49B
:1008B00025AF104619462CE795EA0C0F06D152EAEF
:1008C00003353FF4FDAE1046194622E750EA4106D3
:1008D00018BF52EA43067FF4C5AE50EA41047FF4E4
:1008E0000DAF52EA43057FF4EBAE12E74FEA410247
:1008F000B2F1E04324BFB3F5001CDCF1FE5C0DD97E
:1009000001F0004C4FEAC0024CEA5070B2F1004FC7
:1009100040EB830008BF20F00100704711F0804FCA
:1009200021D113F13872BCBF01F00040704741F48F
:1009300080114FEA5252C2F11802C2F1200C10FA93
:100940000CF320FA02F018BF40F001004FEAC12377
:100950004FEAD32303FA0CFC40EA0C0023FA02F31B
:100960004FEA4303CCE77FEA625307D150EA0133F1
:100970001EBF4FF0FE4040F44000704701F00040C1
:1009800040F0FE4040F40000704700BF80F000409F
:1009900002E000BF81F0004142001FBF5FEA410357
:1009A00092EA030F7FEA226C7FEA236C6AD04FEA57
:1009B0001262D2EB1363C1BFD2184140484041409C
:1009C000B8BF5B42192B88BF704710F0004F40F44E
:1009D000000020F07F4018BF404211F0004F41F46A
:1009E000000121F07F4118BF494292EA030F3FD036
:1009F000A2F1010241FA03FC10EB0C00C3F1200349
:100A000001FA03F100F0004302D5494260EB4000D7
:100A1000B0F5000F13D3B0F1807F06D340084FEA42
:100A2000310102F10102FE2A51D2B1F1004F40EB37
:100A3000C25008BF20F0010040EA0300704749009F
:100A400040EB0000013A28BFB0F5000FEDD2B0FA3C
:100A500080FCACF1080CB2EB0C0200FA0CF0AABF5F
:100A600000EBC25052421843BCBFD04018437047FD
:100A700092F0000F81F4000106BF80F40000013203
:100A8000013BB5E74FEA41037FEA226C18BF7FEADA
:100A9000236C21D092EA030F04D092F0000F08BF1C
:100AA0000846704790EA010F1CBF0020704712F003
:100AB0007F4F04D1400028BF40F00040704712F142
:100AC00000723CBF00F50000704700F0004343F0A7
:100AD000FE4040F4000070477FEA226216BF0846DD
:100AE0007FEA23630146420206BF5FEA412390EAA0
:100AF000010F40F4800070474FF0000304E000BF96
:100B000010F0004348BF40425FEA000C08BF704746
:100B100043F0964301464FF000001CE050EA01020A
:100B200008BF70474FF000030AE000BF50EA01021F
:100B300008BF704711F0004302D5404261EB41010C
:100B40005FEA010C02BF84460146002043F0B64331
:100B500008BFA3F18053A3F50003BCFA8CF2083A56
:100B6000A3EBC25310DB01FA02FC634400FA02FC5F
:100B7000C2F12002BCF1004F20FA02F243EB020066
:100B800008BF20F00100704702F1200201FA02FCC8
:100B9000C2F1200250EA4C0021FA02F243EB0200BB
:100BA00008BF20EADC7070474FF0FF0C1CEAD052FF
:100BB0001EBF1CEAD15392EA0C0F93EA0C0F6FD0C0
:100BC0001A4480EA010C400218BF5FEA41211ED09E
:100BD0004FF0006343EA501043EA5111A0FB01318A
:100BE0000CF00040B1F5000F3EBF490041EAD3715F
:100BF0005B0040EA010062F17F02FD2A1DD8B3F1DB
:100C0000004F40EBC25008BF20F00100704790F049
:100C1000000F0CF0004C08BF49024CEA502040EA9B
:100C200051207F3AC2BFD2F1FF0340EAC250704761
:100C300040F400004FF00003013A5DDC12F1190F9F
:100C4000DCBF00F000407047C2F10002410021FA11
:100C500002F1C2F1200200FA02FC5FEA310040F129
:100C6000000053EA4C0308BF20EADC70704792F0A2
:100C7000000F00F0004C02BF400010F4000F013ADA
:100C8000F9D040EA0C0093F0000F01F0004C02BFD5
:100C9000490011F4000F013BF9D041EA0C018FE744
:100CA0000CEAD15392EA0C0F18BF93EA0C0F0AD04A
:100CB00030F0004C18BF31F0004CD8D180EA010070
:100CC00000F00040704790F0000F17BF90F0004F09
:100CD000084691F0000F91F0004F14D092EA0C0FEB
:100CE00001D142020FD193EA0C0F03D14B0218BF7E
:100CF000084608D180EA010000F0004040F0FE40C4
:100D000040F40000704740F0FE4040F4400070475F
:100D10004FF0FF0C1CEAD0521EBF1CEAD15392EADE
:100D20000C0F93EA0C0F69D0A2EB030280EA010CCE
:100D300049024FEA402037D04FF0805343EA111167
:100D400043EA10130CF000408B4238BF5B0042F1C5
:100D50007D024FF4000C8B4224BF5B1A40EA0C006A
:100D6000B3EB510F24BFA3EB510340EA5C00B3EB9C
:100D7000910F24BFA3EB910340EA9C00B3EBD10F8A
:100D800024BFA3EBD10340EADC001B0118BF5FEADC
:100D90001C1CE0D1FD2A3FF650AF8B4240EBC25005
:100DA00008BF20F0010070470CF0004C4CEA5020C6
:100DB0007F32C2BFD2F1FF0340EAC250704740F415
:100DC00000004FF00003013A37E792F0000F00F007
:100DD000004C02BF400010F4000F013AF9D040EA85
:100DE0000C0093F0000F01F0004C02BF490011F419
:100DF000000F013BF9D041EA0C0195E70CEAD15311
:100E000092EA0C0F08D142027FF47DAF93EA0C0FF7
:100E10007FF470AF084676E793EA0C0F04D14B02DB
:100E20003FF44CAF08466EE730F0004C18BF31F08D
:100E3000004CCAD130F000427FF45CAF31F0004387
:100E40007FF43CAF5FE700BF4FF0FF3C06E000BF20
:100E50004FF0010C02E000BF4FF0010C4DF804CD43
:100E60004FEA40024FEA41037FEA226C18BF7FEA53
:100E7000236C11D001B052EA530C18BF90EA010F55
:100E800058BFB2EB030088BFC81738BF6FEAE170E4
:100E900018BF40F0010070477FEA226C02D15FEA80
:100EA000402C05D17FEA236CE4D15FEA412CE1D0EC
:100EB0005DF8040B704700BF844608466146FFE7B3
:100EC0000FB5FFF7C9FF002848BF10F1000F0FBD95
:100ED0004DF808EDFFF7F4FF0CBF012000205DF88E
:100EE00008FB00BF4DF808EDFFF7EAFF34BF012013
:100EF00000205DF808FB00BF4DF808EDFFF7E0FFAC
:100F000094BF012000205DF808FB00BF4DF808EDFC
:100F1000FFF7D2FF94BF012000205DF808FB00BF5F
:100F20004DF808EDFFF7C8FF34BF012000205DF841
:100F300008FB00BF42000ED2B2F1FE4F0BD34FF0C0
:100F40009E03B3EB126209D44FEA002343F000433F
:100F500023FA02F070474FF00000704712F1610F62
:100F600001D1420202D14FF0FF3070474FF0000034
:100F7000704700BF034613F8012B002AFBD1181A53
:100F80000138704780B400AF00BFBD4680BC7047D9
:100F900080B584B000AF78607B68002B01D101235D
:100FA0002BE17B6893F83D30DBB2002B06D17B68E8
:100FB000002283F83C20786805F058FE7B682422E4
:100FC00083F83D207B681B681A687B681B6822F0E9
:100FD00001021A607B681B681A687B681B6842F410
:100FE00000421A607B681B681A687B681B6822F4E1
:100FF00000421A6001F082FCF8607B685B68814AFD
:10100000934207D8FB68804A934294BF0123002390
:10101000DBB206E0FB687D4A934294BF01230023C4
:10102000DBB2002B01D00123E7E0FB68784AA2FB8A
:1010300003239B0CBB607B681B685B6823F03F014C
:101040007B681B68BA680A435A607B681B681B6A26
:1010500023F03F017B685B686A4A934202D8BB6811
:10106000013309E0BB684FF4967202FB03F3694A4F
:10107000A2FB03239B0901337A6812680B431362B6
:101080007B681B68DB6923F44F4222F0FF027B6818
:101090005B685C498B4219D8FB68591E7B685B68AA
:1010A0005B00B1FBF3F3591C40F6FC730B40002BC3
:1010B0000AD0FB68591E7B685B685B00B1FBF3F3E9
:1010C0000133C3F30B0351E004234FE07B689B68BB
:1010D000002B11D1FB68581E7B6859680B465B00DA
:1010E0000B44B0FBF3F30133C3F30B03002B0CBF32
:1010F00001230023DBB212E0FB68581E7B685968AD
:101100000B469B000B4499000B44B0FBF3F30133F7
:10111000C3F30B03002B0CBF01230023DBB2002B16
:1011200001D0012322E07B689B68002B0ED1FB6875
:10113000581E7B6859680B465B000B44B0FBF3F309
:101140000133C3F30B0343F400430FE0FB68581E65
:101150007B6859680B469B000B4499000B44B0FB1D
:10116000F3F30133C3F30B0343F440437968096895
:101170001343CB617B681B681B6823F0C0017B684D
:10118000DA697B681B6A1A437B681B680A431A602A
:101190007B681B689B6823F4034323F0FF037A6892
:1011A00011697A68D26811437A6812680B439360B8
:1011B0007B681B68DB6823F0FF017B685A697B68EA
:1011C0009B691A437B681B680A43DA607B681B686B
:1011D0001A687B681B6842F001021A607B68002273
:1011E0001A647B68202283F83D207B6800221A6302
:1011F0007B68002283F83E20002318461037BD4646
:1012000080BD00BFA08601007F841E00FF083D0056
:1012100083DE1B43D34D621080B588B002AFF86007
:10122000084611461A4603467B810B463B8113460E
:10123000FB8000F06BFF7861FB6893F83D30DBB218
:10124000202B40F0D9807B690093192301226D493E
:10125000F86800F0CDFC0346002B01D00223CCE05F
:10126000FB6893F83C30012B01D10223C5E0FB68F9
:10127000012283F83C20FB681B681B6803F0010314
:10128000012B07D0FB681B681A68FB681B6842F0DB
:1012900001021A60FB681B681A68FB681B6822F46D
:1012A00000621A60FB68212283F83D20FB6840221F
:1012B00083F83E20FB6800221A64FB683A6A5A628F
:1012C000FB68BA8C5A85FB685B8D9AB2FB681A85FD
:1012D000FB684D4ADA62F8883A8979897B6901931B
:1012E000BB6A00930346F86800F004FB0346002B3A
:1012F00052D0012381E07A69B96AF86800F092FD62
:101300000346002B0DD0FB681B6C042B07D1FB6838
:101310001B681A68FB681B6842F400721A6001239C
:101320006BE0FB685B6A1A78FB681B681A61FB68F4
:101330005B6A5A1CFB685A62FB681B8D013B9AB2C0
:10134000FB681A85FB685B8D9BB2013B9AB2FB6818
:101350005A85FB681B685B6903F00403042B1BD1EF
:10136000FB681B8D002B17D0FB685B6A1A78FB6843
:101370001B681A61FB685B6A5A1CFB685A62FB684F
:101380001B8D013B9AB2FB681A85FB685B8D9BB293
:10139000013B9AB2FB685A85FB681B8D002BAAD1D2
:1013A0007A69B96AF86800F085FD0346002B0DD014
:1013B000FB681B6C042B07D1FB681B681A68FB6871
:1013C0001B6842F400721A60012316E0FB681B6878
:1013D0001A68FB681B6842F400721A60FB682022DE
:1013E00083F83D20FB68002283F83E20FB68002242
:1013F00083F83C20002300E0022318461837BD463E
:1014000080BD00BF020010000000FFFF80B58CB05F
:1014100002AFF860084611461A4603467B810B4628
:101420003B811346FB8000233B6200F06FFE786235
:10143000FB6893F83D30DBB2202B40F050827B6A92
:101440000093192301228249F86800F0D1FB03467A
:10145000002B01D0022343E2FB6893F83C30012BC0
:1014600001D102233CE2FB68012283F83C20FB68A7
:101470001B681B6803F00103012B07D0FB681B6886
:101480001A68FB681B6842F001021A60FB681B685F
:101490001A68FB681B6822F400621A60FB6822224B
:1014A00083F83D20FB68402283F83E20FB68002241
:1014B0001A64FB683A6B5A62FB68BA8E5A85FB68FD
:1014C0005B8D9AB2FB681A85FB68624ADA62F8881B
:1014D0003A8979897B6A0193BB6B00930346F8686C
:1014E00000F09EFA0346002B01D00123F8E1FB68CF
:1014F0001B8D002B13D10023FB61FB681B685B690C
:10150000FB61FB681B689B69FB61FB69FB681B68EF
:101510001A68FB681B6842F400721A60CCE1FB6831
:101520001B8D012B1ED1FB681B681A68FB681B68AA
:1015300022F480621A6072B600BF0023BB61FB68B0
:101540001B685B69BB61FB681B689B69BB61BB690E
:10155000FB681B681A68FB681B6842F400721A601B
:1015600062B635E0FB681B8D022B1ED1FB681B6841
:101570001A68FB681B6842F400621A6072B600BF0A
:1015800000237B61FB681B685B697B61FB681B68F0
:101590009B697B617B69FB681B681A68FB681B6839
:1015A00022F480621A6062B612E0FB681B681A6857
:1015B000FB681B6842F480621A6000233B61FB6891
:1015C0001B685B693B61FB681B689B693B613B690E
:1015D00072E1FB681B8D032B00F21F81FB681B8DE2
:1015E000012B23D17A6AB96BF86800F0ABFC034693
:1015F000002B01D0012373E1FB681B681A69FB68AB
:101600005B6AD2B21A70FB685B6A5A1CFB685A624A
:10161000FB681B8D013B9AB2FB681A85FB685B8DEA
:101620009BB2013B9AB2FB685A8545E1FB681B8D72
:10163000022B52D17B6A0093BB6B00220649F868EB
:1016400000F0D6FA0346002B08D0012348E100BF82
:10165000020010000000FFFF0400010072B600BF8E
:10166000FB681B681A68FB681B6842F400721A600A
:10167000FB681B681A69FB685B6AD2B21A70FB6868
:101680005B6A5A1CFB685A62FB681B8D013B9AB26D
:10169000FB681A85FB685B8D9BB2013B9AB2FB68C5
:1016A0005A8562B600BFFB681B681A69FB685B6AF3
:1016B000D2B21A70FB685B6A5A1CFB685A62FB68FC
:1016C0001B8D013B9AB2FB681A85FB685B8D9BB250
:1016D000013B9AB2FB685A85EEE07B6A0093BB6BD4
:1016E00000228149F86800F083FA0346002B01D0FC
:1016F0000123F5E0FB681B681A68FB681B6822F48D
:1017000080621A6072B600BFFB681B681A69FB68CA
:101710005B6AD2B21A70FB685B6A5A1CFB685A6239
:10172000FB681B8D013B9AB2FB681A85FB685B8DD9
:101730009BB2013B9AB2FB685A856C4B1B68DB0875
:101740006B4AA2FB03231A0A13469B001344DA00D8
:10175000D31A3B623B6A013B3B623B6A002B18D1C8
:10176000FB6800221A63FB68202283F83D20FB6897
:10177000002283F83E20FB681B6C43F02002FB68CC
:101780001A6462B600BFFB68002283F83C20012384
:10179000A6E0FB681B685B6903F00403042BD9D146
:1017A000FB681B681A68FB681B6842F400721A60C9
:1017B000FB681B681A69FB685B6AD2B21A70FB6827
:1017C0005B6A5A1CFB685A62FB681B8D013B9AB22C
:1017D000FB681A85FB685B8D9BB2013B9AB2FB6884
:1017E0005A8562B600BFFB681B681A69FB685B6AB2
:1017F000D2B21A70FB685B6A5A1CFB685A62FB68BB
:101800001B8D013B9AB2FB681A85FB685B8D9BB20E
:10181000013B9AB2FB685A854EE07A6AB96BF86868
:1018200000F090FB0346002B01D0012358E0FB6839
:101830001B681A69FB685B6AD2B21A70FB685B6A44
:101840005A1CFB685A62FB681B8D013B9AB2FB680D
:101850001A85FB685B8D9BB2013B9AB2FB685A8587
:10186000FB681B685B6903F00403042B24D1FB684D
:101870001B8D032B07D1FB681B681A68FB681B686C
:1018800022F480621A60FB681B681A69FB685B6A55
:10189000D2B21A70FB685B6A5A1CFB685A62FB681A
:1018A0001B8D013B9AB2FB681A85FB685B8D9BB26E
:1018B000013B9AB2FB685A85FB681B8D002B7FF4B5
:1018C00088AEFB68202283F83D20FB68002283F865
:1018D0003E20FB68002283F83C20002300E0022326
:1018E00018462837BD4680BD0400010000000020D6
:1018F00089B5F81480B588B002AFF8600846114683
:101900001A4603467B810B463B811346FB80FB68EE
:101910001B681A68FB681B6842F480721A607B6A55
:1019200000933B6A00224FF00111F86800F060F963
:101930000346002B0DD0FB681B681B6803F4807303
:10194000B3F5807F03D1FB684FF400721A64032360
:101950005FE07B89DBB21A46FB681B6802F0FE027F
:101960001A617B6A3A6A2D49F86800F0BBF90346B0
:10197000002B01D001234CE000237B61FB681B6836
:101980005B697B61FB681B689B697B617B697A6A29
:10199000396AF86800F046FA0346002B0DD0FB6860
:1019A0001B6C042B07D1FB681B681A68FB681B685B
:1019B00042F400721A6001232BE0FB88012B05D151
:1019C0003B89DAB2FB681B681A6121E03B891B0A7C
:1019D0009BB2DAB2FB681B681A617A6A396AF868E6
:1019E00000F020FA0346002B0DD0FB681B6C042B83
:1019F00007D1FB681B681A68FB681B6842F4007219
:101A00001A60012305E03B89DAB2FB681B681A61A2
:101A1000002318461837BD4680BD00BF02000100F4
:101A200080B588B002AFF860084611461A460346F2
:101A30007B810B463B811346FB80FB681B681A6861
:101A4000FB681B6842F480621A60FB681B681A68B6
:101A5000FB681B6842F480721A607B6A00933B6AE1
:101A600000224FF00111F86800F0C2F80346002B85
:101A70000DD0FB681B681B6803F48073B3F5807F8F
:101A800003D1FB684FF400721A640323AAE07B8938
:101A9000DBB21A46FB681B6802F0FE021A617B6A21
:101AA0003A6A5249F86800F01DF90346002B01D04C
:101AB000012397E000237B61FB681B685B697B6106
:101AC000FB681B689B697B617B697A6A396AF86885
:101AD00000F0A8F90346002B0DD0FB681B6C042B0B
:101AE00007D1FB681B681A68FB681B6842F4007228
:101AF0001A60012376E0FB88012B05D13B89DAB21D
:101B0000FB681B681A6121E03B891B0A9BB2DAB2B1
:101B1000FB681B681A617A6A396AF86800F082F912
:101B20000346002B0DD0FB681B6C042B07D1FB6810
:101B30001B681A68FB681B6842F400721A60012374
:101B400050E03B89DAB2FB681B681A617A6A396A2D
:101B5000F86800F067F90346002B0DD0FB681B6C9A
:101B6000042B07D1FB681B681A68FB681B6842F4EA
:101B700000721A60012335E0FB681B681A68FB6875
:101B80001B6842F480721A607B6A00933B6A0022F1
:101B90004FF00111F86800F02BF80346002B0DD030
:101BA000FB681B681B6803F48073B3F5807F03D167
:101BB000FB684FF400721A64032313E07B89DBB2E5
:101BC00043F00103DAB2FB681B681A617B6A3A6A68
:101BD0000649F86800F086F80346002B01D001237F
:101BE00000E0002318461837BD4680BD0200010002
:101BF00080B584B000AFF860B9603B601346FB71FC
:101C000048E03B68B3F1FF3F44D000F07FFA024662
:101C1000BB69D31A3A689A4202D33B68002B39D188
:101C2000BB681B0CDBB2012B0DD1FB681B685B6929
:101C3000DA43BB6813409BB2002B0CBF0123002387
:101C4000DBB21A460CE0FB681B689B69DA43BB6891
:101C500013409BB2002B0CBF01230023DBB21A46BA
:101C6000FB799A4216D1FB6800221A63FB68202296
:101C700083F83D20FB68002283F83E20FB681B6C44
:101C800043F02002FB681A64FB68002283F83C20C2
:101C9000012323E0BB681B0CDBB2012B0DD1FB68D9
:101CA0001B685B69DA43BB6813409BB2002B0CBF17
:101CB00001230023DBB21A460CE0FB681B689B691A
:101CC000DA43BB6813409BB2002B0CBF01230023F7
:101CD000DBB21A46FB799A4293D00023184610379C
:101CE000BD4680BD80B584B000AFF860B9607A6051
:101CF0003B6071E0FB681B685B6903F48063B3F5CC
:101D0000806F23D1FB681B681A68FB681B6842F46C
:101D100000721A60FB681B686FF480625A61FB688E
:101D200000221A63FB68202283F83D20FB68002212
:101D300083F83E20FB681B6C43F00402FB681A64C6
:101D4000FB68002283F83C20012367E07B68B3F145
:101D5000FF3F41D000F0DAF902463B68D31A7A68B7
:101D60009A4202D37B68002B36D1BB681B0CDBB2D6
:101D7000012B0CD1FB681B685B69DA43BB6813401D
:101D80009BB2002B14BF01230023DBB20BE0FB68E6
:101D90001B689B69DA43BB6813409BB2002B14BFDE
:101DA00001230023DBB2002B16D0FB6800221A634C
:101DB000FB68202283F83D20FB68002283F83E2048
:101DC000FB681B6C43F02002FB681A64FB6800226E
:101DD00083F83C20012321E0BB681B0CDBB2012B04
:101DE0000CD1FB681B685B69DA43BB6813409BB28C
:101DF000002B14BF01230023DBB20BE0FB681B6840
:101E00009B69DA43BB6813409BB2002B14BF0123CC
:101E10000023DBB2002B7FF46DAF00231846103790
:101E2000BD4680BD80B584B000AFF860B9607A600F
:101E300034E0F86800F0E3F80346002B01D00123FA
:101E400034E0BB68B3F1FF3F28D000F05FF90246F1
:101E50007B68D31ABA689A4202D3BB68002B1DD1A3
:101E6000FB681B685B6903F08003802B16D0FB685E
:101E700000221A63FB68202283F83D20FB680022C1
:101E800083F83E20FB681B6C43F02002FB681A6459
:101E9000FB68002283F83C20012307E0FB681B68F5
:101EA0005B6903F08003802BC3D1002318461037F1
:101EB000BD4680BD80B584B000AFF860B9607A607F
:101EC00034E0F86800F09BF80346002B01D00123B2
:101ED00034E0BB68B3F1FF3F28D000F017F90246A9
:101EE0007B68D31ABA689A4202D3BB68002B1DD113
:101EF000FB681B685B6903F00403042B16D0FB68C6
:101F000000221A63FB68202283F83D20FB68002230
:101F100083F83E20FB681B6C43F02002FB681A64C8
:101F2000FB68002283F83C20012307E0FB681B6864
:101F30005B6903F00403042BC3D100231846103758
:101F4000BD4680BD80B584B000AFF860B9607A60EE
:101F500049E0FB681B685B6903F01003102B19D183
:101F6000FB681B686FF010025A61FB6800221A635D
:101F7000FB68202283F83D20FB68002283F83E2086
:101F8000FB681A6CFB681A64FB68002283F83C202B
:101F9000012330E000F0BAF802467B68D31ABA6831
:101FA0009A4202D3BB68002B1DD1FB681B685B699A
:101FB00003F04003402B16D0FB6800221A63FB6835
:101FC000202283F83D20FB68002283F83E20FB6836
:101FD0001B6C43F02002FB681A64FB68002283F844
:101FE0003C20012307E0FB681B685B6903F04003AA
:101FF000402BAED1002318461037BD4680BD80B4BB
:1020000083B000AF78607B681B685B6903F4806312
:10201000B3F5806F1BD17B681B686FF480625A61D7
:102020007B6800221A637B68202283F83D207B684E
:10203000002283F83E207B681B6C43F004027B681F
:102040001A647B68002283F83C20012300E000230F
:1020500018460C37BD4680BC7047000080B500AF05
:10206000084B1B68074A43F010031360032001F07C
:1020700003FB0F2000F008F805F08AF8002318464B
:1020800080BD00BF0020024080B582B000AF786004
:10209000124B1A68124B1B7819464FF47A73B3FB34
:1020A000F1F3B2FBF3F3184601F029FB0346002BD2
:1020B00001D001230EE07B680F2B0AD8002279683B
:1020C0004FF0FF3001F0E3FA064A7B68136000230B
:1020D00000E0012318460837BD4680BD00000020FF
:1020E000080000200400002080B400AF054B1B78DE
:1020F0001A46054B1B681344034A136000BFBD46D4
:1021000080BC704708000020A000002080B400AF11
:10211000024B1B681846BD4680BC7047A0000020DB
:1021200080B584B000AF7860FFF7F0FFB8607B68DF
:10213000FB60FB68B3F1FF3F05D00A4B1B781A46E2
:10214000FB681344FB6000BFFFF7E0FF0246BB687B
:10215000D31AFA689A42F7D800BF00BF1037BD46BD
:1021600080BD00BF0800002080B586B000AF786059
:102170007B68002B01D1012372E27B681B6803F0AE
:102180000103002B00F08780924B5B6803F00C0387
:10219000042B0CD08F4B5B6803F00C03082B12D17F
:1021A0008C4B5B6803F48033B3F5803F0BD1894BD4
:1021B0001B6803F40033002B6CD07B685B68002B3A
:1021C00068D101234CE27B685B68B3F5803F06D1A0
:1021D000804B1B687F4A43F4803313602EE07B689A
:1021E0005B68002B0CD17B4B1B687A4A23F480334D
:1021F0001360784B1B68774A23F4802313601DE03B
:102200007B685B68B3F5A02F0CD1724B1B68714AD9
:1022100043F4802313606F4B1B686E4A43F4803392
:1022200013600BE06B4B1B686A4A23F48033136026
:10223000684B1B68674A23F4802313607B685B68E4
:10224000002B13D0FFF762FF386108E0FFF75EFF55
:1022500002463B69D31A642B01D9032300E25D4B8C
:102260001B6803F40033002BF0D014E0FFF74EFF9F
:10227000386108E0FFF74AFF02463B69D31A642B36
:1022800001D90323ECE1534B1B6803F40033002B0B
:10229000F0D100E000BF7B681B6803F00203002B55
:1022A00063D04C4B5B6803F00C03002B0BD0494B05
:1022B0005B6803F00C03082B1CD1464B5B6803F4EE
:1022C0008033002B16D1434B1B6803F00203002B15
:1022D00005D07B681B69012B01D00123C0E13D4B78
:1022E0001B6823F0F8027B685B69DB003949134304
:1022F0000B603AE07B681B69002B20D0364B012233
:102300001A60FFF703FF386108E0FFF7FFFE02469F
:102310003B69D31A022B01D90323A1E12D4B1B6882
:1023200003F00203002BF0D02A4B1B6823F0F802C5
:102330007B685B69DB00274913430B6015E0264B84
:1023400000221A60FFF7E2FE386108E0FFF7DEFEC8
:1023500002463B69D31A022B01D9032380E11D4BAE
:102360001B6803F00203002BF0D17B681B6803F0AD
:102370000803002B3AD07B689B69002B19D0174BC0
:1023800001221A60FFF7C2FE386108E0FFF7BEFEC7
:1023900002463B69D31A022B01D9032360E10D4B9E
:1023A0005B6A03F00203002BF0D0012000F0CEFAAC
:1023B0001CE00A4B00221A60FFF7A8FE38610FE00C
:1023C000FFF7A4FE02463B69D31A022B08D9032368
:1023D00046E100BF00100240000042428004424239
:1023E000924B5B6A03F00203002BE9D17B681B6808
:1023F00003F00403002B00F0A6800023FB758B4B39
:10240000DB6903F08053002B0DD1884BDB69874AD1
:1024100043F08053D361854BDB6903F08053BB608D
:10242000BB680123FB75824B1B6803F48073002B90
:1024300018D17F4B1B687E4A43F480731360FFF70B
:1024400065FE386108E0FFF761FE02463B69D31A7A
:10245000642B01D9032303E1754B1B6803F48073DC
:10246000002BF0D07B68DB68012B06D16F4B1B6A19
:102470006E4A43F0010313622DE07B68DB68002B9A
:102480000CD16A4B1B6A694A23F001031362674B44
:102490001B6A664A23F0040313621CE07B68DB6856
:1024A000052B0CD1614B1B6A604A43F00403136295
:1024B0005E4B1B6A5D4A43F0010313620BE05B4B0A
:1024C0001B6A5A4A23F001031362584B1B6A574A8E
:1024D00023F0040313627B68DB68002B15D0FFF741
:1024E00015FE38610AE0FFF711FE02463B69D31A78
:1024F00041F28832934201D90323B1E04B4B1B6A6E
:1025000003F00203002BEED014E0FFF7FFFD38616B
:102510000AE0FFF7FBFD02463B69D31A41F288321D
:10252000934201D903239BE0404B1B6A03F0020353
:10253000002BEED1FB7D012B05D13C4BDB693B4AE7
:1025400023F08053D3617B68DB69002B00F0878028
:10255000364B5B6803F00C03082B61D07B68DB69AA
:10256000022B46D1334B00221A60FFF7CFFD3861B2
:1025700008E0FFF7CBFD02463B69D31A022B01D9D5
:1025800003236DE0294B1B6803F00073002BF0D18F
:102590007B681B6AB3F5803F08D1244B5B6823F44A
:1025A00000327B689B68214913434B601F4B5B687B
:1025B00023F474127B68196A7B685B6A0B431B49BE
:1025C00013434B601B4B01221A60FFF79FFD3861DC
:1025D00008E0FFF79BFD02463B69D31A022B01D9A5
:1025E00003233DE0114B1B6803F00073002BF0D078
:1025F00035E0104B00221A60FFF788FD386108E0D3
:10260000FFF784FD02463B69D31A022B01D903234D
:1026100026E0064B1B6803F00073002BF0D11EE090
:102620007B68DB69012B07D1012319E00010024010
:1026300000700040600042420B4B5B68FB60FB682F
:1026400003F480327B681B6A9A4206D1FB6803F46C
:1026500070127B685B6A9A4201D0012300E000237C
:1026600018461837BD4680BD0010024080B584B0C2
:1026700000AF786039607B68002B01D10123D0E086
:102680006A4B1B6803F007033A689A4210D9674BFC
:102690001B6823F0070265493B6813430B60634BDB
:1026A0001B6803F007033A689A4201D00123B8E09F
:1026B0007B681B6803F00203002B20D07B681B683B
:1026C00003F00403002B05D0594B5B68584A43F4D0
:1026D000E06353607B681B6803F00803002B05D0A0
:1026E000534B5B68524A43F460535360504B5B68F2
:1026F00023F0F0027B689B684D4913434B607B6875
:102700001B6803F00103002B40D07B685B68012B42
:1027100007D1474B1B6803F40033002B15D101236D
:102720007FE07B685B68022B07D1414B1B6803F09D
:102730000073002B09D1012373E03D4B1B6803F0AC
:102740000203002B01D101236BE0394B5B6823F0BE
:1027500003027B685B68364913434B60FFF7D6FC86
:10276000F8600AE0FFF7D2FC0246FB68D31A41F298
:102770008832934201D9032353E02D4B5B6803F069
:102780000C027B685B689B009A42EBD1274B1B686D
:1027900003F007033A689A4210D2244B1B6823F0D7
:1027A000070222493B6813430B60204B1B6803F070
:1027B00007033A689A4201D0012332E07B681B6824
:1027C00003F00403002B08D0194B5B6823F4E0628C
:1027D0007B68DB68164913434B607B681B6803F01A
:1027E0000803002B09D0124B5B6823F460527B680E
:1027F0001B69DB000E4913434B6000F021F80246D1
:102800000B4B5B681B0903F00F030A49CB5C22FAF0
:1028100003F3094A1360094B1B681846FFF734FCA1
:10282000002318461037BD4680BD00BF002002407F
:102830000010024034A9000800000020040000201D
:1028400080B487B000AF0023FB600023BB6000238F
:102850007B6100237B6000233B611E4B5B68FB6058
:10286000FB6803F00C03042B02D0082B03D027E0F5
:10287000194B3B6127E0FB689B0C03F00F03174AE1
:10288000D35C7B60FB6803F48033002B10D0114BCA
:102890005B685B0C03F00103114AD35CBB607B688F
:1028A0000D4A03FB02F2BB68B2FBF3F37B6104E069
:1028B0007B680C4A02FB03F37B617B693B6102E0AE
:1028C000054B3B6100BF3B6918461C37BD4680BCC9
:1028D000704700BF0010024000127A004CA90008A7
:1028E0005CA9000800093D0080B400AF024B1B68E2
:1028F0001846BD4680BC70470000002080B500AF80
:10290000FFF7F2FF0246054B5B681B0A03F0070363
:102910000349CB5C22FA03F3184680BD0010024045
:1029200044A9000880B500AFFFF7DEFF0246054B63
:102930005B68DB0A03F007030349CB5C22FA03F36D
:10294000184680BD0010024044A9000880B485B03C
:1029500000AF78600A4B1B680A4AA2FB03235B0A9C
:102960007A6802FB03F3FB6000BFFB685A1EFA6043
:10297000002BF9D100BF00BF1437BD4680BC7047A3
:1029800000000020D34D621080B48BB000AF78609F
:10299000396000237B6200233B6269E101227B6A8C
:1029A00002FA03F3FB613B681B68FA691340BB61E1
:1029B000BA69FB699A4240F058813B685B689A4A61
:1029C00093425ED0984A934275D8984A934258D021
:1029D000964A93426FD8964A934252D0944A934271
:1029E00069D8944A93424CD0924A934263D8924A0F
:1029F000934246D0904A93425DD8122B2AD8122B8C
:102A000059D801A252F823F0832A00085D2A000851
:102A10006F2A0008B12A0008B72A0008B72A000860
:102A2000B72A0008B72A0008B72A0008B72A000802
:102A3000B72A0008B72A0008B72A0008B72A0008F2
:102A4000B72A0008B72A0008B72A0008652A000834
:102A5000792A0008794A934213D02CE03B68DB685E
:102A60003B6229E03B68DB6804333B6224E03B685F
:102A7000DB6808333B621FE03B68DB680C333B627A
:102A80001AE03B689B68002B02D104233B6213E0F1
:102A90003B689B68012B05D108233B627B68FA6980
:102AA0001A6109E008233B627B68FA695A6103E016
:102AB00000233B6200E000BFBB69FF2B01D87B68AD
:102AC00001E07B6804337B61BB69FF2B02D87B6A22
:102AD0009B0002E07B6A083B9B003B617B691A68B4
:102AE0000F213B6901FA03F3DB431A40396A3B6962
:102AF00001FA03F31A437B691A603B685B6803F0D1
:102B00008053002B00F0B1804D4B9B694C4A43F041
:102B1000010393614A4B9B6903F00103BB60BB68EF
:102B2000484A7B6A9B08023352F82330FB607B6A79
:102B300003F003039B000F2202FA03F3DB43FA685E
:102B40001340FB607B68404A934213D07B683F4A46
:102B500093420DD07B683E4A934207D07B683D4A42
:102B6000934201D1032306E0042304E0022302E0A0
:102B7000012300E000237A6A02F0030292009340EE
:102B8000FA681343FB602F497B6A9B080233FA689B
:102B900041F823203B685B6803F48013002B06D0C8
:102BA0002D4B9A682C49BB6913438B6006E02A4B76
:102BB0009A68BB69DB43284913408B603B685B68BC
:102BC00003F40013002B06D0234BDA682249BB69BB
:102BD0001343CB6006E0204BDA68BB69DB431E4938
:102BE0001340CB603B685B6803F40033002B06D0D6
:102BF000194B5A681849BB6913434B6006E0164BE2
:102C00005A68BB69DB43144913404B603B685B68FF
:102C100003F48033002B21D00F4B1A680E49BB6997
:102C200013430B6021E000BF0000321000003110A0
:102C300000002210000021100000121000001110EE
:102C4000001002400000014000080140000C01405B
:102C50000010014000140140000401400B4B1A68B1
:102C6000BB69DB43094913400B607B6A01337B621C
:102C70003B681A687B6A22FA03F3002B7FF48EAE5E
:102C800000BF00BF2C37BD4680BC70470004014028
:102C900080B489B000AF786039600023FB619AE0AE
:102CA0000122FB6902FA03F33A681340BB61BB6976
:102CB000002B00F08D804E4AFB699B08023352F8CE
:102CC00023307B61FB6903F003039B000F2202FAB0
:102CD00003F37A6913407B617B68464A934213D0C1
:102CE0007B68454A93420DD07B68444A934207D0A3
:102CF0007B68434A934201D1032306E0042304E0A6
:102D0000022302E0012300E00023FA6902F003023B
:102D1000920093407A699A4232D13A4B1A68BB6961
:102D2000DB43384913400B60364B5A68BB69DB43C1
:102D3000344913404B60334BDA68BB69DB4331499C
:102D40001340CB602F4B9A68BB69DB432D4913407E
:102D50008B60FB6903F003039B000F2202FA03F36D
:102D60007B61234AFB699B08023352F823107B697D
:102D7000DA431F48FB699B080A40023340F82320CE
:102D8000BB69FF2B01D87B6801E07B6804333B61A2
:102D9000BB69FF2B02D8FB699B0002E0FB69083B83
:102DA0009B00FB603B691A680F21FB6801FA03F383
:102DB000DB431A400421FB6801FA03F31A433B6921
:102DC0001A607B68DA68BB69DB431A407B68DA60AB
:102DD000FB690133FB613A68FB6922FA03F3002BBC
:102DE0007FF45EAF00BF00BF2437BD4680BC704794
:102DF0000000014000080140000C014000100140AB
:102E0000001401400004014080B483B000AF78603A
:102E10000B467B8013467B707B78002B03D07A882F
:102E20007B681A6103E07B881A047B681A6100BF23
:102E30000C37BD4680BC704780B485B000AF786069
:102E40000B467B807B68DB68FB607A88FB681340FD
:102E50001A04FB68D9437B880B401A437B681A61CC
:102E600000BF1437BD4680BC7047000080B582B0FB
:102E700000AF0346FB80084B5A69FB881340002BC8
:102E800006D0054AFB885361FB88184604F035F9E3
:102E900000BF0837BD4680BD0004014080B485B046
:102EA00000AF78600023FB607B68002B01D1012319
:102EB00043E07B681B681A46224B1344224AA2FB5C
:102EC00003231B099A007B681A647B681F4ADA6334
:102ED0007B68022283F821207B681B681B68FB60EB
:102EE000FB6823F47F5323F03003FB607B685A6850
:102EF0007B689B681A437B68DB681A437B681B69A5
:102F00001A437B685B691A437B689B691A437B6839
:102F1000DB691343FA681343FB607B681B68FA683C
:102F20001A607B6800229A637B68012283F8212063
:102F30007B68002283F82020002318461437BD4602
:102F400080BC7047F8FFFDBFCDCCCCCC0000024068
:102F500080B483B000AF78607B68002B01D101237F
:102F600046E07B681B681A687B681B6822F00102D8
:102F70001A607B681B6800221A607B681B6800224D
:102F80005A607B681B6800229A607B681B6800227D
:102F9000DA607B681B681A46184B1344184AA2FB78
:102FA00003231B099A007B681A647B68154ADA635D
:102FB0007B681A6C7B68DB6B012101FA02F25A60B4
:102FC0007B6800229A627B680022DA627B680022BA
:102FD0001A637B6800225A637B6800229A637B68CD
:102FE000002283F821207B68002283F82020002320
:102FF00018460C37BD4680BC704700BFF8FFFDBFC8
:10300000CDCCCCCC0000024080B586B000AFF860DB
:10301000B9607A603B600023FB75FB6893F8203051
:10302000012B01D102234BE0FB68012283F8202011
:10303000FB6893F82130DBB2012B3AD1FB68022206
:1030400083F82120FB6800229A63FB681B681A68DA
:10305000FB681B6822F001021A603B687A68B96855
:10306000F86800F0EBF9FB68DB6A002B08D0FB681E
:103070001B681A68FB681B6842F00E021A600FE0BA
:10308000FB681B681A68FB681B6822F004021A6060
:10309000FB681B681A68FB681B6842F00A021A602A
:1030A000FB681B681A68FB681B6842F001021A6023
:1030B00005E0FB68002283F820200223FB75FB7DDE
:1030C00018461837BD4680BD80B485B000AF786023
:1030D0000023FB737B6893F82130DBB2022B08D00E
:1030E0007B6804229A637B68002283F820200123F6
:1030F00020E07B681B681A687B681B6822F00E0260
:103100001A607B681B681A687B681B6822F00102E2
:103110001A607B681A6C7B68DB6B012101FA02F292
:103120005A607B68012283F821207B68002283F8A3
:103130002020FB7B18461437BD4680BC704700003A
:1031400080B584B000AF78600023FB737B6893F890
:103150002130DBB2022B05D07B6804229A63012365
:10316000FB7351E07B681B681A687B681B6822F060
:103170000E021A607B681B681A687B681B6822F065
:1031800001021A607B681B68224A934229D07B683F
:103190001B68214A934222D07B681B681F4A9342D6
:1031A0001AD07B681B681E4A934212D07B681B684A
:1031B0001C4A93420AD07B681B681B4A934202D187
:1031C0004FF480130EE04FF080730BE04FF4803328
:1031D00008E04FF4805305E04FF4807302E01023C1
:1031E00000E00123114A53607B68012283F821200B
:1031F0007B68002283F820207B685B6B002B03D068
:103200007B685B6B78689847FB7B18461037BD4638
:1032100080BD00BF080002401C0002403000024098
:1032200044000240580002406C000240000002408E
:1032300080B584B000AF78607B68DB6B1B68FB6097
:103240007B681B681B68BB607B681B6C04229A4010
:10325000FB681340002B4FD0BB6803F00403002B26
:103260004AD07B681B681B6803F02003002B07D142
:103270007B681B681A687B681B6822F004021A606E
:103280007B681B68664A934229D07B681B68654A45
:10329000934222D07B681B68634A93421AD07B68B2
:1032A0001B68624A934212D07B681B68604A934253
:1032B0000AD07B681B685F4A934202D14FF48003B7
:1032C0000EE04FF080630BE04FF4802308E04FF4F2
:1032D000804305E04FF4806302E0402300E00423D4
:1032E000554A53607B68DB6A002B00F094807B6852
:1032F000DB6A786898478EE07B681B6C02229A40F4
:10330000FB681340002B56D0BB6803F00203002B70
:1033100051D07B681B681B6803F02003002B0BD186
:103320007B681B681A687B681B6822F00A021A60B7
:103330007B68012283F821207B681B68384A93420E
:1033400029D07B681B68374A934222D07B681B6870
:10335000354A93421AD07B681B68344A934212D094
:103360007B681B68324A93420AD07B681B68314AEB
:10337000934202D14FF400130EE04FF000730BE0C4
:103380004FF4003308E04FF4005305E04FF40073AE
:1033900002E0202300E00223274A53607B680022DA
:1033A00083F820207B689B6A002B34D07B689B6A63
:1033B000786898472FE07B681B6C08229A40FB686E
:1033C0001340002B28D0BB6803F00803002B23D048
:1033D0007B681B681A687B681B6822F00E021A6003
:1033E0007B681A6C7B68DB6B012101FA02F25A6080
:1033F0007B6801229A637B68012283F821207B6825
:10340000002283F820207B681B6B002B04D07B6894
:103410001B6B7868984700BF00BF1037BD4680BD62
:10342000080002401C0002403000024044000240FC
:10343000580002406C0002400000024080B485B099
:1034400000AFF860B9607A603B60FB681A6CFB689B
:10345000DB6B012101FA02F25A60FB681B683A68D3
:103460005A60FB685B68102B08D1FB681B687A68A0
:103470009A60FB681B68BA68DA6007E0FB681B6843
:10348000BA689A60FB681B687A68DA6000BF143714
:10349000BD4680BC7047000080B485B000AF786046
:1034A0007B6803F00703FB600C4BDB68BB60BA680A
:1034B0004FF6FF031340BB60FB681A02BB6813435F
:1034C00043F0BF6343F40033BB60044ABB68D3607E
:1034D00000BF1437BD4680BC704700BF00ED00E060
:1034E00080B400AF044BDB681B0A03F007031846E7
:1034F000BD4680BC704700BF00ED00E080B483B0E3
:1035000000AF0346FB7197F90730002B0BDBFB790B
:1035100003F01F02064997F907305B09012000FA02
:1035200002F241F8232000BF0C37BD4680BC704733
:1035300000E100E080B483B000AF0346FB7197F96F
:103540000730002B12DBFB7903F01F020A4997F9C1
:1035500007305B09012000FA02F2203341F82320F2
:10356000BFF34F8F00BFBFF36F8F00BF00BF0C379B
:10357000BD4680BC704700BF00E100E080B483B06E
:1035800000AF03463960FB7197F90730002B0ADB67
:103590003B68DAB20C4997F907301201D2B20B44FA
:1035A00083F800230AE03B68DAB20849FB7903F0AC
:1035B0000F03043B1201D2B20B441A7600BF0C3742
:1035C000BD4680BC704700BF00E100E000ED00E0B8
:1035D00080B489B000AFF860B9607A60FB6803F02E
:1035E0000703FB61FB69C3F10703042B28BF042316
:1035F000BB61FB690433062B02D9FB69033B00E086
:1036000000237B614FF0FF32BB6902FA03F3DA4318
:10361000BB681A407B699A404FF0FF317B6901FA21
:1036200003F3D9437B680B40134318462437BD4648
:1036300080BC704780B582B000AF78607B68013B8A
:10364000B3F1807F01D301230FE00A4A7B68013B7D
:1036500053600F214FF0FF30FFF790FF054B002222
:103660009A60044B07221A60002318460837BD46AB
:1036700080BD00BF10E000E080B582B000AF786090
:103680007868FFF709FF00BF0837BD4680BD80B5E9
:1036900086B000AF0346B9607A60FB7300237B619C
:1036A000FFF71EFF78617A68B9687869FFF790FFC5
:1036B000024697F90F3011461846FFF75FFF00BF2B
:1036C0001837BD4680BD80B582B000AF0346FB71A0
:1036D00097F907301846FFF711FF00BF0837BD46BE
:1036E00080BD80B582B000AF0346FB7197F907300B
:1036F0001846FFF71FFF00BF0837BD4680BD80B5E5
:1037000082B000AF78607868FFF794FF03461846F0
:103710000837BD4680BD80B582B000AF78607B6859
:10372000002B01D1012376E07B685B6A002B08D176
:103730007B685B68B3F5827F09D07B680022DA6121
:1037400005E07B6800221A617B6800225A617B6871
:1037500000229A627B6893F85130DBB2002B06D1CD
:103760007B68002283F85020786803F0F5FA7B68C4
:10377000022283F851207B681B681A687B681B68EB
:1037800022F040021A607B685B6803F482727B68F7
:103790009B6803F404431A437B68DB6803F400630B
:1037A0001A437B681B6903F002031A437B685B6959
:1037B00003F001031A437B689B6903F400731A4307
:1037C0007B68DB6903F038031A437B681B6A03F0EC
:1037D000800342EA03017B689B6A03F400527B6822
:1037E0001B680A431A607B689B691A0C7B681B681C
:1037F00002F004025A607B681B68DA697B681B6808
:1038000022F40062DA617B6800225A657B6801223B
:1038100083F85120002318460837BD4680BD80B587
:103820008AB000AFF860B9607A607B8001237B6268
:10383000FEF76CFC3862FB6893F85130FB77FB684D
:103840005B68BB617B88FB82FB7F012B0CD0BB6973
:10385000B3F5827F06D1FB689B68002B02D1FB7F0A
:10386000042B01D002237FE1BB68002B05D07B68CD
:10387000002B02D07B88002B01D1012374E1FB686F
:1038800093F85030012B01D102236DE1FB68012236
:1038900083F85020FB6893F85130DBB2042B03D03F
:1038A000FB68052283F85120FB6800225A65FB68FB
:1038B0007A689A63FB687A88DA87FB687A889A87DD
:1038C000FB68BA681A63FB687A88DA86FB687A88CC
:1038D0009A86FB6800221A64FB6800225A64FB681F
:1038E0001B681B6803F04003402B07D0FB681B6874
:1038F0001A68FB681B6842F040021A60FB68DB68CC
:10390000B3F5006F7ED1FB685B68002B02D0FB8AA9
:10391000012B6CD1FB681B6B1A88FB681B68DA6093
:10392000FB681B6B9A1CFB681A63FB68DB8E9BB2FF
:10393000013B9AB2FB68DA8659E0FB681B689B681A
:1039400003F00203022B1BD1FB68DB8E9BB2002B22
:1039500016D07B6A012B13D1FB681B6B1A88FB689E
:103960001B68DA60FB681B6B9A1CFB681A63FB68B8
:10397000DB8E9BB2013B9AB2FB68DA8600237B6246
:10398000FB681B689B6803F00103012B19D1FB68DE
:10399000DB8F9BB2002B14D0FB681B68DA68FB68D6
:1039A0009B6B92B21A80FB689B6B9A1CFB689A63B4
:1039B000FB68DB8F9BB2013B9AB2FB68DA8701237D
:1039C0007B62FEF7A3FB02463B6AD31A3A6B9A422C
:1039D0000DD83B6BB3F1FF3F09D0FB68012283F8A0
:1039E0005120FB68002283F850200323BCE0FB68D1
:1039F000DB8E9BB2002BA0D1FB68DB8F9BB2002B30
:103A00009BD182E0FB685B68002B02D0FB8A012B14
:103A100071D1FB681A6BFB681B680C3312781A7043
:103A2000FB681B6B5A1CFB681A63FB68DB8E9BB23E
:103A3000013B9AB2FB68DA865DE0FB681B689B6815
:103A400003F00203022B1CD1FB68DB8E9BB2002B20
:103A500017D07B6A012B14D1FB681A6BFB681B68BB
:103A60000C3312781A70FB681B6B5A1CFB681A63C4
:103A7000FB68DB8E9BB2013B9AB2FB68DA860023BF
:103A80007B62FB681B689B6803F00103012B19D163
:103A9000FB68DB8F9BB2002B14D0FB681B68DA68D5
:103AA000FB689B6BD2B21A70FB689B6B5A1CFB685D
:103AB0009A63FB68DB8F9BB2013B9AB2FB68DA87A3
:103AC00001237B62FEF722FB02463B6AD31A3A6B64
:103AD0009A4203D83B6BB3F1FF3F02D13B6B002B03
:103AE00009D1FB68012283F85120FB68002283F88A
:103AF0005020032338E0FB68DB8E9BB2002B9CD167
:103B0000FB68DB8F9BB2002B97D13A6A396BF86860
:103B100000F09AF90346002B08D0FB6820225A6572
:103B2000FB68002283F8502001231DE0FB689B689E
:103B3000002B0AD100233B61FB681B68DB683B61FB
:103B4000FB681B689B683B613B69FB68012283F84B
:103B50005120FB68002283F85020FB685B6D002B2E
:103B600001D0012300E0002318462837BD4680BD60
:103B700080B586B000AF78600023FB756A4B1B6888
:103B80006A4AA2FB03235B0A642202FB03F3FB6085
:103B9000FB683B617B681B685A687B681B6822F086
:103BA00020025A607B681B685B6803F08003002B6F
:103BB00017D07B685E4A5A643B69002B06D17B684C
:103BC0005B6D43F040027B685A6508E03B69013B4E
:103BD0003B617B6893F85130DBB2072BECD1FB687B
:103BE0003B617B681B685B6803F04003002B17D0C8
:103BF0007B68504A1A643B69002B06D17B685B6D79
:103C000043F040027B685A6508E03B69013B3B6139
:103C10007B6893F85130DBB2072BECD1FB683B613A
:103C20007B681B685B6803F00203002B2ED07B6867
:103C30009B6C002B2AD07B689B6C00225A637B68AC
:103C40009B6C1846FFF740FA0346002B02D07B68B6
:103C500040225A657B681B685A687B681B6822F0A3
:103C600002025A603B69002B06D17B685B6D43F012
:103C700040027B685A6509E03B69013B3B617B6818
:103C80001B689B6803F00203002BEBD07B681B686A
:103C90005B6803F00103002B22D07B68DB6C002BF8
:103CA0001ED07B68DB6C00225A637B68DB6C184695
:103CB000FFF70AFA0346002B02D07B6840225A65C0
:103CC0007B681B681A687B681B6822F040021A60D8
:103CD0007B681B685A687B681B6822F001025A6087
:103CE0007B680022DA877B680022DA867B685B6D5E
:103CF000402B02D10123FB7502E07B6800225A654C
:103D00000023BB607B681B68DB68BB607B681B684B
:103D10009B68BB60BB687B68012283F85120FB7DF8
:103D200018461837BD4680BD00000020F119760501
:103D3000393F0008AD3E000880B588B000AFF8609C
:103D4000B9603B601346FB71FEF7E0F90246BB6ABF
:103D50009B1A3A681344FB61FEF7D8F9B861394BF6
:103D60001B685B011B0DFA6902FB03F37B6154E0E6
:103D70003B68B3F1FF3F50D0FEF7C8F90246BB697C
:103D8000D31AFA699A4202D9FB69002B3DD1FB682C
:103D90001B685A68FB681B6822F0E0025A60FB68E7
:103DA0005B68B3F5827F11D1FB689B68B3F5004F68
:103DB00004D0FB689B68B3F5806F07D1FB681B6874
:103DC0001A68FB681B6822F040021A60FB689B6A55
:103DD000B3F5005F0FD1FB681B681A68FB681B68AE
:103DE00022F400521A60FB681B681A68FB681B68A3
:103DF00042F400521A60FB68012283F85120FB68EC
:103E0000002283F85020032317E07B69002B01D1A7
:103E10000023FB617B69013B7B61FB681B689A683F
:103E2000BB681340BA689A420CBF01230023DBB27F
:103E30001A46FB799A429BD1002318462037BD468B
:103E400080BD00BF0000002080B586B002AFF860E2
:103E5000B9607A607B680093BB6801220221F86830
:103E6000FFF76AFF0346002B07D0FB685B6D43F04A
:103E70002002FB685A65032313E07B680093BB684C
:103E800000228021F868FFF757FF0346002B07D078
:103E9000FB685B6D43F02002FB685A65032300E07A
:103EA000002318461037BD4680BD000080B485B0A1
:103EB00000AF78600023FB601D4B1B681D4AA2FB0E
:103EC00003235B0A642202FB03F3BB60BB68002B85
:103ED00006D17B685B6D43F040027B685A6509E060
:103EE000BB68013BBB607B681B689B6803F00203F7
:103EF000002BEBD07B681B681A687B681B6822F07C
:103F000040021A607B681B685A687B681B6822F055
:103F1000E0025A607B681B68DB68FB60FB687B68BB
:103F2000072283F8512000BF1437BD4680BC70477C
:103F300000000020F119760580B483B000AF7860EE
:103F40007B681B685A687B681B6822F080025A6095
:103F50007B681B681A687B681B6822F040021A6045
:103F60007B68072283F8512000BF0C37BD4680BC18
:103F7000704780B582B000AF78607B68002B01D1BC
:103F8000012341E07B6893F83D30DBB2002B06D182
:103F90007B68002283F83C20786802F073FF7B681E
:103FA000022283F83D207B681A687B680433194637
:103FB000104600F05BFA7B68012283F846207B689C
:103FC000012283F83E207B68012283F83F207B6832
:103FD000012283F840207B68012283F841207B681E
:103FE000012283F842207B68012283F843207B680A
:103FF000012283F844207B68012283F845207B68F6
:10400000012283F83D20002318460837BD4680BDB5
:1040100080B485B000AF78607B6893F83D30DBB248
:10402000012B01D001233AE07B68022283F83D2076
:104030007B681B68DA687B681B6842F00102DA6003
:104040007B681B68184A93420ED07B681B68B3F1EB
:10405000804F09D07B681B68144A934204D07B6868
:104060001B68134A934211D17B681B689B6803F05D
:104070000703FB60FB68062B10D07B681B681A687F
:104080007B681B6842F001021A6007E07B681B68CE
:104090001A687B681B6842F001021A600023184608
:1040A0001437BD4680BC7047002C0140000400401E
:1040B0000008004080B584B000AF78607B681B6862
:1040C000DB68FB607B681B681B69BB60BB6803F037
:1040D0000203002B20D0FB6803F00203002B1BD04F
:1040E0007B681B686FF002021A617B6801221A77F5
:1040F0007B681B689B6903F00303002B03D078687F
:1041000000F098F905E0786800F08BF9786800F025
:104110009AF97B6800221A77BB6803F00403002B2E
:1041200020D0FB6803F00403002B1BD07B681B68C6
:104130006FF004021A617B6802221A777B681B68A1
:104140009B6903F44073002B03D0786800F072F988
:1041500005E0786800F065F9786800F074F97B682C
:1041600000221A77BB6803F00803002B20D0FB68FD
:1041700003F00803002B1BD07B681B686FF008025C
:104180001A617B6804221A777B681B68DB6903F07D
:104190000303002B03D0786800F04CF905E0786841
:1041A00000F03FF9786800F04EF97B6800221A773A
:1041B000BB6803F01003002B20D0FB6803F0100352
:1041C000002B1BD07B681B686FF010021A617B68A4
:1041D00008221A777B681B68DB6903F44073002BA5
:1041E00003D0786800F026F905E0786800F019F946
:1041F000786800F028F97B6800221A77BB6803F022
:104200000103002B0CD0FB6803F00103002B07D047
:104210007B681B686FF001021A61786802F04CFA43
:10422000BB6803F08003002B0CD0FB6803F0800315
:10423000002B07D07B681B686FF080021A617868DA
:1042400000F07FFABB6803F04003002B0CD0FB6842
:1042500003F04003002B07D07B681B686FF040021F
:104260001A61786800F0F8F8BB6803F02003002BAF
:104270000CD0FB6803F02003002B07D07B681B6881
:104280006FF020021A61786800F052FA00BF103710
:10429000BD4680BD80B584B000AF78603960002332
:1042A000FB737B6893F83C30012B01D10223B4E00F
:1042B0007B68012283F83C207B68022283F83D2042
:1042C0007B681B689B68BB60BB6823F07703BB609F
:1042D000BB6823F47F43BB607B681B68BA689A6045
:1042E0003B681B68B3F5005F3ED0B3F5005F00F29A
:1042F0008780B3F5805F00F08680B3F5805F7FD85C
:10430000702B1AD0702B7BD8602B50D0602B77D8B5
:10431000502B3CD0502B73D8402B58D0402B6FD80B
:10432000302B64D0302B6BD8202B60D0202B67D85B
:10433000002B5CD0102B5AD062E07B6818683B6879
:1043400099683B685A683B68DB6800F074F97B68E1
:104350001B689B68BB60BB6843F07703BB607B68EE
:104360001B68BA689A604FE07B6818683B68996878
:104370003B685A683B68DB6800F05DF97B681B6846
:104380009A687B681B6842F480429A603CE07B68D4
:1043900018683B6859683B68DB681A4600F0D4F837
:1043A0007B681B685021184600F02BF92CE07B68D5
:1043B00018683B6859683B68DB681A4600F0F2F8F9
:1043C0007B681B686021184600F01BF91CE07B68C5
:1043D00018683B6859683B68DB681A4600F0B4F817
:1043E0007B681B684021184600F00BF90CE07B68E5
:1043F0001A683B681B681946104600F002F903E092
:104400000123FB7300E000BF7B68012283F83D209D
:104410007B68002283F83C20FB7B18461037BD46A2
:1044200080BD80B483B000AF786000BF0C37BD465C
:1044300080BC704780B483B000AF786000BF0C3799
:10444000BD4680BC704780B483B000AF786000BFC9
:104450000C37BD4680BC704780B483B000AF786035
:1044600000BF0C37BD4680BC7047000080B485B0EB
:1044700000AF786039607B681B68FB607B682F4AFF
:1044800093420BD07B68B3F1804F07D07B682C4AF6
:10449000934203D07B682B4A934208D1FB6823F0F8
:1044A0007003FB603B685B68FA681343FB607B68E2
:1044B000224A93420BD07B68B3F1804F07D07B68D0
:1044C0001F4A934203D07B681E4A934208D1FB687F
:1044D00023F44073FB603B68DB68FA681343FB60BE
:1044E000FB6823F080023B685B691343FB607B68D9
:1044F000FA681A603B689A687B68DA623B681A68F7
:104500007B689A627B680D4A934203D13B681A69C3
:104510007B681A637B6801225A617B681B6903F020
:104520000103002B05D07B681B6923F001027B6827
:104530001A6100BF1437BD4680BC7047002C014093
:10454000000400400008004080B487B000AFF8606D
:10455000B9607A60FB681B6A7B61FB681B6A23F0A9
:104560000102FB681A62FB689B693B613B6923F0AF
:10457000F0033B617B681B013A6913433B617B6934
:1045800023F00A037B617A69BB6813437B61FB6894
:104590003A699A61FB687A691A6200BF1C37BD46A6
:1045A00080BC704780B487B000AFF860B9607A60B3
:1045B000FB681B6A7B61FB681B6A23F01002FB68C7
:1045C0001A62FB689B693B613B6923F470433B6162
:1045D0007B681B033A6913433B617B6923F0A003AB
:1045E0007B61BB681B017A6913437B61FB683A6995
:1045F0009A61FB687A691A6200BF1C37BD4680BCAD
:10460000704780B485B000AF786039607B689B6884
:10461000FB60FB6823F07003FB603A68FB681343A0
:1046200043F00703FB607B68FA689A6000BF1437A9
:10463000BD4680BC704780B487B000AFF860B960F9
:104640007A603B60FB689B687B617B6923F47F43F6
:104650007B613B681A027B681A43BB6813437A6923
:1046600013437B61FB687A699A6000BF1C37BD46C3
:1046700080BC704780B485B000AF786039607B68DB
:1046800093F83C30012B01D1022346E07B680122E4
:1046900083F83C207B68022283F83D207B681B68FE
:1046A0005B68FB607B681B689B68BB60FB6823F0F2
:1046B0007003FB603B681B68FA681343FB607B6810
:1046C0001B68FA685A607B681B68164A93420ED0D2
:1046D0007B681B68B3F1804F09D07B681B68124A66
:1046E000934204D07B681B68104A93420CD1BB688C
:1046F00023F08003BB603B685B68BA681343BB6010
:104700007B681B68BA689A607B68012283F83D2049
:104710007B68002283F83C20002318461437BD46EE
:1047200080BC7047002C014000040040000800409D
:1047300080B483B000AF786000BF0C37BD4680BC4A
:10474000704780B483B000AF786000BF0C37BD46BF
:1047500080BC704780B582B000AF78607B68002B6A
:1047600001D1012342E07B6893F84130DBB2002B9A
:1047700006D17B68002283F84020786802F012FCA2
:104780007B68242283F841207B681B68DA687B6899
:104790001B6822F40052DA60786801F001F87B6847
:1047A0001B681A697B681B6822F490421A617B6857
:1047B0001B685A697B681B6822F02A025A617B6871
:1047C0001B68DA687B681B6842F40052DA607B6819
:1047D00000225A647B68202283F841207B682022D3
:1047E00083F842207B6800225A630023184608376A
:1047F000BD4680BD80B582B000AF78607B68002B7D
:1048000001D1012324E07B68242283F841207B68C6
:104810001B68DA687B681B6822F40052DA607868EB
:1048200002F03EFC7B6800225A647B68002283F819
:1048300041207B68002283F842207B6800221A63B3
:104840007B6800225A637B68002283F840200023A3
:1048500018460837BD4680BD80B58AB002AFF86003
:10486000B9603B601346FB8000237B61FB6893F8D3
:104870004130DBB2202B75D1BB68002B02D0FB8806
:10488000002B01D101236EE0FB6800225A64FB6813
:10489000212283F84120FDF739FC7861FB68FA8812
:1048A0009A84FB68FA88DA84FB689B68B3F5805FBA
:1048B00008D1FB681B69002B04D10023FB61BB6896
:1048C000BB6103E0BB68FB610023BB612EE03B687A
:1048D00000937B6900228021F86800F0ACFC03465D
:1048E000002B05D0FB68202283F8412003233AE007
:1048F000FB69002B0BD1BB691B881A46FB681B6840
:10490000C2F308025A60BB690233BB6107E0FB696E
:104910001A78FB681B685A60FB690133FB61FB680E
:10492000DB8C9BB2013B9AB2FB68DA84FB68DB8CC0
:104930009BB2002BCBD13B6800937B6900224021C6
:10494000F86800F078FC0346002B05D0FB682022B5
:1049500083F84120032306E0FB68202283F84120EE
:10496000002300E0022318462037BD4680BD80B5F5
:1049700084B000AFF860B9601346FB80FB6893F821
:104980004230DBB2202B12D1BB68002B02D0FB8857
:10499000002B01D101230BE0FB6800221A63FB8886
:1049A0001A46B968F86800F09FFC034600E002234D
:1049B00018461037BD4680BD80B590B000AF786016
:1049C0000023FB637B681B685B6903F08003002B9B
:1049D00014BF01230023DBB2FB637B6893F84130F3
:1049E000DBB2212B28D1FB6B002B25D07B681B6809
:1049F00014337B627B6A53E8003F3B623B6A23F0DF
:104A00008003BB637B681B681433BA6B3A63FB6239
:104A1000F96A3A6B41E80023BB62BB6A002BE5D11F
:104A20007B689B6B002B04D07B689B6B1846FEF762
:104A30004BFB786800F0F2FC7B681B685B6903F055
:104A40004003002B14BF01230023DBB2FB637B6810
:104A500093F84230DBB2222B28D1FB6B002B25D000
:104A60007B681B6814333B613B6953E8003FFB6084
:104A7000FB6823F040037B637B681B6814337A6B0D
:104A8000FA61BB61B969FA6941E800237B617B691E
:104A9000002BE5D17B68DB6B002B04D07B68DB6BE4
:104AA0001846FEF711FB786800F0DFFC002318467B
:104AB0004037BD4680BD000080B5BAB000AF786019
:104AC0007B681B681B68C7F8E4307B681B68DB6881
:104AD000C7F8E0307B681B685B69C7F8DC300023EF
:104AE000C7F8D8300023C7F8D430D7F8E43003F043
:104AF0000F03C7F8D830D7F8D830002B0FD1D7F82C
:104B0000E43003F02003002B09D0D7F8E03003F0A5
:104B10002003002B03D0786800F084FD5BE2D7F817
:104B2000D830002B00F0DE80D7F8DC3003F0010332
:104B3000002B06D1D7F8E03003F49073002B00F07F
:104B4000D180D7F8E43003F00103002B0BD0D7F865
:104B5000E03003F48073002B05D07B685B6C43F07E
:104B600001027B685A64D7F8E43003F00403002B99
:104B70000BD0D7F8DC3003F00103002B05D07B68A5
:104B80005B6C43F002027B685A64D7F8E43003F0B0
:104B90000203002B0BD0D7F8DC3003F00103002B0D
:104BA00005D07B685B6C43F004027B685A64D7F8DD
:104BB000E43003F00803002B11D0D7F8E03003F005
:104BC0002003002B05D1D7F8DC3003F00103002BC4
:104BD00005D07B685B6C43F008027B685A647B6895
:104BE0005B6C002B00F0F281D7F8E43003F0200377
:104BF000002B08D0D7F8E03003F02003002B02D0C0
:104C0000786800F00FFD7B681B685B6903F0400368
:104C1000002B14BF01230023DBB2C7F8D4307B681C
:104C20005B6C03F00803002B03D1D7F8D430002BC2
:104C30004FD0786800F019FC7B681B685B6903F053
:104C40004003002B41D07B681B681433C7F89C30AD
:104C5000D7F89C3053E8003FC7F89830D7F8983021
:104C600023F04003C7F8D0307B681B681433D7F8B3
:104C7000D020C7F8A820C7F8A430D7F8A410D7F8D8
:104C8000A82041E80023C7F8A030D7F8A030002BB7
:104C9000D9D17B68DB6B002B13D07B68DB6B7E4A42
:104CA0005A637B68DB6B1846FEF74AFA0346002B13
:104CB00016D07B68DB6B5B6B7A68D26B10469847CB
:104CC0000EE0786800F0A5F90AE0786800F0A1F934
:104CD00006E0786800F09DF97B6800225A6475E16F
:104CE00000BF73E17B681B6B012B40F04F81D7F84D
:104CF000E43003F01003002B00F04881D7F8E030D7
:104D000003F01003002B00F041810023BB607B689F
:104D10001B681B68BB607B681B685B68BB60BB680B
:104D20007B681B685B6903F04003002B00F0B680D2
:104D30007B68DB6B1B685B68A7F8BE30B7F8BE30DA
:104D4000002B00F045817B689B8DB7F8BE209A420E
:104D500080F03E817B68B7F8BE20DA857B68DB6B2C
:104D60009B69202B00F088807B681B680C33C7F898
:104D70008830D7F8883053E8003FC7F88430D7F838
:104D8000843023F48073C7F8B8307B681B680C3319
:104D9000D7F8B820C7F89420C7F89030D7F890100B
:104DA000D7F8942041E80023C7F88C30D7F88C302E
:104DB000002BD9D17B681B6814337B677B6F53E86A
:104DC000003F3B673B6F23F00103C7F8B4307B68BB
:104DD0001B681433D7F8B420C7F88020FB67F96F3D
:104DE000D7F8802041E80023BB67BB6F002BE1D1DF
:104DF0007B681B6814333B663B6E53E8003FFB65E2
:104E0000FB6D23F04003C7F8B0307B681B68143398
:104E1000D7F8B020FA66BB66B96EFA6E41E8002397
:104E20007B667B6E002BE3D17B68202283F84220D7
:104E30007B6800221A637B681B680C33FB64FB6C85
:104E400053E8003FBB64BB6C23F01003C7F8AC30E1
:104E50007B681B680C33D7F8AC20BA657B65796D2D
:104E6000BA6D41E800233B653B6D002BE3D17B68C5
:104E7000DB6B1846FEF728F97B6802225A637B68D1
:104E80009A8D7B68DB8D9BB2D31A9BB219467868EA
:104E900000F0C8F89CE000BF2F5500087B689A8D91
:104EA0007B68DB8D9BB2D31AA7F8CE307B68DB8D95
:104EB0009BB2002B00F08E80B7F8CE30002B00F0B4
:104EC00089807B681B680C33BB63BB6B53E8003F76
:104ED0007B637B6B23F49073C7F8C8307B681B68D7
:104EE0000C33D7F8C8207A643B64396C7A6C41E89B
:104EF0000023FB63FB6B002BE3D17B681B6814333F
:104F00007B627B6A53E8003F3B623B6A23F001030C
:104F1000C7F8C4307B681B681433D7F8C4203A63E1
:104F2000FB62F96A3A6B41E80023BB62BB6A002B63
:104F3000E3D17B68202283F842207B6800221A6339
:104F40007B681B680C333B613B6953E8003FFB60A7
:104F5000FB6823F01003C7F8C0307B681B680C3374
:104F6000D7F8C020FA61BB61B969FA6941E800234A
:104F70007B617B69002BE3D17B6802225A63B7F81F
:104F8000CE301946786800F04DF823E0D7F8E430C9
:104F900003F08003002B09D0D7F8E03003F0800342
:104FA000002B03D0786800F0D6FA14E0D7F8E4308C
:104FB00003F04003002B0ED0D7F8E03003F040039D
:104FC000002B08D0786800F015FB04E000BF02E079
:104FD00000BF00E000BFE837BD4680BD80B483B0AD
:104FE00000AF786000BF0C37BD4680BC704780B40E
:104FF00083B000AF786000BF0C37BD4680BC7047FF
:1050000080B483B000AF786000BF0C37BD4680BC71
:10501000704780B483B000AF786000BF0C37BD46E6
:1050200080BC704780B483B000AF78600B467B8053
:1050300000BF0C37BD4680BC704780B59CB000AF48
:1050400078607B685B6AFB667B681B681B6803F0A3
:105050002003002B72D1FB6E0022DA85FB6E1B68E9
:105060000C33FB64FB6C53E8003FBB64BB6C23F464
:105070008073BB66FB6E1B680C33BA6EBA657B65CA
:10508000796DBA6D41E800233B653B6D002BE5D19E
:10509000FB6E1B681433BB63BB6B53E8003F7B6341
:1050A0007B6B23F001037B66FB6E1B6814337A6E07
:1050B0007A643B64396C7A6C41E80023FB63FB6BD8
:1050C000002BE5D1FB6E1B6814337B627B6A53E8CF
:1050D000003F3B623B6A23F040033B66FB6E1B686C
:1050E00014333A6E3A63FB62F96A3A6B41E8002383
:1050F000BB62BB6A002BE5D1FB6E202283F8422005
:10510000FB6E1B6B012B19D1FB6E1B680C333B61D3
:105110003B6953E8003FFB60FB6823F01003FB652D
:10512000FB6E1B680C33FA6DFA61BB61B969FA69F1
:1051300041E800237B617B69002BE5D1FB6E0022F7
:105140005A63FB6E1B6B012B06D1FB6E9B8D1946C0
:10515000F86EFFF767FF02E0F86EFFF748FF00BF49
:105160007037BD4680BD80B584B000AF78607B6885
:105170005B6AFB60FB6801225A63FB681B6B012BB7
:1051800008D1FB689B8D5B089BB21946F868FFF756
:1051900049FF02E0F868FFF733FF00BF1037BD4654
:1051A00080BD80B584B000AF78600023FB607B6871
:1051B0005B6ABB60BB681B685B6903F08003002B04
:1051C00014BF01230023DBB2FB60BB6893F84130BE
:1051D000DBB2212B08D1FB68002B05D0BB68002275
:1051E000DA84B86800F01AF9BB681B685B6903F0E1
:1051F0004003002B14BF01230023DBB2FB60BB681C
:1052000093F84230DBB2222B08D1FB68002B05D08B
:10521000BB680022DA85B86800F027F9BB685B6CD0
:1052200043F01002BB685A64B868FFF7F2FE00BF93
:105230001037BD4680BD80B586B000AFF860B9605C
:105240003B601346FB713BE03B6AB3F1FF3F37D055
:10525000FCF75CFF02463B68D31A3A6A9A4202D3D3
:105260003B6A002B01D103233AE0FB681B68DB6833
:1052700003F00403002B23D0BB68802B20D0BB6835
:10528000402B1DD0FB681B681B6803F00803082B2C
:1052900016D100237B61FB681B681B687B61FB6880
:1052A0001B685B687B617B69F86800F0DEF8FB686F
:1052B00008225A64FB68002283F8402001230FE093
:1052C000FB681B681A68BB681340BA689A420CBF37
:1052D00001230023DBB21A46FB799A42B4D00023A3
:1052E00018461837BD4680BD80B598B000AFF8604D
:1052F000B9601346FB80BA68FB689A62FB68FA885B
:105300009A85FB6800225A64FB68222283F84220B7
:10531000FB68DB6B3E4A9A62FB68DB6B3D4ADA62F4
:10532000FB68DB6B3C4A1A63FB68DB6B00225A6349
:1053300007F10803FB65FB68D86BFB681B68043347
:105340001946FB6D1A68FB88FDF75EFE00233B6182
:10535000FB681B681B683B61FB681B685B683B6103
:105360003B69FB681B69002B19D0FB681B680C3379
:105370003B643B6C53E8003FFB63FB6B43F480737F
:10538000BB65FB681B680C33BA6DFA64BB64B96C0F
:10539000FA6C41E800237B647B6C002BE5D1FB6851
:1053A0001B681433FB62FB6A53E8003FBB62BB6AB5
:1053B00043F001037B65FB681B6814337A6DBA63A5
:1053C0007B63796BBA6B41E800233B633B6B002B3B
:1053D000E5D1FB681B681433BB61BB6953E8003F30
:1053E0007B617B6943F040033B65FB681B681433BA
:1053F0003A6D7A623B62396A7A6A41E80023FB615E
:10540000FB69002BE5D1002318466037BD4680BDFF
:105410003B50000867510008A351000880B489B0D0
:1054200000AF78607B681B680C33FB60FB6853E857
:10543000003FBB60BB6823F0C003FB617B681B6857
:105440000C33FA69BA617B617969BA6941E8002372
:105450003B613B69002BE5D17B68202283F841202A
:1054600000BF2437BD4680BC704780B495B000AF04
:1054700078607B681B680C337B637B6B53E8003F71
:105480003B633B6B23F49073FB647B681B680C33BA
:10549000FA6C3A64FB63F96B3A6C41E80023BB6336
:1054A000BB6B002BE5D17B681B6814333B623B6A06
:1054B00053E8003FFB61FB6923F00103BB647B6899
:1054C0001B681433BA6CFA62BB62B96AFA6A41E8C3
:1054D00000237B627B6A002BE5D17B681B6B012B71
:1054E00019D17B681B680C33FB60FB6853E8003FF5
:1054F000BB60BB6823F010037B647B681B680C33C4
:105500007A6CBA617B617969BA6941E800233B61D1
:105510003B69002BE5D17B68202283F842207B6821
:1055200000221A6300BF5437BD4680BC704780B567
:1055300084B000AF78607B685B6AFB60FB68002228
:10554000DA85FB680022DA84F868FFF762FD00BFA5
:105550001037BD4680BD80B485B000AF78607B68F1
:1055600093F84130DBB2212B3ED17B689B68B3F5C9
:10557000805F14D17B681B69002B10D17B681B6A8C
:10558000FB60FB681B881A467B681B68C2F3080235
:105590005A607B681B6A9A1C7B681A6208E07B6809
:1055A0001B6A591C7A6811621A787B681B685A60FA
:1055B0007B68DB8C9BB2013B9BB27A681946D18435
:1055C000002B0FD17B681B68DA687B681B6822F0B0
:1055D0008002DA607B681B68DA687B681B6842F0CF
:1055E0004002DA60002300E0022318461437BD466B
:1055F00080BC704780B582B000AF78607B681B6864
:10560000DA687B681B6822F04002DA607B6820223F
:1056100083F841207868FFF7E1FC0023184608373B
:10562000BD4680BD80B58CB000AF78607B6893F8D4
:105630004230DBB2222B40F0AE807B689B68B3F532
:10564000805F17D17B681B69002B13D10023FB629D
:105650007B689B6ABB627B681B685B689BB2C3F319
:1056600008039AB2BB6A1A807B689B6A9A1C7B68A3
:105670009A6226E07B689B6AFB620023BB627B68C0
:105680009B68B3F5805F07D07B689B68002B0AD1CD
:105690007B681B69002B06D17B681B685B68DAB2EC
:1056A000FB6A1A7008E07B681B685B68DBB203F07A
:1056B0007F03DAB2FB6A1A707B689B6A5A1C7B68AC
:1056C0009A627B68DB8D9BB2013B9BB27A6819467C
:1056D000D185002B5DD17B681B68DA687B681B680D
:1056E00022F02002DA607B681B68DA687B681B683E
:1056F00022F48072DA607B681B685A697B681B68D9
:1057000022F001025A617B68202283F842207B68E4
:1057100000225A637B681B6B012B35D17B6800220A
:105720001A637B681B680C337B617B6953E8003F1D
:105730003B613B6923F010037B627B681B680C3381
:105740007A6A3A62FB61F9693A6A41E80023BB610F
:10575000BB69002BE5D17B681B681B6803F0100355
:10576000102B0AD10023FB607B681B681B68FB6061
:105770007B681B685B68FB60FB687B689B8D1946D8
:105780007868FFF74FFC02E07868FFF730FC0023F1
:1057900002E0002300E0022318463037BD4680BDFA
:1057A00080B584B000AF78607B681B681B6923F408
:1057B00040517B68DA687B681B680A431A617B6822
:1057C0009A687B681B691A437B685B691343BB60FB
:1057D0007B681B68DB6823F4B05323F00C037A6802
:1057E0001268B9680B43D3607B681B685B6923F45C
:1057F00040717B689A697B681B680A435A617B68C1
:105800001B682C4A934203D1FDF78CF8F86002E044
:10581000FDF774F8F860FA6813469B0013449A0089
:105820001A447B685B689B00B2FBF3F3224AA2FB3D
:1058300003235B091901FA6813469B0013449A007D
:105840001A447B685B689B00B2FBF3F21A4BA3FB24
:1058500002035B09642000FB03F3D31A1B013233FC
:10586000154AA2FB03235B0903F0F0031944FA680D
:1058700013469B0013449A001A447B685B689B00A4
:10588000B2FBF3F20C4BA3FB02035B09642000FBA9
:1058900003F3D31A1B013233074AA2FB03235B092C
:1058A00003F00F027B681B680A449A6000BF103740
:1058B000BD4680BD003801401F85EB5180B582B0E8
:1058C00000AF0346FB71104B1B781846FA790F495D
:1058D00003465B0003445B00134451F82330A3F5F7
:1058E00000031846FBF70CF903464FF050511846D9
:1058F000FBF75AF9034606491846FBF755F90346E4
:1059000018460837BD4680BDAD010020B00100201B
:1059100000401C4500000000B0B584B000AF7860C6
:105920000023FB600C4B5B78DBB2002B18D100230B
:10593000FB600BE0FB689B007A6813441A68074918
:10594000FB6841F82320FB680133FB60FB68052BF3
:10595000F0DD00F04FBE00BF08010020A8000020CD
:10596000BB4B5B78DBB2012B40F00A84B94B1A6861
:105970007B681B6819461046FBF716F90346184664
:10598000FAF74AFDB0A3D3E90023FAF7C7FE0246AF
:105990000B4614461D46AF4B5A687B6804331B68A0
:1059A00019461046FBF700F903461846FAF734FD8E
:1059B000A5A3D3E90023FAF7B1FE02460B46204621
:1059C0002946FAF7CBFB02460B4614461D46A14B6F
:1059D0009A687B6808331B6819461046FBF7E4F8A1
:1059E00003461846FAF718FD97A3D3E90023FAF700
:1059F00095FE02460B4620462946FAF7AFFB0246C3
:105A00000B4614461D46934BDA687B680C331B68C3
:105A100019461046FBF7C8F803461846FAF7FCFC8F
:105A200089A3D3E90023FAF779FE02460B46204604
:105A30002946FAF793FB02460B4614461D46854B52
:105A40001A697B6810331B6819461046FBF7ACF8DF
:105A500003461846FAF7E0FC7BA3D3E90023FAF7E4
:105A60005DFE02460B4620462946FAF777FB0246C2
:105A70000B4614461D46774B5A697B6814331B68E6
:105A800019461046FBF790F803461846FAF7C4FC8F
:105A90006DA3D3E90023FAF741FE02460B462046E8
:105AA0002946FAF75BFB02460B4610461946FAF701
:105AB0001DFF0346684A1360664B9A697B681B6842
:105AC00019461046FBF770F803461846FAF7A4FC8F
:105AD0005DA3D3E90023FAF721FE02460B461446E4
:105AE0001D465C4BDA697B6804331B681946104617
:105AF000FBF75AF803461846FAF78EFC52A3D3E98F
:105B00000023FAF70BFE02460B4620462946FAF719
:105B100025FB02460B4614461D464E4B1A6A7B680F
:105B200008331B6819461046FBF73EF80346184633
:105B3000FAF772FC44A3D3E90023FAF7EFFD02461B
:105B40000B4620462946FAF709FB02460B46144647
:105B50001D46404B5A6A7B680C331B681946104639
:105B6000FBF722F803461846FAF756FC36A3D3E9AA
:105B70000023FAF7D3FD02460B4620462946FAF7E2
:105B8000EDFA02460B4614461D46324B9A6A7B6874
:105B900010331B6819461046FBF706F803461846F3
:105BA000FAF73AFC28A3D3E90023FAF7B7FD024637
:105BB0000B4620462946FAF7D1FA02460B46144610
:105BC0001D46244BDA6A7B6814331B68194610465D
:105BD000FAF7EAFF03461846FAF71EFC1AA3D3E9C0
:105BE0000023FAF79BFD02460B4620462946FAF7AA
:105BF000B5FA02460B4610461946FAF777FE0346F9
:105C0000154A5360134B1A6B7B681B681946104684
:105C1000FAF7CAFF03461846FAF7FEFB0AA3D3E9D0
:105C20000023FAF77BFD02460B4614461D46094B3E
:105C30005A6B7B6804331B6819461046FAF7B4FFA9
:105C400003460BE0AFF300809A9999999999234004
:105C5000080100201C010020A80000201846FAF7C7
:105C6000DBFBBFA3D3E90023FAF758FD02460B463E
:105C700020462946FAF772FA02460B4614461D469C
:105C8000B94B9A6B7B6808331B6819461046FAF7C4
:105C90008BFF03461846FAF7BFFBB1A3D3E90023F5
:105CA000FAF73CFD02460B4620462946FAF756FA1B
:105CB00002460B4614461D46AB4BDA6B7B680C3331
:105CC0001B6819461046FAF76FFF03461846FAF7A5
:105CD000A3FBA3A3D3E90023FAF720FD02460B465A
:105CE00020462946FAF73AFA02460B4614461D4664
:105CF0009D4B1A6C7B6810331B6819461046FAF7E7
:105D000053FF03461846FAF787FB95A3D3E9002310
:105D1000FAF704FD02460B4620462946FAF71EFA1A
:105D200002460B4614461D468F4B5A6C7B68143353
:105D30001B6819461046FAF737FF03461846FAF76C
:105D40006BFB87A3D3E90023FAF7E8FC02460B4676
:105D500020462946FAF702FA02460B461046194633
:105D6000FAF7C4FD0346814A93607F4B9A6C7B68C7
:105D70001B6819461046FAF717FF03461846FAF74C
:105D80004BFB77A3D3E90023FAF7C8FC02460B4686
:105D900014461D46744BDA6C7B6804331B68194645
:105DA0001046FAF701FF03461846FAF735FB6CA3D5
:105DB000D3E90023FAF7B2FC02460B4620462946F7
:105DC000FAF7CCF902460B4614461D46664B1A6D8F
:105DD0007B6808331B6819461046FAF7E5FE034650
:105DE0001846FAF719FB5EA3D3E90023FAF796FCED
:105DF00002460B4620462946FAF7B0F902460B4602
:105E000014461D46584B5A6D7B680C331B68194667
:105E10001046FAF7C9FE03461846FAF7FDFA50A3F2
:105E2000D3E90023FAF77AFC02460B4620462946BE
:105E3000FAF794F902460B4614461D464A4B9A6DF2
:105E40007B6810331B6819461046FAF7ADFE03460F
:105E50001846FAF7E1FA42A3D3E90023FAF75EFC09
:105E600002460B4620462946FAF778F902460B46C9
:105E700014461D463C4BDA6D7B6814331B6819468B
:105E80001046FAF791FE03461846FAF7C5FA34A30E
:105E9000D3E90023FAF742FC02460B462046294686
:105EA000FAF75CF902460B4610461946FAF71EFD52
:105EB00003462E4AD3602C4B1A6E7B681B6819462A
:105EC0001046FAF771FE03461846FAF7A5FA24A31E
:105ED000D3E90023FAF722FC02460B4614461D467E
:105EE000214B5A6E7B6804331B6819461046FAF73B
:105EF0005BFE03461846FAF78FFA19A3D3E900238D
:105F0000FAF70CFC02460B4620462946FAF726F91A
:105F100002460B4614461D46134B9A6E7B680833A7
:105F20001B6819461046FAF73FFE03461846FAF773
:105F300073FA0BA3D3E90023FAF7F0FB02460B46F2
:105F400020462946FAF70AF902460B4614461D4632
:105F5000054BDA6E7B680C330AE000BFAFF30080BC
:105F60009A999999999923401C010020A800002032
:105F70001B6819461046FAF717FE03461846FAF74B
:105F80004BFA7BA3D3E90023FAF7C8FB02460B4682
:105F900020462946FAF7E2F802460B4614461D460B
:105FA000754B1A6F7B6810331B6819461046FAF759
:105FB000FBFD03461846FAF72FFA6DA3D3E9002339
:105FC000FAF7ACFB02460B4620462946FAF7C6F81C
:105FD00002460B4614461D46674B5A6F7B681433C6
:105FE0001B6819461046FAF7DFFD03461846FAF714
:105FF00013FA5FA3D3E90023FAF790FB02460B469E
:1060000020462946FAF7AAF802460B4610461946DA
:10601000FAF76CFC0346594A1361574B9A6F7B6839
:106020001B6819461046FAF7BFFD03461846FAF7F3
:10603000F3F94FA3D3E90023FAF770FB02460B46AE
:1060400014461D464C4BDA6F7B6804331B681946B7
:106050001046FAF7A9FD03461846FAF7DDF944A3FE
:10606000D3E90023FAF75AFB02460B46204629469D
:10607000FAF774F802460B4614461D463E4BD3F819
:1060800080207B6808331B6819461046FAF78CFDA0
:1060900003461846FAF7C0F935A3D3E90023FAF707
:1060A0003DFB02460B4620462946FAF757F80246C2
:1060B0000B4614461D46304BD3F884207B680C33C6
:1060C0001B6819461046FAF76FFD03461846FAF7A3
:1060D000A3F927A3D3E90023FAF720FB02460B46D6
:1060E00020462946FAF73AF802460B4614461D4662
:1060F000214BD3F888207B6810331B681946104663
:10610000FAF752FD03461846FAF786F918A3D3E9C1
:106110000023FAF703FB02460B4620462946FAF70E
:106120001DF802460B4614461D46134BD3F88C202F
:106130007B6814331B6819461046FAF735FD034691
:106140001846FAF769F90AA3D3E90023FAF7E6FA41
:1061500002460B4620462946FAF700F802460B464F
:1061600010461946FAF7C2FB0346044A536141E25E
:106170009A999999999923401C010020A800002020
:10618000944B5B78DBB2022B40F03482924B1A685E
:106190007B681B6819461046FAF706FD03461C4645
:1061A0008D4B5A687B6804331B6819461046FAF712
:1061B000FBFC034619462046FAF7EEFB03461C4655
:1061C000854B9A687B6808331B6819461046FAF7B6
:1061D000EBFC034619462046FAF7DEFB03461C4655
:1061E0007D4BDA687B680C331B6819461046FAF75A
:1061F000DBFC034619462046FAF7CEFB03461C4655
:10620000754B1A697B6810331B6819461046FAF7FC
:10621000CBFC034619462046FAF7BEFB03461C4654
:106220006D4B5A697B6814331B6819461046FAF7A0
:10623000BBFC034619462046FAF7AEFB03461A4656
:10624000664B1A60644B9A697B681B681946104656
:10625000FAF7AAFC03461C465F4BDA697B680433F5
:106260001B6819461046FAF79FFC0346194620465C
:10627000FAF792FB03461C46574B1A6A7B680833B1
:106280001B6819461046FAF78FFC0346194620464C
:10629000FAF782FB03461C464F4B5A6A7B680C3365
:1062A0001B6819461046FAF77FFC0346194620463C
:1062B000FAF772FB03461C46474B9A6A7B68103319
:1062C0001B6819461046FAF76FFC0346194620462C
:1062D000FAF762FB03461C463F4BDA6A7B681433CD
:1062E0001B6819461046FAF75FFC0346194620461C
:1062F000FAF752FB03461A46384B5A60364B1A6B74
:106300007B681B6819461046FAF74EFC03461C468C
:10631000314B5A6B7B6804331B6819461046FAF7F9
:1063200043FC034619462046FAF736FB03461C4653
:10633000294B9A6B7B6808331B6819461046FAF79D
:1063400033FC034619462046FAF726FB03461C4653
:10635000214BDA6B7B680C331B6819461046FAF741
:1063600023FC034619462046FAF716FB03461C4653
:10637000194B1A6C7B6810331B6819461046FAF7E4
:1063800013FC034619462046FAF706FB03461C4653
:10639000114B5A6C7B6814331B6819461046FAF788
:1063A00003FC034619462046FAF7F6FA03461A4656
:1063B0000A4B9A60084B9A6C7B681B68194610461A
:1063C000FAF7F2FB03461C46034BDA6C7B68043396
:1063D00006E000BF080100201C010020A8000020EA
:1063E0001B6819461046FAF7DFFB0346194620469C
:1063F000FAF7D2FA03461C468D4B1A6D7B680833B8
:106400001B6819461046FAF7CFFB0346194620468B
:10641000FAF7C2FA03461C46854B5A6D7B680C336B
:106420001B6819461046FAF7BFFB0346194620467B
:10643000FAF7B2FA03461C467D4B9A6D7B6810331F
:106440001B6819461046FAF7AFFB0346194620466B
:10645000FAF7A2FA03461C46754BDA6D7B681433D3
:106460001B6819461046FAF79FFB0346194620465B
:10647000FAF792FA03461A466E4BDA606C4B1A6EC4
:106480007B681B6819461046FAF78EFB03461C46CC
:10649000674B5A6E7B6804331B6819461046FAF73F
:1064A00083FB034619462046FAF776FA03461C4654
:1064B0005F4B9A6E7B6808331B6819461046FAF7E3
:1064C00073FB034619462046FAF766FA03461C4654
:1064D000574BDA6E7B680C331B6819461046FAF787
:1064E00063FB034619462046FAF756FA03461C4654
:1064F0004F4B1A6F7B6810331B6819461046FAF72A
:1065000053FB034619462046FAF746FA03461C4653
:10651000474B5A6F7B6814331B6819461046FAF7CD
:1065200043FB034619462046FAF736FA03461A4655
:10653000404B1A613E4B9A6F7B681B6819461046A8
:10654000FAF732FB03461C46394BDA6F7B6804339B
:106550001B6819461046FAF727FB034619462046E2
:10656000FAF71AFA03461C46314BD3F880207B68B1
:1065700008331B6819461046FAF716FB03461946FE
:106580002046FAF709FA03461C46294BD3F8842023
:106590007B680C331B6819461046FAF705FB034667
:1065A00019462046FAF7F8F903461C46204BD3F863
:1065B00088207B6810331B6819461046FAF7F4FAF6
:1065C000034619462046FAF7E7F903461C46184BDE
:1065D000D3F88C207B6814331B6819461046FAF7F1
:1065E000E3FA034619462046FAF7D6F903461A4657
:1065F000104B5A610023FB6011E0FB68DAB20D49D1
:10660000FB6851F823301946104603F0D7F80246CC
:106610000849FB6841F82320FB680133FB60FB68F5
:10662000052BEADD00BF00BF1037BD46B0BD00BF7F
:106630001C010020A800002080B582B000AF786067
:106640007868FAF797FC03469AB26423796803489E
:10665000FEF702F900BF0837BD4680BDAC08002038
:1066600080B582B000AF134B1B681B6803F01003AA
:10667000102B17D100233B600E4B1B681B683B603F
:106680000C4B1B685B683B603B680A4BDB6B002B69
:1066900008D0084BDB6B1B685B68FB80FB881846E7
:1066A00001F074F80348FEF707FA00BF0837BD464B
:1066B00080BD00BFAC08002090B58BB000AF786003
:1066C0007B681B68B3F1804F46D1254B1B680133B3
:1066D000234A1360224B1968224BA3FB01235A085B
:1066E00013465B001344CA1A002A35D107F10C0384
:1066F000184602F09DFE0346002B20D1002387F8A8
:10670000273018E097F82730174A1278144697F880
:1067100027109B0028333B4453F81C2C1348234676
:106720005B0023445B000B4440F8232097F827309C
:10673000013387F8273097F82730052BE2D90A4B29
:106740001B780133DAB2084B1A70074B1B783F2BCA
:1067500002D9054B00221A7000BF2C37BD4690BDF0
:10676000A4000020ABAAAAAAAC010020B00100201E
:1067700080B582B000AF0E4B9B78DBB2002B01D10D
:10678000022300E001237B600A4B1A680A4B1B6856
:10679000D31A7A689A4206D8064B1B68064A1360D9
:1067A000022001F051FC00BF0837BD4680BD00BF8C
:1067B00008010020A4000020B007002090B58DB093
:1067C00000AFFBF74BFC00F049F900F093F900F043
:1067D00001FA00F0BDFB00F009FB00F019FA00F02F
:1067E00085FA0023FB610023BB6207F11C0304222E
:1067F0001946782000F03CFF3B7F1A467B7F1B0246
:106800001A43BB7F1B041A43FB7F1B061343BB6267
:10681000BB6AB3F5E12F0FD0BB6AB3F57A3F0BD05B
:10682000BB6AB3F5E13F07D0BB6AB3F5964F03D01F
:10683000BB6AB3F5165F03D1764ABB6A136003E007
:10684000744B4FF4E1221A6000F056FB02F04CF852
:106850007148FFF7F1FE02F06DFF7048FFF7ECFEA4
:10686000032002F005FE6E48FFF7E6FE6D48FFF7D5
:10687000E3FE6D496D4800F03BFF02F001FF7862D6
:106880007B6A002B01D16A4B00E06A4B1846FFF788
:10689000D3FE01F045FFFF23FB7607F11B03012226
:1068A00019467C2000F0E4FEFB7E012B02D0FB7E2B
:1068B000022B01D1FB7E00E002235F4A53705F4848
:1068C000FDF7A6FB3B4600221A605A609A60DA6028
:1068D0001A615A615A4B1A785A4B1B789A4249D01E
:1068E000584B1A78564B1A70002387F82F3030E037
:1068F00097F82F4097F82F301846FEF7DFFF024633
:10690000A30030333B4443F8302C4B4B1B79DBB2B4
:10691000002B19D197F82F304B4A123352F823200D
:1069200097F82F309B0030333B4453F8303C97F8B6
:106930002F4011461846FAF72DF803461A46A300D1
:1069400030333B4443F8302C97F82F30013387F82D
:106950002F3097F82F30052BCAD9374B1B79DBB274
:10696000012B03D13B46184601F0FEFF3B4618467B
:10697000FEF7D2FF02F062F80346002B06D02E4B42
:1069800000221A7102F04EF801F0A2FF2A4B1B7888
:10699000DBB2012B02D1FFF7EBFE03E02B4B1B68B0
:1069A0002B4A1360244B1B78DBB2012B0BD1224BFB
:1069B000DB78DBB2002B04D01F4BDB78DBB2012B82
:1069C00001D1012300E0002387F8233097F823301A
:1069D000002B11D01D4B1A681E4B1B68D31AB3F540
:1069E000FA7F13D3194B1B681A4A13604FF4805176
:1069F0001948FCF721FA09E000224FF480511648AB
:106A0000FCF702FA114B1B68124A136000F0E2FE19
:106A100058E700BF2400002028A800084CA8000860
:106A200064A8000874A8000829810008AC080020A8
:106A300090A80008A8A80008080100206408002009
:106A4000AD010020AC010020A8000020A40000201F
:106A5000B0070020B40700200008014080B590B0C6
:106A600000AF07F1180328220021184603F05CF854
:106A70003B1D00221A605A609A60DA601A61012395
:106A8000BB614FF48033FB6100233B620123BB6297
:106A900002237B634FF48033BB634FF4E013FB634B
:106AA00007F118031846FBF75FFB0346002B01D0E4
:106AB00000F019F80F237B600223BB600023FB600A
:106AC0004FF480633B6100237B613B1D022118462C
:106AD000FBF7CCFD0346002B01D000F004F800BF0B
:106AE0004037BD4680BD80B400AF72B600BF00BF66
:106AF000FDE7000080B588B000AF07F11003002269
:106B00001A605A609A60DA602F4B9B692E4A43F0F4
:106B1000200393612C4B9B6903F02003FB60FB680F
:106B2000294B9B69284A43F004039361264B9B69D8
:106B300003F00403BB60BB68234B9B69224A43F00C
:106B400008039361204B9B6903F008037B607B681B
:106B5000002241F210111D48FCF756F900220121D4
:106B60001B48FCF751F94FF488733B6101237B61AB
:106B70000023BB610323FB6107F11003194613488F
:106B8000FBF702FF01233B6101237B610023BB6113
:106B90000323FB6107F1100319460D48FBF7F4FED0
:106BA0004FF480533B6101237B610023BB610223CF
:106BB000FB6107F1100319460448FBF7E5FE00BF2F
:106BC0002037BD4680BD00BF0010024000080140D4
:106BD000000C014080B582B000AF0C4B5B690B4AE2
:106BE00043F001035361094B5B6903F001037B60D0
:106BF0007B68002200210F20FCF749FD0F20FCF7E5
:106C000062FD00BF0837BD4680BD00BF00100240D6
:106C100080B500AF124B134A1A60114B124A5A60EA
:106C20000F4B00229A600E4B0022DA600C4B4FF49F
:106C300080421A610A4B00225A61094B00229A6174
:106C4000074B0022DA61064B00221A620448FAF769
:106C50009FF90346002B01D0FFF745FF00BF80BD21
:106C6000B807002000580040A086010080B588B019
:106C700000AF786007F1100300221A605A609A6032
:106C8000DA607B681B68164A934224D1154B9B69D6
:106C9000144A43F008039361124B9B6903F0080305
:106CA000FB60FB684FF440633B6112237B6103236D
:106CB000FB6107F1100319460B48FBF765FE094B12
:106CC000DB69084A43F48003D361064BDB6903F4B4
:106CD0008003BB60BB6800BF2037BD4680BD00BFDE
:106CE0000058004000100240000C014080B500AF89
:106CF000174B184A1A60164B4FF482725A60144BA5
:106D000000229A60124B0022DA60114B00221A61B5
:106D10000F4B00225A610E4B4FF400729A610C4BDC
:106D20002822DA610A4B00221A62094B00225A62B9
:106D3000074B00229A62064B0A22DA620448FCF7EB
:106D4000EAFC0346002B01D0FFF7CDFE00BF80BD5B
:106D50000C0800200030014080B588B000AF78609A
:106D600007F1100300221A605A609A60DA607B68AB
:106D70001B681B4A93422FD11A4B9B69194A43F453
:106D800080539361174B9B6903F48053FB60FB684E
:106D9000144B9B69134A43F004039361114B9B69A5
:106DA00003F00403BB60BB68A0233B6102237B614B
:106DB0000323FB6107F1100319460B48FBF7E4FDC1
:106DC00040233B6100237B610023BB6107F110037B
:106DD00019460548FBF7D8FD00BF2037BD4680BDEA
:106DE00000300140001002400008014080B586B02C
:106DF00000AF07F1080300221A605A609A60DA6057
:106E00003B4600221A605A601D4B4FF080421A60C8
:106E10001B4B47225A601A4B00229A60184B40F2D3
:106E2000E732DA60164B00221A61154B00229A6194
:106E30001348FDF79EF80346002B01D0FFF753FEE1
:106E40004FF48053BB6007F1080319460C48FDF767
:106E500021FA0346002B01D0FFF745FE00233B60DB
:106E600000237B603B4619460548FDF703FC0346BB
:106E7000002B01D0FFF737FE00BF1837BD4680BD9D
:106E80006408002080B584B000AF78607B681B6820
:106E9000B3F1804F13D10C4BDB690B4A43F0010374
:106EA000D361094BDB6903F00103FB60FB6800223F
:106EB00000211C20FCF7EBFB1C20FCF704FC00BFAE
:106EC0001037BD4680BD00BF0010024080B584B0C1
:106ED00000AFF860B9607A607B689AB24FF4FA73D9
:106EE000B9680448FDF7B8FC7B6818461037BD4602
:106EF00080BD00BFAC08002080B500AF114B124A26
:106F00001A60124B1B680F4A53600E4B00229A60A6
:106F10000C4B0022DA600B4B00221A61094B0C2249
:106F20005A61084B00229A61064B0022DA6105483B
:106F3000FDF710FC0346002B01D0FFF7D4FD00BF86
:106F400080BD00BFAC0800200038014024000020B4
:106F500080B500AF114B124A1A60104B4FF4E1326A
:106F60005A600E4B00229A600C4B0022DA600B4BE9
:106F700000221A61094B0C225A61084B00229A61C7
:106F8000064B0022DA610548FDF7E4FB0346002BBF
:106F900001D0FFF7A8FD00BF80BD00BFAC080020F6
:106FA0000038014080B588B000AF786007F1100369
:106FB00000221A605A609A60DA607B681B68334A64
:106FC00093425FD1324B9B69314A43F480439361D2
:106FD0002F4B9B6903F48043FB60FB682C4B9B6940
:106FE0002B4A43F004039361294B9B6903F004038C
:106FF000BB60BB684FF400733B6102237B610323DA
:10700000FB6107F1100319462248FBF7BDFC4FF462
:1070100080633B6100237B610023BB6107F11003A8
:1070200019461C48FBF7B0FC1B4B1C4A1A601A4B54
:1070300000225A60184B00229A60174B8022DA60B7
:10704000154B00221A61144B00225A61124B202268
:107050009A61114B0022DA610F48FBF71FFF0346CC
:10706000002B01D0FFF73FFD7B680B4ADA630A4A29
:107070007B685362002200212520FCF708FB2520B5
:10708000FCF721FB00BF2037BD4680BD0038014022
:107090000010024000080140F4080020580002409F
:1070A00080B582B000AF78607B681B680C4A934261
:1070B00012D10C4B9B690B4A23F4804393614FF42C
:1070C000C0610948FBF7E4FD7B68DB6B1846FBF702
:1070D0003FFF2520FCF705FB00BF0837BD4680BDFC
:1070E00000380140001002400008014080B500AFA8
:1070F0004020FBF7BBFE00BF80BD80B483B000AF73
:107100000346FB8000BF0C37BD4680BC704780B48F
:1071100000AF00BFFDE780B400AF00BFFDE780B463
:1071200000AF00BFFDE780B400AF00BFFDE780B453
:1071300000AF00BFFDE780B400AF00BFBD4680BC1C
:10714000704780B400AF00BFBD4680BC704780B4BC
:1071500000AF00BFBD4680BC704780B500AFFAF7F6
:10716000C3FF00BF80BD000080B500AF0248FCF740
:107170005FF800BF80BD00BFF408002080B500AFFD
:107180000248FCF797FF00BF80BD00BF64080020E5
:1071900080B485B000AF154B9B69144A43F00103DE
:1071A0009361124B9B6903F00103BB60BB680F4BFB
:1071B000DB690E4A43F08053D3610C4BDB6903F06B
:1071C00080537B607B680A4B5B68FB60FB6823F045
:1071D000E063FB60FB6843F00073FB60044AFB68FC
:1071E000536000BF1437BD4680BC7047001002409A
:1071F0000000014080B586B000AF7860144A154B9E
:10720000D31A7B617B693B61134B1B68002B02D156
:10721000114B124A1A60104B1A687B6813443A6982
:107220009A4207D202F0CEFC03460C221A604FF0BD
:10723000FF3309E0084B1B68FB60074B1A687B684B
:107240001344054A1360FB6818461837BD4680BDD5
:1072500000500020000400003809002040180020E1
:1072600080B400AF01231846BD4680BC704780B58E
:1072700082B000AF7860396002F0A4FC03461622A9
:107280001A604FF0FF3318460837BD4680BD80B501
:1072900082B000AF78604FF0FF317868FFF7E7FF0A
:1072A00000BFFDE780B586B000AFF860B9607A60D6
:1072B00000237B610AE0AFF300800146BB685A1CE3
:1072C000BA60CAB21A707B6901337B617A697B68E4
:1072D0009A42F0DB7B6818461837BD4680BD80B403
:1072E00083B000AF78604FF0FF3318460C37BD46CF
:1072F00080BC704780B483B000AF786039603B6871
:107300004FF400525A60002318460C37BD4680BC2B
:10731000704780B483B000AF7860012318460C3703
:10732000BD4680BC704780B485B000AFF860B960DE
:107330007A60002318461437BD4680BC70470000B1
:10734000F9F720FE0B480C490C4A002302E0D45800
:10735000C4500433C4188C42F9D3094A094C0023A1
:1073600001E013600432A242FBD302F031FCFFF7CC
:1073700025FA704700000020840000204CAA000875
:10738000840000203C180020FEE780B483B000AFEA
:1073900078607B689B889BB2013B9BB218460C3798
:1073A000BD4680BC704780B485B000AFF860B9605E
:1073B0001346FB80FB68BA681A60FB68FA889A80FB
:1073C000FB680022DA80FB6800221A8100BF1437B4
:1073D000BD4680BC704780B483B000AF78607B68E6
:1073E000DB889AB27B681B899BB2D31A9BB2184682
:1073F0000C37BD4680BC7047B0B584B000AF786034
:107400007B681C687B681B899DB27868FFF7BDFFAD
:1074100003462B409BB223441B78FB737B681B897C
:107420009BB201339AB27B681A81FB7B18461037F6
:10743000BD46B0BDB0B582B000AF78600B467B8072
:107440007B681C687B681B899AB27B8813449DB259
:107450007868FFF79AFF03462B409BB223441B78C2
:10746000DBB218460837BD46B0BD80B586B000AF68
:10747000F860B9601346FB80F868FFF786FF0346A3
:10748000FB821BE0FB68DB889BB20133BB82FB689D
:107490001B899BB2BA8A9A4216D0BB685A1CBA6042
:1074A000FA681268F968C98888B2F98A014089B215
:1074B0000A441B781370FB68BA8ADA80FB885A1E6C
:1074C000FA80002BDED100E000BF1837BD4680BD3A
:1074D00080B586B000AFF860B9601346FB80F868ED
:1074E000FFF753FF0346BB82F868FFF774FF0346BC
:1074F0007B82FA887B8A9A4201D97B8AFB800023AF
:10750000FB8218E0FB681B68FA68128991B2BA8A9C
:107510000A4092B21A44FB8AB9680B441278D2B27C
:107520001A70FB681B899BB201339AB2FB681A81FF
:10753000FB8A0133FB82FA8AFB889A42E2D3FB88FA
:1075400018461837BD4680BD80B584B000AF78605E
:107550000B467B807868FFF73EFF0346FB817A8805
:10756000FB899A4201D9FB897B807B681B899AB28F
:107570007B8813449AB27B681A8100BF1037BD46DE
:1075800080BD80B485B000AF03460A46FB80134639
:107590007B71A023FB81FB88DB099BB25B009BB264
:1075A00003F00203BB81FA89BB8913439BB21AB271
:1075B0007B79002B0CBF01230023DBB21BB21343EA
:1075C0001BB29BB218461437BD4680BC7047000002
:1075D00080B58AB004AF03463960FB801346BB8098
:1075E0000023FB8238E0FB8803F00F039BB2C3F15A
:1075F0001003BB82BA8AB988FB8ACB1A9342A8BF10
:1076000013467B82FB8801211846FFF7BAFF034629
:107610003B82FB88DBB298B2FB8A3A681344398A12
:10762000642202927A8A01920093012302460F4853
:10763000F9F7F2FD0346FB73FB7B002B01D0FB7BCC
:107640000FE0FA8A7B8A1344FB82FA887B8A134410
:10765000FB800520FAF764FDFA8ABB889A42C2D300
:10766000002318461837BD4680BD00BFB80700206C
:1076700080B588B004AF03463960FB801346BB80F9
:10768000FB8800211846FFF77CFF0346FB81FB883F
:10769000DBB29AB2F98964230293BB8801933B68F9
:1076A000009301230348F9F7B1FE0346184610374B
:1076B000BD4680BDB807002080B582B000AF7860BD
:1076C0000B467B8000BF094B1B681B681B6803F0DF
:1076D0004003402BF7D1054B18687A8864237968FA
:1076E000FDF7BAF800BF0837BD4680BD3C09002051
:1076F00080B582B000AF786039600E4A7B68136055
:107700000D4A3B6813600D4B00221A704FF48062E3
:107710000B490C48FFF747FE7B681B68DA687B68FB
:107720001B6842F01002DA6000F00EF800BF083764
:10773000BD4680BD3C09002040090020500F0020BC
:10774000500B0020440B002080B500AF0C4B1B6891
:10775000DB6B002B04D00A4B1B681846FDF72CF995
:10776000084B00221A70064B1B684FF40072064942
:107770001846FDF7FCF8034B01221A7000BF80BDCC
:107780003C090020500F00204409002080B584B03F
:1077900000AF0346FB804FF40073FB81FA89FB883E
:1077A000D31ABB81BB89002B09D0BA89FB899A42C5
:1077B00005D8BB891A4605490548FFF756FEFFF76D
:1077C000C3FF00BF1037BD4680BD00BF4409002085
:1077D000440B002080B5C4B000AF1CE000215E481F
:1077E000FFF728FE034687F8073197F80731AA2BE1
:1077F00003D05948FFF700FE0DE001215648FFF77E
:1078000019FE034687F8063197F80631552B09D043
:107810005148FFF7F1FD5048FFF7DDFD0346032B0C
:10782000DCD800E000BF4C48FFF7D5FD0346032B32
:1078300040F28A804848FFF7CEFD0346A7F804319E
:107840004FF6FF73A7F80E310323A7F80C311DE0A4
:10785000B7F80C3119464048FFF7ECFD03460D2BF5
:107860000FD1B7F80C3101339BB219463A48FFF7F4
:10787000E1FD03460A2B04D1B7F80C31A7F80E310D
:107880000BE0B7F80C310133A7F80C31B7F80C3125
:107890005A1CB7F804319A42DADBB7F90E31022BE1
:1078A00054DDB7F80E310233A7F80231B7F80231D0
:1078B000042B06D1FF2387F80B310023A7F80831EA
:1078C0000BE002212448FFF7B5FD034687F80B3192
:1078D000B7F80231053BA7F8083102211E48FFF72F
:1078E00033FE97F80B31FF2B02D01B48FFF784FDC6
:1078F000B7F80831002B0AD0B7F80831FA2B06D8B0
:10790000B7F808213B1D19461348FFF7E1FD12485F
:10791000FFF772FD034687F801310F48FFF76CFD52
:10792000034687F8003197F80B31FF2B0FD00B4B34
:107930001B68002B0BD0094B1B68B7F80821391DB9
:1079400097F80B01984702E000BF00E000BF07F581
:107950008877BD4680BD00BF440B00204009002051
:1079600080B5C4B000AF07F58873A3F588731960BC
:10797000114607F58873A3F2091302461A7007F53A
:107980008873A3F586730A461A800023A7F80E3180
:10799000B7F80E315A1CA7F80E211A4607F588735E
:1079A000A3F58273AA219954B7F80E315A1CA7F88F
:1079B0000E211A4607F58873A3F582735521995451
:1079C000B7F80E315A1CA7F80E21194607F588732F
:1079D000A3F5827307F58872A2F2091212785A543D
:1079E00007F58873A3F588731B68002B28D007F56B
:1079F0008873A3F586731B88002B21D007F5887345
:107A0000A3F586731B88FB2B1AD8B7F80E3107F144
:107A10000C02D01807F58873A3F586731A8807F54A
:107A20008873A3F58873196802F0F9F807F588736D
:107A3000A3F58673B7F80E211B881344A7F80E31FF
:107A4000B7F80E315A1CA7F80E211A4607F58873AD
:107A5000A3F582730D219954B7F80E315A1CA7F87B
:107A60000E211A4607F58873A3F582730A219954EB
:107A7000B7F80E2107F10C0311461846FFF71CFE5C
:107A800000BF07F58877BD4680BD80B5C4B000AFA4
:107A900007F58873A3F5867318600A4607F588739F
:107AA000A3F587731A800023A7F80E31B7F80E31BB
:107AB0005A1CA7F80E211A4607F58873A3F582739E
:107AC000AA219954B7F80E315A1CA7F80E211A466C
:107AD00007F58873A3F582735521995407F58873C8
:107AE000A3F586731B68002B28D007F58873A3F5D0
:107AF00087731B88002B21D007F58873A3F5877344
:107B00001B88FC2B1AD8B7F80E3107F10C02D018DD
:107B100007F58873A3F587731A8807F58873A3F5AB
:107B20008673196802F07BF807F58873A3F58773ED
:107B3000B7F80E211B881344A7F80E31B7F80E31A1
:107B40005A1CA7F80E211A4607F58873A3F582730D
:107B50000D219954B7F80E315A1CA7F80E211A4678
:107B600007F58873A3F582730A219954B7F80E219B
:107B700007F10C0311461846FFF79EFD00BF07F5FD
:107B80008877BD4680BD80B582B000AF78600B4677
:107B90007B807B8819467868FFF78EFD00BF083729
:107BA000BD4680BD80B5C4B000AF07F58873A3F5AE
:107BB000867318600A4607F58873A3F587731A80E1
:107BC0000023A7F80E3107F58873A3F586731B68A9
:107BD000002B28D007F58873A3F587731B88002B2B
:107BE00021D007F58873A3F587731B88FC2B1AD85F
:107BF000B7F80E3107F10C02D01807F58873A3F51A
:107C000087731A8807F58873A3F58673196802F0DD
:107C100006F807F58873A3F58773B7F80E211B885C
:107C20001344A7F80E31B7F80E2107F10C031146E3
:107C30001846FFF741FD00BF07F58877BD4680BDB8
:107C400080B485B000AF786039603B68FB60FB684A
:107C5000DAB27B681A70FB681A0A7B680133D2B209
:107C60001A70FB681A0C7B680233D2B21A70FB6878
:107C70001A0E7B680333D2B21A7000BF1437BD46A8
:107C800080BC704780B485B000AF78607B680333F8
:107C90001B781A067B6802331B781B041A437B6827
:107CA00001331B781B0213437A6812781343FB607D
:107CB000FB68BB60BB6818461437BD4680BC704784
:107CC00080B582B000AF03463960FB711346BB80BC
:107CD000FB7963F07F03DBB2BA8839681846FFF797
:107CE0003FFE00BF0837BD4680BD80B582B000AF03
:107CF0000346FB71FB79002200211846FFF7E0FFE5
:107D000000BF0837BD4680BD80B483B000AF0346D6
:107D1000FB71FB79013B042B1BD801A252F823F025
:107D2000357D00083B7D0008417D0008477D000847
:107D30004D7D00084FF4E1230CE04FF47A3309E065
:107D40004FF4E13306E04FF4964303E04FF416534B
:107D500000E0002318460C37BD4680BC704700BFCA
:107D600080B58CB000AFF860B9607A6000237B62A8
:107D700000233B62BB68012B01DC0023DCE0796857
:107D80007868F9F7A5F80346002B22D10023FB61A0
:107D90000DE07B6A5A1C7A621A46FB6813446849F4
:107DA000FA690A4412781A70FB690133FB61644A6C
:107DB000FB6913441B78002B04D0BB68013B7A6A33
:107DC0009A42E6DB7B6AFA68134400221A707B6AE7
:107DD000B2E04FF000017868F9F784F80346002B11
:107DE00010D0BB68013B7A6A9A4207DA7B6A5A1C58
:107DF0007A621A46FB6813442D221A707B6883F05E
:107E000000437B607868F9F795F80346FB62F86AEF
:107E1000F8F772FE034619467868F8F7BBFD03468B
:107E200048491846F8F7C0FE03464FF07C51184603
:107E3000F8F7B2FD03461846F9F77CF80346BB6233
:107E4000BB6A414A934204D9FB6A0133FB620023B7
:107E5000BB62F96A3D4BA3FB0123DA0813469B0082
:107E600013445B00CA1AD2B23B6A591C39623032E1
:107E7000D2B230333B4403F8202CFB6A334AA2FBD6
:107E80000323DB08FB62FB6A002B12D03B6A0B2B3F
:107E9000DFDD0EE03B6A013B3B627B6A5A1C7A6283
:107EA0001A46FB68134407F110013A6A0A44127833
:107EB0001A703B6A002B04DDBB68013B7A6A9A4268
:107EC000E8DBBB68013B7A6A9A4207DA7B6A5A1C94
:107ED0007A621A46FB6813442E221A700523FB614E
:107EE00021E0BB68013B7A6A9A4219DA184AFB69B9
:107EF00052F82330BA6AB2FBF3F1144BA3FB01230F
:107F0000DA0813469B0013445B00CA1AD2B27B6A9C
:107F1000591C79621946FB680B443032D2B21A7090
:107F2000FB69013BFB61FB69002BDADA7B6AFA68CB
:107F3000134400221A707B6A18463037BD4680BD54
:107F400060A90008002474493F420F00CDCCCCCC7E
:107F500064A9000880B584B000AF0346FB71FB79CB
:107F6000FB7307F10F03012219467C20FFF730FB5A
:107F700000BF1037BD4680BD80B584B000AF7860CB
:107F80002E4A7B6813600023FB810CE0FB89DB0039
:107F90007A68DA40FB89D2B210333B4403F8082CEC
:107FA000FB890133FB81FB89032BEFD907F1080320
:107FB000042219467820FFF70BFB00BF204B1B68FB
:107FC0001B6803F04003402BF8D11D4B1B686FF07A
:107FD00040021A601A4BDB6B002B02D01848FCF7EA
:107FE000EBFC1748FCF706FC154B164A1A60144ABE
:107FF0007B685360124B00229A60114B0022DA60BA
:108000000F4B00221A610E4B0C225A610C4B0022BE
:108010009A610B4B0022DA610948FCF79BFB084B85
:108020001B68DA68064B1B6842F01002DA60FFF743
:108030008BFB00BF1037BD4680BD00BF2400002071
:10804000AC0800200038014080B58CB000AF03467A
:10805000FB71334BDB78DBB2002B04D0304BDB7889
:10806000DBB2012B58D1002387F82F3015E097F8A9
:108070002F302C4A52F82330BB6297F82F309B00E8
:108080001A4607F10C031344B96A1846FFF7D8FDE6
:1080900097F82F30013387F82F3097F82F30052BC2
:1080A000E5D91F4BDB78DBB2012B12D1002387F817
:1080B0002430002387F82530802387F826307F235B
:1080C00087F8273007F10C031C211846FFF76AFDDB
:1080D00023E0182387F82F3011E097F82F305A1E2D
:1080E00097F82F3030323A4412F8242C30333B4486
:1080F00003F8242C97F82F30013B87F82F3097F89E
:108100002F30002BE9D1FB793B7307F10C031921C8
:108110001846FFF7BAFC00E000BF3037BD4680BD0F
:1081200008010020A800002090B5CBB000AF07F5F3
:108130009473A3F594731960114607F59473A3F231
:10814000211302461A7007F59473A3F592730A4639
:108150001A8007F59473A3F221131B78013B362B89
:1081600000F2CC8201A252F823F000BF498200083D
:10817000618200087F820008878200083983000836
:108180004D83000887830008ED820008FD86000803
:10819000FD860008FD860008FD860008FD860008B3
:1081A000FD860008FD860008FD860008FD860008A3
:1081B000FD860008FD860008FD860008FD86000893
:1081C000FD860008FD860008FD860008FD86000883
:1081D000FD860008FD860008FD860008FD86000873
:1081E000FD860008FD86000853860008FD8600080D
:1081F000FD860008FD860008FD860008FD86000853
:10820000FD860008FD860008FD860008FD86000842
:10821000FD860008FD860008FD860008FD86000832
:10822000FD860008FD860008FF8300082184000801
:10823000398400080F860008F3850008318600089D
:108240005184000867840008A54B00221A7007F5C6
:108250009473A3F221131B781846FFF746FD55E2ED
:10826000A048FBF7D5FE9E4B01221A7007F59473C8
:10827000A3F221131B781846FFF737FD46E20320CF
:10828000FFF7E2FE42E207F59473A3F592731B88B1
:10829000002B07D1924B9B899BB201339AB2904B32
:1082A0009A8133E207F59473A3F594731B681B78E6
:1082B0001846FFF729FDC7F81001D7F81031002B39
:1082C00007D1874B9B899BB201339AB2844B9A8129
:1082D0001CE207F59473A3F221131B781846FFF7ED
:1082E00004FDD7F81001FFF747FE0FE207F594737E
:1082F000A3F592731B88002B07D1794B9B899BB206
:1083000001339AB2764B9A8100E207F59473A3F594
:1083100094731B681B78002B14BF01230023DBB26E
:108320001A466F4B9A7007F59473A3F221131B78CA
:108330001846FFF7DAFCE9E16B48F8F71BFE034645
:108340009BB219466848FFF71EFCDFE1664B1B69CC
:108350001B0CDBB287F87830634B1B691B0ADBB25E
:1083600087F87930604B1B69DBB287F87A3007F108
:10837000780107F59473A3F221131B7803221846A2
:10838000FFF79EFCC2E1564B1B78DBB287F87830D2
:10839000534B5B78DBB287F87930514B9B78DBB27B
:1083A00087F87A304E4BDB78DBB287F87B304C4B6A
:1083B0005B899BB2DBB287F87C30494B5B899BB20F
:1083C0001B0A9BB2DBB287F87D30454B9B899BB281
:1083D000DBB287F87E30424B9B899BB21B0A9BB273
:1083E000DBB287F87F3007F1780107F59473A3F2C9
:1083F00021131B7808221846FFF762FC86E13948F2
:10840000FBF706FE00F084FA354B01221A7107F5DE
:108410009473A3F221131B781846FFF766FC75E1ED
:108420002F4B0022DA7007F59473A3F221131B7807
:108430001846FFF75AFC69E1294B0122DA7007F56B
:108440009473A3F221131B781846FFF74EFC5DE1ED
:1084500000F004FB07F59473A3F221131B78184670
:10846000FFF743FC52E10023C7F82431BBE00023AF
:10847000C7F820317023C7F8143107F1080306222A
:108480001A49184601F0CBFB0623C7F82031D7F86C
:108490002431DAB2D7F82031591CC7F82011313213
:1084A000D1B207F59472A2F59072D154D7F8203169
:1084B0005A1CC7F8202107F59472A2F590723A2150
:1084C000D154D7F820315A1CC7F8202107F59472EF
:1084D000A2F590722021D1540023C7F81C3153E03B
:1084E00008010020640800200C0000207CA900087E
:1084F000D7F8203107F10802D018D7F81421D7F89F
:108500002031D11A844CD7F8242113465B00134440
:108510005B00D7F81C21134454F823301A46FFF7A8
:108520001FFC0246D7F820311344C7F82031D7F892
:108530001C31052B23D0D7F81431013BD7F820216B
:108540009A420ADAD7F820315A1CC7F8202107F5D9
:108550009472A2F590722C21D154D7F81431013BBA
:10856000D7F820219A420ADAD7F820315A1CC7F8E6
:10857000202107F59472A2F590722021D154D7F8EA
:108580001C310133C7F81C31D7F81C31052BAFDD86
:10859000D7F81431023BD7F820219A4215DAD7F8E0
:1085A00020315A1CC7F8202107F59472A2F5907269
:1085B0000D21D154D7F820315A1CC7F8202107F5D6
:1085C0009472A2F590720A21D154D7F820319AB250
:1085D00007F1080311461846FFF7D5FAD7F82431FA
:1085E0000133C7F82431D7F82431052B7FF73FAF8B
:1085F0008CE04A4B00225A7001F09CF807F5947306
:10860000A3F221131B781846FFF76FFB7EE0434B64
:1086100001225A700120FFF79DFC01F08BF807F54D
:108620009473A3F221131B781846FFF75EFB6DE0ED
:108630003A4B02225A700220FFF78CFC01F07AF8C4
:1086400007F59473A3F221131B781846FFF74DFB2F
:108650005CE007F59473A3F592731B88182B07D879
:108660002E4B9B899BB201339AB22C4B9A814DE0E1
:108670000023C7F8183123E0D7F818319B000133E5
:1086800007F59472A2F5947212681A4407F5947370
:10869000A3F594731B681B781C461046FFF7F2FA8B
:1086A00001461D4823465B0023445B00D7F8182190
:1086B000134440F82310D7F818310133C7F81831A4
:1086C000D7F81831052BD7DD07F59473A3F594730C
:1086D0001B681B78184600F0C7F807F59473A3F5DC
:1086E00094731B681A7807F59473A3F221131B780F
:1086F0001343DBB21846FFF7F8FA07E0074B9B89F4
:108700009BB201339AB2054B9A8100BF00BF07F5B7
:108710009677BD4690BD00BF1C01002008010020D7
:1087200080B592B000AF00237B6400233B6400233C
:10873000FB630023BB6307F11803202200211846C6
:1087400001F0F2F93B4600221A605A609A60DA6042
:108750001A615A6100237B6476E07B6C052B0DD097
:108760007B6C9BB21A4652001344DB009BB207F1AC
:10877000180118221846FEF77BFF06E007F11803E0
:10878000182219468020FEF773FF00233B643CE06B
:108790003B6C002B00DA03339B10FB633B6C5A42AB
:1087A00003F0030302F0030258BF5342BB63BB6BE9
:1087B000002B05DA284B294A5621294801F07CF87C
:1087C000FB6B9B0048333B4453F8482CBB6BC3F115
:1087D0000303DB00FF2101FA03F3DB431A4007F137
:1087E00018013B6C0B441B781946BB6BC3F10303A8
:1087F000DB0001FA03F31A43FB6B9B0048333B4455
:1088000043F8482C3B6C01333B643B6C172BBFDDBA
:1088100000233B6412E03B6C9B0048333B4453F81D
:10882000481C10487A6C13465B0013445B003A6C9A
:10883000134440F823103B6C01333B643B6C052B25
:10884000E9DD7B6C01337B647B6C052B85DD0123CB
:1088500018464837BD4680BDB8A8000884A900085E
:10886000C8A800081C01002080B582B000AF0346F4
:10887000FB71FB79052B12D0FB799BB21A46520093
:108880001344DB0098B2FA7913465B001344DB0013
:108890000E4A134418221946FEF79AFE11E0FB799E
:1088A000052B0CD1FA7913465B001344DB00074A11
:1088B0001344182219468020FEF78AFE01E00023A7
:1088C00000E0012318460837BD4680BD1C0100208A
:1088D00080B500AF182203499820FEF779FE0123E6
:1088E000184680BDF000002080B500AF4FF4007244
:1088F0000021054801F018F94FF4017200210348E6
:1089000001F012F900BF80BD540F00205411002067
:1089100080B483B000AF134B0022C3F8E021114BA9
:108920000022C3F8E4210F4B012283F800220D4BF3
:10893000002283F8012200237B6009E0094A7B685A
:108940007A334FF0000142F823107B6801337B60DB
:108950007B68052BF2DD00BF00BF0C37BD4680BC35
:10896000704700BF5411002090B585B000AF78600B
:108970000023FB730023BB730023FB7317E0FB7B17
:10898000254A7A3352F82300FB7B9B007A68134414
:108990001B68FC7B1946F7F7FFFF034619461E4A82
:1089A00004F17A0342F82310FB7B0133FB73FB7B5A
:1089B000052BE4D9184BD3F8E4310133164AC2F839
:1089C000E431154BD3F8E431132B21DD0023BB73C5
:1089D00013E0BB7B104A7A3352F82330BC7B0F493B
:1089E0001846F8F795F9034619460D4A04F11203A3
:1089F00042F82310BB7B0133BB73BB7B052BE8D94B
:108A0000054B002283F80022034B012283F8012248
:108A100000BF1437BD4690BD541100200000A04196
:108A2000A800002080B400AF034B002283F801228D
:108A300000BFBD4680BC70475411002080B400AF19
:108A4000054B93F80132002B14BF01230023DBB246
:108A50001846BD4680BC70475411002080B483B0D6
:108A600000AF144B002283F80022124B002283F83F
:108A70000122104B0022C3F8E42100237B6010E0A8
:108A80000D4A7B6812334FF0000142F82310094A67
:108A90007B687A334FF0000142F823107B68013382
:108AA0007B607B68052BEBDD00BF00BF0C37BD464C
:108AB00080BC704754110020A800002080B582B00F
:108AC00000AF78607B68114A1A607B68104A5A6070
:108AD0007B68104A9A607B680F4ADA607B680F4AAD
:108AE0001A617B6800225A637B6800229A637B6864
:108AF0000022DA637B6800221A647B68DB6878688E
:108B0000984700BF0837BD4680BD00BFF1920008FE
:108B1000B1920008D192000889920008E191000802
:108B200080B584B000AF78607B680822A3F8442049
:108B30000023FB7307E0FB7B7A681344FF221A755E
:108B4000FB7B0133FB73FB7B9AB27B68B3F8443049
:108B50009A42F0D3786800F002FB7B681B694FF4FF
:108B60007A70984700BF1037BD4680BD80B582B08F
:108B700000AF786001220521786800F025FA7B6853
:108B800093F8253018460837BD4680BD80B582B0C1
:108B900000AF78600B46FB707B680022DA647B686C
:108BA000DA6C7B6893F85030D9037B6893F85130C6
:108BB0001B0319437B6893F852305B010B437968C0
:108BC00091F853100B431A437B68DA647B68DA6CC4
:108BD000F9780223786800F067FA00BF0837BD46CD
:108BE00080BD80B582B000AF78600B46FB707B68BB
:108BF00093F86930022B03D10121786800F0C3F9A2
:108C00007B6893F86930122B03D10021786800F05B
:108C1000BAF97B6800225A657B685A6D7B6893F8C5
:108C20006430D9027B6893F865301B0219437B6876
:108C300093F86630DB0119437B6893F867309B013A
:108C400019437B6893F868305B0119437B6893F89C
:108C50006930DB0003F018030B43796891F86A1060
:108C60000B431A437B685A65FB781933D9B27B688A
:108C70005A6D0223786800F017FA7B6800229A6523
:108C80007B689A6D7B6893F86B301B047968B1F848
:108C90006C100B431A437B689A65FB782133D9B279
:108CA0007B689A6D0323786800F0FEF900BF0837EF
:108CB000BD4680BD80B582B000AF78600222012140
:108CC000786800F081F902467B681A677B681A6F42
:108CD00040F63C1313407A6813677B681A6F7B6811
:108CE00093F8743019037B6893F876309B0219432C
:108CF0007B6893F877305B0219437B6893F879308F
:108D00009B010B43796891F87B100B431A437B68F6
:108D10001A677B681A6F02230121786800F0C4F992
:108D200000BF0837BD4680BD80B582B000AF786017
:108D30000B46FB70FB781946786800F0DCF87B681E
:108D40005B687A68506B7A68926B114698477B68CB
:108D50009B687A68506B7A68926B1146984700BF9F
:108D60000837BD4680BD80B582B000AF7860042171
:108D7000786800F0C0F87B685B687A68506B7A6846
:108D8000926B1146984700BF0837BD4680BD80B53D
:108D900084B000AF78607B6893F87A30102B59D09C
:108DA000102B00F3A480012B02DC002B05DA9EE0DF
:108DB000023B062B00F29B8099E07B6802221A7529
:108DC0007B681B7D03F07F03DAB27B681A757B68D2
:108DD0001B7D43F04003DAB27B681A757B6804227E
:108DE000A3F844207B6893F87630012B07D17B6889
:108DF000B3F8443001339AB27B68A3F844200023CF
:108E0000FB7307E0FB7B7A681344FF225A75FB7BF8
:108E10000133FB73FB7B9AB27B68B3F844309A4210
:108E2000F0D3786800F0BFF97B6893F825301A0416
:108E30007B6893F826301B0213437A6892F8272048
:108E40001A437B689A647B6893F828207B6883F8D0
:108E500046204CE07B6800221A757B680322A3F849
:108E600044207B6893F87630012B07D17B68B3F8F8
:108E7000443001339AB27B68A3F844207B68B3F88E
:108E8000443001339AB27B68A3F844200023BB73BB
:108E900007E0BB7B7A68134400225A75BB7B013321
:108EA000BB73BB7B9AB27B68B3F844309A42F0D371
:108EB000786800F078F97B6893F824301A047B68AE
:108EC00093F825301B0213437A6892F826201A4340
:108ED0007B689A647B6893F827207B6883F8462038
:108EE0007B6893F828207B6883F8472000BF00BF89
:108EF0001037BD4680BD80B586B000AF78600B46A8
:108F0000FB7002220121786800F05EF80346FB60E6
:108F1000FB6823F4036323F00C03FB60FA68FB781F
:108F20009B0003F03C01FB78DB0103F400630B437F
:108F30001343FB607B68FA7883F87A20FA6802238F
:108F40000121786800F0B0F800BF1837BD4680BD39
:108F500080B584B000AF78600B46FB700122002121
:108F6000786800F031F80346DBB23B733A7BFB785C
:108F70001340DBB2002B01D0012300E00023184690
:108F80001037BD4680BD80B586B000AF78600B4617
:108F9000FB7002220121786800F016F80346FB609E
:108FA000FB6823F48073FB60FA68FB781B021343B1
:108FB000FB60FA6802230121786800F075F800BFB1
:108FC0001837BD4680BD000080B586B000AF786020
:108FD0000B46FB701346BB707B68FA781A757B688A
:108FE0001B7D03F07F03DAB27B681A757B681B7DFB
:108FF00043F04003DAB27B681A75BB789BB2013349
:109000009AB27B68A3F844207B68B3F844300133FC
:109010009AB27B68A3F844200023FB7507E0FB7D30
:109020007A681344FF225A75FB7D0133FB75FA7D84
:10903000BB789A42F3D3786800F091F87B68DB6FD5
:1090400003F00403002B0AD0FB78164AD35C0133EB
:109050007A68134493F824207B6883F847207B6860
:109060001A7D7B6883F8242000233B610023FB7377
:109070000FE03B691B023B61FB7B01337A681344C1
:1090800093F824301A463B6913433B61FB7B013361
:10909000FB73FA7BBB789A42EBD33B6918461837CF
:1090A000BD4680BD94A9000890B587B000AFF860B8
:1090B0007A601A460B46FB721346BB72FB68FA7A5B
:1090C0001A75FB681B7D03F07F03DAB2FB681A7523
:1090D000FB681B7D23F04003DAB2FB681A75BB7A8C
:1090E0009BB201339AB2FB68A3F844207B687B6192
:1090F0000023FB740FE0BA7AFB7C0133D31A7A6940
:10910000D1B2FA6813440A465A757B691B0A7B611F
:10911000FB7C0133FB74FA7CBB7A9A42EBD3FB688D
:1091200003F11402FB68B3F84430DBB2BC7A194691
:10913000104600F071F803461A46FB6823445A753E
:10914000FB68B3F8443001339AB2FB68A3F84420BB
:10915000F86800F004F800BF1C37BD4690BD80B52C
:1091600082B000AF78607B689B687A68506B7A68E1
:10917000926B114698477B681B687A6802F114006D
:109180007A6802F124017A68B2F8442098477B6833
:109190005B687A68506B7A68926B1146984700BF9B
:1091A0000837BD4680BD80B582B000AF78607B686F
:1091B0009B687A68506B7A68926B114698477B6817
:1091C0001B687A6802F114007A6802F124017A6857
:1091D000B2F84420984700BF0837BD4680BD000064
:1091E00080B483B000AF78607B68C82202FB03F3D1
:1091F000084AA2FB0323DB087B60FFE77B685A1E5B
:109200007A60002BFAD100BF00BF0C37BD4680BC8E
:10921000704700BFCDCCCCCC80B485B000AF7860B7
:109220000B46FB700023FB730023BB7322E0BB7B68
:109230007A6813441A78FB7B5340FB7300237B73DB
:1092400012E097F90F30002B08DA97F90F305B0026
:109250005BB283F007035BB2FB7302E0FB7B5B0056
:10926000FB737B7B01337B737B7B072BE9D9BB7B58
:109270000133BB73BA7BFB789A42D8D3FB7B184689
:109280001437BD4680BC704780B485B000AF7860AD
:109290007B68FB60FB68054A5A63FB6810229A638F
:1092A00000BF1437BD4680BC704700BF00080140B6
:1092B00080B582B000AF786039603B689BB2012214
:1092C00019467868F9F7A0FD00BF0837BD4680BD94
:1092D00080B582B000AF786039603B689BB20022F5
:1092E00019467868F9F790FD00BF0837BD4680BD84
:1092F00080B586B002AFF860B9601346FB80FB888A
:1093000064220092BA68F9680848FAF788FA0346B6
:10931000002B05D00548FAF72BFC4FF0FF3300E097
:10932000002318461037BD4680BD00BF0C08002042
:1093300080B58EB000AFF860B9607A603B60BB6802
:109340007B617B68BB613B68FB613B6C3B627B6C18
:109350007B62BB6CBB62002387F837300121F86861
:10936000FFF7E2FC002387F82F3057E04FF4FA7341
:109370003B6300BF8021F868FFF7EAFD0346012B3D
:1093800005D13B6B013B3B633B6B002BF2D13B6B4D
:10939000002B02D14FF0FF3346E0F868FFF7F7FCEF
:1093A000FB6893F8463003F00F0387F82E3097F8E8
:1093B0002E30052B2DD897F8372097F82E3022FA2B
:1093C00003F303F00103002B23D197F82E309B0009
:1093D00038333B4453F8243C002B09D097F82E3007
:1093E0009B0038333B4453F8243CFA68926C1A6073
:1093F00097F82E30012202FA03F3DAB297F83730E9
:10940000134387F8373097F837303F2B01D10023CB
:109410000AE097F82F30013387F82F3097F82F3074
:109420000B2BA3D94FF0FF3318463837BD4680BD0C
:1094300090B587B004AF78607B68181D7B6803F136
:1094400008047B680C337A68103279681431029111
:10945000019200932346024679680448FFF768FFAB
:10946000034618460C37BD4690BD00BF5C13002074
:1094700080B584B000AF0346FB717D48FFF704FF61
:109480007B48FFF71BFB7A48FFF74AFBFF23FB7380
:10949000784B00221A707648FFF768FB0346FB738F
:1094A000FB7B282B0DD0734B1B780133DAB2714B49
:1094B0001A707148FDF7C0F801216E48FEF763FB92
:1094C000E9E700BF6A48FFF74EFC694B012283F8C9
:1094D0005020674B002283F85120654B002283F80F
:1094E0005220634B012283F8532009216048FFF783
:1094F0004DFB5F4B012283F850205D4B002283F827
:1095000051205B4B022283F85220594B032283F8EF
:1095100053200A215648FFF739FB554B012283F8A7
:109520005020534B002283F85120514B042283F8E2
:1095300052204F4B052283F853200B214C48FFF754
:1095400025FB4B4B012283F85020494B002283F826
:109550005120474B062283F85220454B072283F8BF
:1095600053200C214248FFF711FB414B012283F8A5
:1095700050203F4B002283F851203D4B082283F8B6
:1095800052203B4B092283F853200D213848FFF726
:10959000FDFA374B012283F85020354B002283F827
:1095A0005120334B0A2283F85220314B0B2283F88F
:1095B00053200E212E48FFF7E9FA2D4B012283F8A4
:1095C00064202B4B012283F86720294B012283F86A
:1095D0006820274B002283F86920254B002283F85E
:1095E0006520234B002283F86620214B072283F855
:1095F0006A201F4B402283F86B20FB799AB21C4BE8
:10960000A3F86C2000211A48FFF7EBFA0121184853
:10961000FFF7E7FA02211648FFF7E3FA032114489F
:10962000FFF7DFFA04211248FFF7DBFA05211048A3
:10963000FFF7D7FA0E4B022283F879200C4B002259
:1096400083F87B200A4B012283F87620084B002206
:1096500083F87720064B002283F874200448FFF734
:1096600029FB0648FCF7E8FF00BF1037BD4680BD68
:109670005C1300205813002004A9000818A9000852
:1096800080B483B000AF00237B60284B1B68002BA5
:1096900012D0264B1B68DB6803F40053002B03D069
:1096A000234B01221A730EE0214B00221A737B68B0
:1096B00043F480337B6006E01D4B00221A737B6805
:1096C00043F480337B60194BDB6B002B18D0174BB6
:1096D000DB6B1B68002B13D0144BDB6B1B681B6808
:1096E00003F00103002B03D0114B01225A730EE04B
:1096F0000F4B00225A737B6843F400337B6006E013
:109700000B4B00225A737B6843F400337B60084B99
:109710001B6823F470227B681343054A13607B683F
:1097200018460C37BD4680BC704700BFAC0800200F
:10973000DC13002080B483B000AF00237B6031E0F5
:1097400000233B600BE01C497B685A013B681344D3
:109750004FF0000241F823203B6801333B603B6837
:109760001D2BF0DD144A7B68DB01134478334FF086
:1097700000021A60104A7B68DB0113447C3300222C
:109780001A700D4A7B68DB0113447D3300221A7086
:10979000094A7B68DB0113447E3300221A707B6820
:1097A00001337B607B68052BCADD00BF00BF0C372F
:1097B000BD4680BC704700BFF013002080B584B068
:1097C00000AF03463960FB71FB79052B02D94FF0DE
:1097D000000367E0FB79DB01344A1344BB60BB68DC
:1097E00093F87E30002B1FD10023FB6007E0BB689D
:1097F000FA68396843F82210FB680133FB60FB68A4
:109800001D2BF4DD2A493868F7F7CEF903461A46CE
:10981000BB689A67BB681E2283F87D20BB68012263
:1098200083F87E203B683DE0BB689A6FBB6893F885
:109830007C301946BB6853F8213019461046F7F7BB
:10984000A9F803461A46BB689A67BB6893F87C3050
:109850001946BB683A6843F82120BB689B6F39689A
:109860001846F7F799F803461A46BB689A67BB682B
:1098700093F87C305A1C0F4B83FB021313441911CD
:10988000D317C91A0B461B015B1A5B00D11ACAB267
:10989000BB6883F87C20BB689B6F05491846F7F7C7
:1098A00037FA034618461037BD4680BDF013002036
:1098B0000000F041898888881FB514461A46094B74
:1098C00005461B68D8684CB1074BCDE901340091BF
:1098D0002B46064900F0B4F800F0AFF9044B1C46E3
:1098E000F3E700BF34000020CDA90008DAA9000882
:1098F00008AA0008002310B50446C0E90033C0E9F7
:109900000433836081814366C281836119460822E2
:109910005C3000F009F90D4B246263620C4BA362CA
:109920000C4BE3620C4B23630C4B9C4206D003F1BF
:109930006802944202D0D0339C4205D104F1580011
:10994000BDE8104000F068B910BD00BFA19A000842
:10995000C39A0008FB9A0008219B0008F01600201B
:10996000024A0349034800F07DB800BF28000020E8
:10997000D9A400083800002041680C4B10B599426A
:10998000044601D000F0A8FDA168094B994202D01D
:10999000204600F0A1FDE168064B994204D0204624
:1099A000BDE8104000F098BD10BD00BFF0160020CB
:1099B00058170020C01700200C4B0D4A10B5042189
:1099C0001A600C480022FFF795FF0A4B01221C4643
:1099D000092103F16800FFF78DFF04F1D000022296
:1099E000BDE810401221FFF785BF00BF28180020F6
:1099F00061990008F0160020014800F00EB900BF80
:109A000031180020014800F009B900BF31180020CA
:109A100010B50446FFF7F0FF236A1BB1BDE8104004
:109A2000FFF7F0BF044B2362044B1B68002BF5D1FA
:109A3000FFF7C2FFF2E700BF79990008281800205D
:109A40000EB403B5014603AB054853F8042B006878
:109A5000019300F017FA02B05DF804EB03B0704711
:109A6000340000202DE9F8430746884614460026B6
:109A7000D4E90195B9F1010905D52468002CF7D185
:109A80003046BDE8F883AB89012B07D9B5F90E3014
:109A9000013303D029463846C04706436835E9E715
:109AA00010B50C46B1F90E1000F068F80028ABBFF5
:109AB000636DA3891B1823F48053ACBF6365A38136
:109AC00010BD2DE9F0411F468B890546DB050C468C
:109AD000164605D502230022B1F90E1000F03CF81D
:109AE000A389324623F48053A38128463B46B4F928
:109AF0000E10BDE8F04100F053B810B50C46B1F9B6
:109B00000E1000F029F8B4F90C30421C0BBF23F4FE
:109B1000805343F48053A381A38118BF606510BDB7
:109B2000B1F90E1000F008B803460244934200D188
:109B3000704703F8011BF9E738B50023054D0446CB
:109B400008462B60FDF7CBFB431C02D12B6803B109
:109B5000236038BD2C18002038B50446084611464D
:109B60000022054D2A601A46FDF7DDFB431C02D199
:109B70002B6803B1236038BD2C18002038B504468B
:109B8000084611460022054D2A601A46FDF78AFB59
:109B9000431C02D12B6803B1236038BD2C18002070
:109BA00038B50446084611460022054D2A601A467B
:109BB000FDF78CF9431C02D12B6803B1236038BD3B
:109BC0002C180020014B1868704700BF340000209B
:109BD00070B500260C4D0D4B5B1B9C10A64209D1A5
:109BE000002600F015FE0A4D0A4B5B1B9C10A64296
:109BF00005D170BD55F8043B98470136EEE755F89E
:109C0000043B98470136F2E744AA000844AA00083A
:109C100044AA000848AA00087047704770470A44E1
:109C2000914200F1FF3300D1704710B511F8014B9C
:109C3000914203F8014FF9D110BD062008B500F09C
:109C40002DFD0120FDF723FB38B50546002940D046
:109C500051F8043C0C1F002BB8BFE41800F0DEF8EC
:109C60001C4A136833B9636014602846BDE8384065
:109C700000F0DAB8A34208D9206821188B4201BF4E
:109C800019685B6809182160EDE71A465B680BB13B
:109C9000A342FAD911685018A0420BD120680144A0
:109CA000501883421160E0D118685B680844106066
:109CB0005360DAE702D90C232B60D6E7206821181D
:109CC0008B4201BF19685B680918216063605460AA
:109CD000CBE738BD3818002070B50F4E0C46316800
:109CE000054611B900F0F6FC30602146284600F028
:109CF000F1FC431C03D14FF0FF34204670BDC41C5F
:109D000024F00304A042F8D0211A284600F0E2FC17
:109D10000130F2D1EFE700BF341800202DE9F843FD
:109D2000CD1C25F0030508350C2D38BF0C25002D62
:109D3000064601DBA94204D90C2333600020BDE8AC
:109D4000F883DFF8D48000F069F8D8F800301C46BA
:109D500044BB29463046FFF7BFFF431C044658D199
:109D6000D8F800402746002F43D1002C4BD0236861
:109D70003946304604EB030900F0ACFC814542D182
:109D8000216830466D1A2946FFF7A6FF01303AD008
:109D900023682B442360D8F800305A6862BBC8F8A7
:109DA00000700FE02268521B20D40B2A17D96119CA
:109DB000A342256018BF5960636808BFC8F8001047
:109DC00062514B60304600F02FF804F10B00231D68
:109DD00020F00700C21A1CBF1B1AA350AFE762682D
:109DE000A3420CBFC8F800205A60EBE72346646822
:109DF000AEE73C467F68B6E71A465B68A342FBD1F4
:109E000000235360DEE70C233046336000F00CF88B
:109E100094E70560D6E700BF381800200148FFF737
:109E2000FCBE00BF301800200148FFF7F7BE00BF9E
:109E300030180020936810B4013B002B936007DAC0
:109E40009469A34201DB0A2902D110BC00F06CBB6B
:109E50001368581C10601970084610BC7047F8B59C
:109E600006460F461446D518AC4201D1002007E043
:109E70003A46304614F8011BFFF7DCFF431CF3D1D0
:109E8000F8BD00002DE9F0470D4614461F46064672
:109E90009CB018B1036A0BB9FFF7BAFD6B6ED90716
:109EA00005D4AB899A0502D4A86DFFF7B6FEAB893D
:109EB0001B0701D52B699BB92946304600F072FB80
:109EC00070B16B6EDC0704D54FF0FF301CB0BDE8FD
:109ED000F087AB899805F7D4A86DFFF79FFEF3E7ED
:109EE0000023099320238DF8293030234FF00108F7
:109EF0000397694F8DF82A302346994613F8012BB2
:109F00000AB1252AF9D1B9EB040A0BD053462246EF
:109F100029463046FFF7A3FF013000F0A480099ADC
:109F20005244099299F80030002B00F09C800023E5
:109F30004FF0FF32CDE9052309F10109049307939E
:109F40008DF853301A934C46052214F8011B5248E1
:109F500000F0D0FB049BD0B9D90644BF20228DF875
:109F600053201A0744BF2B228DF8532099F8002064
:109F70002A2A13D04C4600204FF00A0C079A21469B
:109F800011F8013B303B092B49D968B913E0C01BDC
:109F900008FA00F01843A1460490D4E7039A111D73
:109FA00012680391002A01DB079204E0524243F059
:109FB00002030792049323782E2B0AD163782A2B6D
:109FC00032D1039B02341A1D1B68039243EAE373E8
:109FD0000593DFF8C89003224846217800F08AFBF9
:109FE00038B14022049BA0EB0900824013430134A6
:109FF000049314F8011B062229488DF8281000F05C
:10A0000079FB00283ED0274818BB039B073323F079
:10A01000070308330393099B034409936CE70C4639
:10A0200001200CFB0232AAE700234FF00A0C19466C
:10A0300001340593204610F8012B303A092A03D940
:10A04000002BC6D00591C4E7044601230CFB012177
:10A05000F0E703AB00932A463046134B04A9AFF355
:10A060000080431CD7D16B6ED90705D4AB899A0504
:10A0700002D4A86DFFF7D2FDAB895B063FF524AF94
:10A08000099823E703AB00932A463046064B04A900
:10A0900000F07EF8E5E700BF09AA00080FAA000853
:10A0A00013AA0008000000005F9E00082DE9F04799
:10A0B000164698468A680B6907469342B8BF13460E
:10A0C000336091F843200C46DDF820900AB101334B
:10A0D00033602368990642BF3368023333602568D2
:10A0E00015F0060506D104F1190AE36832689B1AD7
:10A0F000AB422BDC94F843302268003B18BF0123AD
:10A10000920630D44146384604F14302C847013034
:10A1100023D02368226903F00603042B14BF002513
:10A1200033684FF0000608BFE56804F11A0408BF61
:10A13000ED1A54F8123C08BF25EAE5759342C4BFF6
:10A140009B1AED18B5421AD1002008E001235246AF
:10A1500041463846C847013003D14FF0FF30BDE8D3
:10A16000F0870135C1E73020E11881F843005A1C1F
:10A1700094F845102244023382F84310C2E70123C9
:10A18000224641463846C8470130E6D00136D9E775
:10A190002DE9F0430D7E85B0782D904607460C469C
:10A1A00099460C9E01F1430207D8622D0AD8002D72
:10A1B00000F0D780582D00F0BC8004F1420684F8EE
:10A1C00042503BE0A5F16303152BF6D801A151F8ED
:10A1D00023F000BF2DA2000841A20008BBA1000887
:10A1E000BBA10008BBA10008BBA1000841A2000858
:10A1F000BBA10008BBA10008BBA10008BBA10008CF
:10A2000049A300086BA20008FBA20008BBA100083C
:10A21000BBA100086BA30008BBA100086BA200084B
:10A22000BBA10008BBA1000803A3000833681A1DE6
:10A230001B68326004F1420684F842300123A1E039
:10A2400033682068191D3160060601D51D6803E0DA
:10A250004506FBD5B3F90050002D03DA2D236D42DE
:10A2600084F843300A235B4811E02168336808060C
:10A2700053F8045B02D4490648BFADB23360237E75
:10A2800054486F2B5CD10823002184F84310666882
:10A29000002EA66005DB21682E4321F00401216019
:10A2A00050D01646B5FBF3F103FB115C10F80CC05F
:10A2B00006F801CDAC4663450D46F3D9082B0BD10A
:10A2C0002368DB0708D5236961689942DEBF302324
:10A2D00006F8013C06F1FF36921B226143462146F7
:10A2E0003846CDF8009003AAFFF7E0FE01304ED1CA
:10A2F0004FF0FF3005B0BDE8F083236843F0200342
:10A3000023607825344884F845502368316813F079
:10A31000800F51F8045B03D113F0400F18BFADB2AA
:10A320003160D90744BF43F0200323601DB11023DF
:10A33000AAE72848E7E7236823F020032360F6E72D
:10A340000A23A1E71646B9E733682568181D616935
:10A3500030602E061B6801D5196002E06806FBD547
:10A360001980002316462361B8E7336800211A1DBF
:10A3700032601E686268304600F0BCF908B1801B8C
:10A38000606063682361002384F84330A6E73246A7
:10A39000414638462369C8470130A9D023689B0746
:10A3A00013D4E068039B9842B8BF1846A2E7012384
:10A3B000324641463846C847013099D00135E368F6
:10A3C00003995B1AAB42F2DCEBE7002504F11906B6
:10A3D000F5E700BF1AAA00082BAA0008B1F90C2063
:10A3E000F8B5160705460C4651D44B68002B02DC25
:10A3F0000B6C002B49DDE66A002E46D0002312F4D8
:10A4000080522F682B6031D0626DA389590705D522
:10A410006368D21A636B0BB1236CD21A00232846EF
:10A42000E66A216AB047421CB4F90C3006D12968AB
:10A430001D2945D8274ACA40D60741D50022626067
:10A440002269D904226004D5421C01D12B6803B9CA
:10A450006065616B2F60C1B104F14403994202D081
:10A460002846FFF7F1FB002363630EE00123284633
:10A47000216AB0470246501CC7D12B68002BC4D0BC
:10A480001D2B01D0162B19D12F6000201DE00F6964
:10A49000002FFAD0930718BF00230E6808BF4B693E
:10A4A000F61B0F608B60002EEFDD33463A462846E0
:10A4B000216AD4F828C0E047002807DCB4F90C3042
:10A4C0004FF0FF3043F04003A381F8BD0744361A34
:10A4D000E9E700BF0100402038B50B6905460C468E
:10A4E00013B90025284638BD18B1036A0BB9FFF728
:10A4F0008FFAB4F90C30002BF3D0626ED00704D47D
:10A50000990502D4A06DFFF788FB28462146FFF786
:10A5100065FF636E0546DA07E4D4A3899B05E1D4A1
:10A52000A06DFFF77BFBDDE7F8B50E461446054648
:10A5300018B1036A0BB9FFF76BFAA369A360A3898B
:10A540001A0701D5236943B92146284600F02AF8A5
:10A5500018B14FF0FF373846F8BD23682269F6B2CC
:10A56000981A63693746834205DC21462846FFF77F
:10A57000B3FF0028EDD1A368013BA36023685A1CF8
:10A5800022601E706269431C9A4204D0A389DB07D3
:10A59000E1D50A2EDFD121462846FFF79DFF00288E
:10A5A000D9D0D6E738B5284B054618680C4618B1FF
:10A5B000036A0BB9FFF72CFAB4F90C301A0721D44F
:10A5C000D80607D409222A6043F040034FF0FF3039
:10A5D000A38130E0590712D5616B41B104F1440306
:10A5E000994202D02846FFF72FFB00236363002225
:10A5F000B4F90C306260226923F02403226043F036
:10A600000803A38122693AB99A0501D5180603D532
:10A610002146284600F0A0F8B4F90C3013F00102EE
:10A620000AD00022A26062695242A261226942B944
:10A6300013F08000C8D138BD990758BF6269A26085
:10A64000F4E70020F7E700BF340000201F2938B5E9
:10A6500005460C4604D9162303604FF0FF3038BD81
:10A66000C26B12B152F821304BB9284600F030F8D5
:10A67000224601462846BDE8384000F017B8012BB5
:10A680000AD0591C03D1162303600120E7E70021FB
:10A69000204642F8241098470020E0E7024B01468C
:10A6A0001868FFF7D3BF00BF3400002038B500237F
:10A6B000064D0446084611462B60FCF7D8FD431CA6
:10A6C00002D12B6803B1236038BD00BF2C180020D5
:10A6D000FCF7C6BD38B50023054D044608462B607F
:10A6E000FCF788FD431C02D12B6803B1236038BD01
:10A6F0002C180020034610B5C9B2024493421846F4
:10A7000001D1002003E0047801338C42F6D110BD62
:10A7100070B50C46B1F90E10154600291E4696B0CC
:10A720000ADAA18911F0800113D14FF48062002070
:10A7300031602A6016B070BD6A4600F047F8002804
:10A74000EFDB019901F47041A1F5005359425941E1
:10A75000EBE700214022EAE78B8973B59E070546A7
:10A760000C4607D504F1470323602361012363618D
:10A7700002B070BD01AB6A46FFF7CAFF009E2846D3
:10A780003146FFF7CBFAB4F90C3038B99A05EFD45B
:10A7900023F0030343F00203A381E3E743F08003C4
:10A7A000A381019BC4E904062060002BE0D0284669
:10A7B000B4F90E1000F01CF80028D9D0A38923F0BA
:10A7C000030343F00103A381D2E7000038B500235F
:10A7D000064D0446084611462B60FCF78BFD431CD2
:10A7E00002D12B6803B1236038BD00BF2C180020B4
:10A7F00038B50023054D044608462B60FCF789FD5B
:10A80000431C02D12B6803B1236038BD2C180020F3
:10A81000F8B500BFF8BC08BC9E467047F8B500BF4D
:08A82000F8BC08BC9E4670471D
:10A8280044617461205472616E73666F726D6174F5
:10A83800696F6E204C6179657220496E6974204F8A
:10A848004B0D0A00466C6F617446696C7465722022
:10A85800496E6974204F4B0D0A0000004C4841377F
:10A86800363638204F4B0D0A000000002D2D2D20C4
:10A8780052533438352073656C662D7465737420B3
:10A888002D2D2D0D0A0000005253343835204F4B22
:10A89800202855534152542B444D41290D0A00009C
:10A8A8005253343835204641494C0D0A0000000007
:10A8B8002833202D20746D7029203C20340000009E
:10A8C800443A2F53542F776F726B73706163652FFF
:10A8D8007673636F64652F5937355F4D6F64656CA8
:10A8E8002F436F72652F5372632F666C6173685FB5
:10A8F80073746F726167652E630000004144435FA3
:10A908003120496E6974204661696C65640D0A00DE
:10A918004144435F3120636F6D706C6574656420DA
:10A92800696E6974204F4B0D0A000000000000009A
:10A9380000000000010203040607080900000000E7
:10A948000102030402030405060708090A0B0C0D9B
:10A958000E0F1010010200004E614E0001000000B1
:10A968000A00000064000000E8030000102700004F
:10A97800A08601006D61747269780000666C61736D
:10A98800685F6C6F61645F616C6C000001020303B7
:10A99800020103030102020202020202020202028F
:10A9A800020202020202020202020202020303037C
:10A9B800030303030303030303030303030303035F
:10A9C80003030303032C2066756E6374696F6E3A84
:10A9D8002000617373657274696F6E20222573227B
:10A9E800206661696C65643A2066696C6520222579
:10A9F80073222C206C696E65202564257325730AE3
:10AA080000232D302B2000686C4C00656667454696
:10AA180047003031323334353637383941424344D0
:10AA28004546003031323334353637383961626360
:04AA380064656600EB
:08AA3C003865FF7F01000000F6
:04AA440035010008D0
:04AA480011010008F0
:10AA4C0000127A00100000000100000048532D3065
:10AA5C003132333435363700000000000207010074
:10AA6C0000000000000807000000000003000000C8
:10AA7C00F01600203800002000000000F016002026
:10AA8C0058170020C0170020000000000000000034
:10AA9C0000000000000000000000000000000000AA
:10AAAC00000000000000000000000000000000009A
:10AABC00000000000000000000000000000000008A
:04AACC000000000086
:04000005080073413B
:00000001FF
