:020000040800F2
:100000000050002011720008DF6F0008E76F000841
:10001000EF6F0008F76F0008FF6F00080000000096
:100020000000000000000000000000000770000851
:1000300013700008000000001F7000082B700008FB
:100040005972000859720008597200085972000864
:100050005972000859720008597200085972000854
:100060005972000859720008597200085972000844
:100070005972000859720008597200083970000856
:100080005972000859720008597200085972000824
:10009000597200085972000859720008BD6F0008B3
:1000A0005972000859720008597200085972000804
:1000B0004D70000859720008597200085972000802
:1000C00059720008597200085972000859720008E4
:1000D0005972000831650008597200085972000809
:1000E0005972000859720008597200080000000097
:1000F0000000000000000000000000000000000000
:0C01000000000000000000005FF808F1A3
:1001100010B5054C237833B9044B13B10448AFF341
:1001200000800123237010BD840000200000000027
:100130006CA2000808B5034B1BB103490348AFF399
:10014000008008BD00000000880000206CA20008AC
:1001500081F0004102E000BF83F0004330B54FEA78
:1001600041044FEA430594EA050F08BF90EA020FE5
:100170001FBF54EA000C55EA020C7FEA645C7FEA78
:10018000655C00F0E2804FEA5454D4EB5555B8BF9B
:100190006D420CDD2C4480EA020281EA030382EA0C
:1001A000000083EA010180EA020281EA0303362D9E
:1001B00088BF30BD11F0004F4FEA01314FF4801C71
:1001C0004CEA113102D0404261EB410113F0004F83
:1001D0004FEA03334CEA133302D0524263EB43033A
:1001E00094EA050F00F0A780A4F10104D5F1200ED8
:1001F0000DDB02FA0EFC22FA05F2801841F1000133
:1002000003FA0EF2801843FA05F359410EE0A5F106
:1002100020050EF1200E012A03FA0EFC28BF4CF037
:10022000020C43FA05F3C01851EBE37101F00045ED
:1002300007D54FF0000EDCF1000C7EEB00006EEBFA
:100240000101B1F5801F1BD3B1F5001F0CD3490884
:100250005FEA30004FEA3C0C04F101044FEA4452DB
:1002600012F5800F80F09A80BCF1004F08BF5FEA62
:10027000500C50F1000041EB045141EA050130BD42
:100280005FEA4C0C404141EB0101013C28BFB1F554
:10029000801FE9D291F0000F04BF01460020B1FA9F
:1002A00081F308BF2033A3F10B03B3F120020CDA72
:1002B0000C3208DD02F1140CC2F10C0201FA0CF050
:1002C00021FA02F10CE002F11402D8BFC2F1200CB5
:1002D00001FA02F120FA0CFCDCBF41EA0C0190406B
:1002E000E41AA2BF01EB0451294330BD6FEA0404B4
:1002F0001F3C1CDA0C340EDC04F11404C4F120029F
:1003000020FA04F001FA02F340EA030021FA04F3B0
:1003100045EA030130BDC4F10C04C4F1200220FA07
:1003200002F001FA04F340EA0300294630BD21FA45
:1003300004F0294630BD94F0000F83F4801306BF0B
:1003400081F480110134013D4EE77FEA645C18BFFF
:100350007FEA655C29D094EA050F08BF90EA020F96
:1003600005D054EA000C04BF1946104630BD91EA8E
:10037000030F1EBF0021002030BD5FEA545C05D191
:100380004000494128BF41F0004130BD14F58004D0
:100390003CBF01F5801130BD01F0004545F0FE4144
:1003A00041F470014FF0000030BD7FEA645C1ABF79
:1003B000194610467FEA655C1CBF0B46024650EAB0
:1003C000013406BF52EA033591EA030F41F40021DC
:1003D00030BD00BF90F0000F04BF0021704730B562
:1003E0004FF4806404F132044FF000054FF0000137
:1003F00050E700BF90F0000F04BF0021704730B5F8
:100400004FF4806404F1320410F0004548BF4042CC
:100410004FF000013EE700BF42004FEAE2014FEA21
:1004200031014FEA02701FBF12F07F4393F07F4FFC
:1004300081F06051704732F07F4208BF704793F0FF
:100440007F4F04BF41F40021704730B54FF4607412
:1004500001F0004521F000411CE700BF50EA010215
:1004600008BF704730B54FF000050AE050EA0102BE
:1004700008BF704730B511F0004502D5404261EB2E
:1004800041014FF4806404F132045FEA915C3FF46F
:10049000D8AE4FF003025FEADC0C18BF03325FEA0C
:1004A000DC0C18BF033202EBDC02C2F1200300FABD
:1004B00003FC20FA02F001FA03FE40EA0E0021FAE2
:1004C00002F11444BDE600BF70B54FF0FF0C4CF4D0
:1004D000E06C1CEA11541DBF1CEA135594EA0C0F82
:1004E00095EA0C0F00F0DEF82C4481EA030621EABD
:1004F0004C5123EA4C5350EA013518BF52EA0335F8
:1005000041F4801143F4801338D0A0FB02CE4FF0A9
:100510000005E1FB02E506F00042E0FB03E54FF0D9
:100520000006E1FB03569CF0000F18BF4EF0010ED1
:10053000A4F1FF04B6F5007F64F5407404D25FEACD
:100540004E0E6D4146EB060642EAC62141EA555180
:100550004FEAC52040EA5E504FEACE2EB4F1FD0CC2
:1005600088BFBCF5E06F1ED8BEF1004F08BF5FEA40
:10057000500E50F1000041EB045170BD06F00046F2
:1005800046EA010140EA020081EA0301B4EB5C049F
:10059000C2BFD4EB0C0541EA045170BD41F4801197
:1005A0004FF0000E013C00F3AB8014F1360FDEBFBC
:1005B000002001F0004170BDC4F10004203C35DA98
:1005C0000C341BDC04F11404C4F1200500FA05F31B
:1005D00020FA04F001FA05F240EA020001F00042BC
:1005E00021F0004110EBD37021FA04F642EB060132
:1005F0005EEA430E08BF20EAD37070BDC4F10C045C
:10060000C4F1200500FA04F320FA05F001FA04F21F
:1006100040EA020001F0004110EBD37041F100010B
:100620005EEA430E08BF20EAD37070BDC4F1200516
:1006300000FA05F24EEA020E20FA04F301FA05F27E
:1006400043EA020321FA04F001F0004121FA04F226
:1006500020EA020000EBD3705EEA430E08BF20EAF6
:10066000D37070BD94F0000F0FD101F00046400030
:1006700041EB010111F4801F08BF013CF7D041EAB2
:10068000060195F0000F18BF704703F000465200B6
:1006900043EB030313F4801F08BF013DF7D043EA87
:1006A0000603704794EA0C0F0CEA135518BF95EA3D
:1006B0000C0F0CD050EA410618BF52EA4306D1D1C4
:1006C00081EA030101F000414FF0000070BD50EAE3
:1006D000410606BF1046194652EA430619D094EA6D
:1006E0000C0F02D150EA013613D195EA0C0F05D157
:1006F00052EA03361CBF104619460AD181EA0301AB
:1007000001F0004141F0FE4141F470014FF0000062
:1007100070BD41F0FE4141F4780170BD70B54FF0FD
:10072000FF0C4CF4E06C1CEA11541DBF1CEA13557D
:1007300094EA0C0F95EA0C0F00F0A7F8A4EB05045F
:1007400081EA030E52EA03354FEA013100F0888056
:100750004FEA03334FF0805545EA131343EA12631F
:100760004FEA022245EA111545EA10654FEA0026D4
:100770000EF000419D4208BF964244F1FD0404F58D
:10078000407402D25B084FEA3202B61A65EB0305E9
:100790005B084FEA32024FF480104FF4002CB6EBA6
:1007A000020E75EB030E22BFB61A754640EA0C0026
:1007B0005B084FEA3202B6EB020E75EB030E22BF66
:1007C000B61A754640EA5C005B084FEA3202B6EBA7
:1007D000020E75EB030E22BFB61A754640EA9C0066
:1007E0005B084FEA3202B6EB020E75EB030E22BF36
:1007F000B61A754640EADC0055EA060E18D04FEAF4
:10080000051545EA16754FEA06164FEAC30343EA93
:1008100052734FEAC2025FEA1C1CC0D111F4801F60
:100820000BD141EA00014FF000004FF0004CB6E759
:1008300011F4801F04BF01430020B4F1FD0C88BFF8
:10084000BCF5E06F3FF6AFAEB5EB030C04BFB6EB03
:10085000020C5FEA500C50F1000041EB045170BDF6
:100860000EF0004E4EEA113114EB5C04C2BFD4EB23
:100870000C0541EA045170BD41F480114FF0000EA7
:10088000013C90E645EA060E8DE60CEA135594EA23
:100890000C0F08BF95EA0C0F3FF43BAF94EA0C0F26
:1008A0000AD150EA01347FF434AF95EA0C0F7FF49B
:1008B00025AF104619462CE795EA0C0F06D152EAEF
:1008C00003353FF4FDAE1046194622E750EA4106D3
:1008D00018BF52EA43067FF4C5AE50EA41047FF4E4
:1008E0000DAF52EA43057FF4EBAE12E74FEA410247
:1008F000B2F1E04324BFB3F5001CDCF1FE5C0DD97E
:1009000001F0004C4FEAC0024CEA5070B2F1004FC7
:1009100040EB830008BF20F00100704711F0804FCA
:1009200021D113F13872BCBF01F00040704741F48F
:1009300080114FEA5252C2F11802C2F1200C10FA93
:100940000CF320FA02F018BF40F001004FEAC12377
:100950004FEAD32303FA0CFC40EA0C0023FA02F31B
:100960004FEA4303CCE77FEA625307D150EA0133F1
:100970001EBF4FF0FE4040F44000704701F00040C1
:1009800040F0FE4040F40000704700BF80F000409F
:1009900002E000BF81F0004142001FBF5FEA410357
:1009A00092EA030F7FEA226C7FEA236C6AD04FEA57
:1009B0001262D2EB1363C1BFD2184140484041409C
:1009C000B8BF5B42192B88BF704710F0004F40F44E
:1009D000000020F07F4018BF404211F0004F41F46A
:1009E000000121F07F4118BF494292EA030F3FD036
:1009F000A2F1010241FA03FC10EB0C00C3F1200349
:100A000001FA03F100F0004302D5494260EB4000D7
:100A1000B0F5000F13D3B0F1807F06D340084FEA42
:100A2000310102F10102FE2A51D2B1F1004F40EB37
:100A3000C25008BF20F0010040EA0300704749009F
:100A400040EB0000013A28BFB0F5000FEDD2B0FA3C
:100A500080FCACF1080CB2EB0C0200FA0CF0AABF5F
:100A600000EBC25052421843BCBFD04018437047FD
:100A700092F0000F81F4000106BF80F40000013203
:100A8000013BB5E74FEA41037FEA226C18BF7FEADA
:100A9000236C21D092EA030F04D092F0000F08BF1C
:100AA0000846704790EA010F1CBF0020704712F003
:100AB0007F4F04D1400028BF40F00040704712F142
:100AC00000723CBF00F50000704700F0004343F0A7
:100AD000FE4040F4000070477FEA226216BF0846DD
:100AE0007FEA23630146420206BF5FEA412390EAA0
:100AF000010F40F4800070474FF0000304E000BF96
:100B000010F0004348BF40425FEA000C08BF704746
:100B100043F0964301464FF000001CE050EA01020A
:100B200008BF70474FF000030AE000BF50EA01021F
:100B300008BF704711F0004302D5404261EB41010C
:100B40005FEA010C02BF84460146002043F0B64331
:100B500008BFA3F18053A3F50003BCFA8CF2083A56
:100B6000A3EBC25310DB01FA02FC634400FA02FC5F
:100B7000C2F12002BCF1004F20FA02F243EB020066
:100B800008BF20F00100704702F1200201FA02FCC8
:100B9000C2F1200250EA4C0021FA02F243EB0200BB
:100BA00008BF20EADC7070474FF0FF0C1CEAD052FF
:100BB0001EBF1CEAD15392EA0C0F93EA0C0F6FD0C0
:100BC0001A4480EA010C400218BF5FEA41211ED09E
:100BD0004FF0006343EA501043EA5111A0FB01318A
:100BE0000CF00040B1F5000F3EBF490041EAD3715F
:100BF0005B0040EA010062F17F02FD2A1DD8B3F1DB
:100C0000004F40EBC25008BF20F00100704790F049
:100C1000000F0CF0004C08BF49024CEA502040EA9B
:100C200051207F3AC2BFD2F1FF0340EAC250704761
:100C300040F400004FF00003013A5DDC12F1190F9F
:100C4000DCBF00F000407047C2F10002410021FA11
:100C500002F1C2F1200200FA02FC5FEA310040F129
:100C6000000053EA4C0308BF20EADC70704792F0A2
:100C7000000F00F0004C02BF400010F4000F013ADA
:100C8000F9D040EA0C0093F0000F01F0004C02BFD5
:100C9000490011F4000F013BF9D041EA0C018FE744
:100CA0000CEAD15392EA0C0F18BF93EA0C0F0AD04A
:100CB00030F0004C18BF31F0004CD8D180EA010070
:100CC00000F00040704790F0000F17BF90F0004F09
:100CD000084691F0000F91F0004F14D092EA0C0FEB
:100CE00001D142020FD193EA0C0F03D14B0218BF7E
:100CF000084608D180EA010000F0004040F0FE40C4
:100D000040F40000704740F0FE4040F4400070475F
:100D10004FF0FF0C1CEAD0521EBF1CEAD15392EADE
:100D20000C0F93EA0C0F69D0A2EB030280EA010CCE
:100D300049024FEA402037D04FF0805343EA111167
:100D400043EA10130CF000408B4238BF5B0042F1C5
:100D50007D024FF4000C8B4224BF5B1A40EA0C006A
:100D6000B3EB510F24BFA3EB510340EA5C00B3EB9C
:100D7000910F24BFA3EB910340EA9C00B3EBD10F8A
:100D800024BFA3EBD10340EADC001B0118BF5FEADC
:100D90001C1CE0D1FD2A3FF650AF8B4240EBC25005
:100DA00008BF20F0010070470CF0004C4CEA5020C6
:100DB0007F32C2BFD2F1FF0340EAC250704740F415
:100DC00000004FF00003013A37E792F0000F00F007
:100DD000004C02BF400010F4000F013AF9D040EA85
:100DE0000C0093F0000F01F0004C02BF490011F419
:100DF000000F013BF9D041EA0C0195E70CEAD15311
:100E000092EA0C0F08D142027FF47DAF93EA0C0FF7
:100E10007FF470AF084676E793EA0C0F04D14B02DB
:100E20003FF44CAF08466EE730F0004C18BF31F08D
:100E3000004CCAD130F000427FF45CAF31F0004387
:100E40007FF43CAF5FE700BF034613F8012B002A95
:100E5000FBD1181A0138704780B400AF00BFBD46FF
:100E600080BC704780B584B000AF78607B68002B91
:100E700001D101232BE17B6893F83D30DBB2002BDD
:100E800006D17B68002283F83C20786805F056FE86
:100E90007B68242283F83D207B681B681A687B6886
:100EA0001B6822F001021A607B681B681A687B6865
:100EB0001B6842F400421A607B681B681A687B68F2
:100EC0001B6822F400421A6001F082FCF8607B6823
:100ED0005B68814A934207D8FB68804A934294BF7B
:100EE00001230023DBB206E0FB687D4A934294BFF6
:100EF00001230023DBB2002B01D00123E7E0FB68D4
:100F0000784AA2FB03239B0CBB607B681B685B6871
:100F100023F03F017B681B68BA680A435A607B680C
:100F20001B681B6A23F03F017B685B686A4A934237
:100F300002D8BB68013309E0BB684FF4967202FB2C
:100F400003F3694AA2FB03239B0901337A68126801
:100F50000B4313627B681B68DB6923F44F4222F06A
:100F6000FF027B685B685C498B4219D8FB68591E9D
:100F70007B685B685B00B1FBF3F3591C40F6FC73C4
:100F80000B40002B0AD0FB68591E7B685B685B0036
:100F9000B1FBF3F30133C3F30B0351E004234FE040
:100FA0007B689B68002B11D1FB68581E7B685968D1
:100FB0000B465B000B44B0FBF3F30133C3F30B03AD
:100FC000002B0CBF01230023DBB212E0FB68581E8C
:100FD0007B6859680B469B000B4499000B44B0FB9F
:100FE000F3F30133C3F30B03002B0CBF01230023E6
:100FF000DBB2002B01D0012322E07B689B68002B31
:101000000ED1FB68581E7B6859680B465B000B4489
:10101000B0FBF3F30133C3F30B0343F400430FE0DE
:10102000FB68581E7B6859680B469B000B4499006F
:101030000B44B0FBF3F30133C3F30B0343F440431E
:10104000796809681343CB617B681B681B6823F0D0
:10105000C0017B68DA697B681B6A1A437B681B687E
:101060000A431A607B681B689B6823F4034323F0E0
:10107000FF037A6811697A68D26811437A68126846
:101080000B4393607B681B68DB6823F0FF017B6880
:101090005A697B689B691A437B681B680A43DA605C
:1010A0007B681B681A687B681B6842F001021A6043
:1010B0007B6800221A647B68202283F83D207B68CD
:1010C00000221A637B68002283F83E200023184622
:1010D0001037BD4680BD00BFA08601007F841E0082
:1010E000FF083D0083DE1B43D34D621080B588B0FE
:1010F00002AFF860084611461A4603467B810B464C
:101100003B811346FB8000F06BFF7861FB6893F82E
:101110003D30DBB2202B40F0D9807B69009319234E
:1011200001226D49F86800F0CDFC0346002B01D088
:101130000223CCE0FB6893F83C30012B01D1022361
:10114000C5E0FB68012283F83C20FB681B681B6834
:1011500003F00103012B07D0FB681B681A68FB68CA
:101160001B6842F001021A60FB681B681A68FB6882
:101170001B6822F400621A60FB68212283F83D207C
:10118000FB68402283F83E20FB6800221A64FB685B
:101190003A6A5A62FB68BA8C5A85FB685B8D9AB2D0
:1011A000FB681A85FB684D4ADA62F8883A897989C2
:1011B0007B690193BB6A00930346F86800F004FB67
:1011C0000346002B52D0012381E07A69B96AF8689E
:1011D00000F092FD0346002B0DD0FB681B6C042B26
:1011E00007D1FB681B681A68FB681B6842F4007231
:1011F0001A6001236BE0FB685B6A1A78FB681B6866
:101200001A61FB685B6A5A1CFB685A62FB681B8D9B
:10121000013B9AB2FB681A85FB685B8D9BB2013B70
:101220009AB2FB685A85FB681B685B6903F004038C
:10123000042B1BD1FB681B8D002B17D0FB685B6A4E
:101240001A78FB681B681A61FB685B6A5A1CFB68AA
:101250005A62FB681B8D013B9AB2FB681A85FB68DA
:101260005B8D9BB2013B9AB2FB685A85FB681B8D74
:10127000002BAAD17A69B96AF86800F085FD0346A7
:10128000002B0DD0FB681B6C042B07D1FB681B687F
:101290001A68FB681B6842F400721A60012316E0AA
:1012A000FB681B681A68FB681B6842F400721A60CE
:1012B000FB68202283F83D20FB68002283F83E2053
:1012C000FB68002283F83C20002300E0022318463C
:1012D0001837BD4680BD00BF020010000000FFFFB0
:1012E00080B58CB002AFF860084611461A46034636
:1012F0007B810B463B811346FB8000233B6200F061
:101300006FFE7862FB6893F83D30DBB2202B40F033
:1013100050827B6A0093192301228249F86800F009
:10132000D1FB0346002B01D0022343E2FB6893F874
:101330003C30012B01D102233CE2FB68012283F8FF
:101340003C20FB681B681B6803F00103012B07D0DE
:10135000FB681B681A68FB681B6842F001021A6090
:10136000FB681B681A68FB681B6822F400621A603D
:10137000FB68222283F83D20FB68402283F83E2050
:10138000FB6800221A64FB683A6B5A62FB68BA8EEB
:101390005A85FB685B8D9AB2FB681A85FB68624AC6
:1013A000DA62F8883A8979897B6A0193BB6B00938A
:1013B0000346F86800F09EFA0346002B01D0012393
:1013C000F8E1FB681B8D002B13D10023FB61FB6848
:1013D0001B685B69FB61FB681B689B69FB61FB69C0
:1013E000FB681B681A68FB681B6842F400721A608D
:1013F000CCE1FB681B8D012B1ED1FB681B681A68B2
:10140000FB681B6822F480621A6072B600BF00237A
:10141000BB61FB681B685B69BB61FB681B689B6900
:10142000BB61BB69FB681B681A68FB681B6842F4F8
:1014300000721A6062B635E0FB681B8D022B1ED16C
:10144000FB681B681A68FB681B6842F400621A603C
:1014500072B600BF00237B61FB681B685B697B6120
:10146000FB681B689B697B617B69FB681B681A686A
:10147000FB681B6822F480621A6062B612E0FB68A7
:101480001B681A68FB681B6842F480621A600023BC
:101490003B61FB681B685B693B61FB681B689B6980
:1014A0003B613B6972E1FB681B8D032B00F21F81DE
:1014B000FB681B8D012B23D17A6AB96BF86800F0A9
:1014C000ABFC0346002B01D0012373E1FB681B68D2
:1014D0001A69FB685B6AD2B21A70FB685B6A5A1CB5
:1014E000FB685A62FB681B8D013B9AB2FB681A8548
:1014F000FB685B8D9BB2013B9AB2FB685A8545E164
:10150000FB681B8D022B52D17B6A0093BB6B0022C0
:101510000649F86800F0D6FA0346002B08D00123EC
:1015200048E100BF020010000000FFFF04000100BE
:1015300072B600BFFB681B681A68FB681B6842F440
:1015400000721A60FB681B681A69FB685B6AD2B29A
:101550001A70FB685B6A5A1CFB685A62FB681B8D39
:10156000013B9AB2FB681A85FB685B8D9BB2013B1D
:101570009AB2FB685A8562B600BFFB681B681A699D
:10158000FB685B6AD2B21A70FB685B6A5A1CFB6824
:101590005A62FB681B8D013B9AB2FB681A85FB6897
:1015A0005B8D9BB2013B9AB2FB685A85EEE07B6A89
:1015B0000093BB6B00228149F86800F083FA034670
:1015C000002B01D00123F5E0FB681B681A68FB685B
:1015D0001B6822F480621A6072B600BFFB681B6849
:1015E0001A69FB685B6AD2B21A70FB685B6A5A1CA4
:1015F000FB685A62FB681B8D013B9AB2FB681A8537
:10160000FB685B8D9BB2013B9AB2FB685A856C4BC1
:101610001B68DB086B4AA2FB03231A0A13469B00D4
:101620001344DA00D31A3B623B6A013B3B623B6ADC
:10163000002B18D1FB6800221A63FB68202283F874
:101640003D20FB68002283F83E20FB681B6C43F0C2
:101650002002FB681A6462B600BFFB68002283F8B0
:101660003C200123A6E0FB681B685B6903F00403D0
:10167000042BD9D1FB681B681A68FB681B6842F40D
:1016800000721A60FB681B681A69FB685B6AD2B259
:101690001A70FB685B6A5A1CFB685A62FB681B8DF8
:1016A000013B9AB2FB681A85FB685B8D9BB2013BDC
:1016B0009AB2FB685A8562B600BFFB681B681A695C
:1016C000FB685B6AD2B21A70FB685B6A5A1CFB68E3
:1016D0005A62FB681B8D013B9AB2FB681A85FB6856
:1016E0005B8D9BB2013B9AB2FB685A854EE07A6AE9
:1016F000B96BF86800F090FB0346002B01D0012382
:1017000058E0FB681B681A69FB685B6AD2B21A7002
:10171000FB685B6A5A1CFB685A62FB681B8D013BC5
:101720009AB2FB681A85FB685B8D9BB2013B9AB24B
:10173000FB685A85FB681B685B6903F00403042B94
:1017400024D1FB681B8D032B07D1FB681B681A682B
:10175000FB681B6822F480621A60FB681B681A69C8
:10176000FB685B6AD2B21A70FB685B6A5A1CFB6842
:101770005A62FB681B8D013B9AB2FB681A85FB68B5
:101780005B8D9BB2013B9AB2FB685A85FB681B8D4F
:10179000002B7FF488AEFB68202283F83D20FB6895
:1017A000002283F83E20FB68002283F83C200023BF
:1017B00000E0022318462837BD4680BD0400010022
:1017C0000000002089B5F81480B588B002AFF86039
:1017D000084611461A4603467B810B463B81134659
:1017E000FB80FB681B681A68FB681B6842F4807208
:1017F0001A607B6A00933B6A00224FF00111F8687F
:1018000000F060F90346002B0DD0FB681B681B68D5
:1018100003F48073B3F5807F03D1FB684FF400724B
:101820001A6403235FE07B89DBB21A46FB681B68FE
:1018300002F0FE021A617B6A3A6A2D49F86800F0EC
:10184000BBF90346002B01D001234CE000237B6150
:10185000FB681B685B697B61FB681B689B697B613C
:101860007B697A6A396AF86800F046FA0346002B09
:101870000DD0FB681B6C042B07D1FB681B681A6832
:10188000FB681B6842F400721A6001232BE0FB889E
:10189000012B05D13B89DAB2FB681B681A6121E094
:1018A0003B891B0A9BB2DAB2FB681B681A617A6A31
:1018B000396AF86800F020FA0346002B0DD0FB6867
:1018C0001B6C042B07D1FB681B681A68FB681B683C
:1018D00042F400721A60012305E03B89DAB2FB682A
:1018E0001B681A61002318461837BD4680BD00BF2B
:1018F0000200010080B588B002AFF86008461146CA
:101900001A4603467B810B463B811346FB80FB68EE
:101910001B681A68FB681B6842F480621A60FB68E7
:101920001B681A68FB681B6842F480721A607B6A45
:1019300000933B6A00224FF00111F86800F0C2F8F2
:101940000346002B0DD0FB681B681B6803F48073F3
:10195000B3F5807F03D1FB684FF400721A64032350
:10196000AAE07B89DBB21A46FB681B6802F0FE0224
:101970001A617B6A3A6A5249F86800F01DF9034619
:10198000002B01D0012397E000237B61FB681B68DB
:101990005B697B61FB681B689B697B617B697A6A19
:1019A000396AF86800F0A8F90346002B0DD0FB68EF
:1019B0001B6C042B07D1FB681B681A68FB681B684B
:1019C00042F400721A60012376E0FB88012B05D1F6
:1019D0003B89DAB2FB681B681A6121E03B891B0A6C
:1019E0009BB2DAB2FB681B681A617A6A396AF868D6
:1019F00000F082F90346002B0DD0FB681B6C042B12
:101A000007D1FB681B681A68FB681B6842F4007208
:101A10001A60012350E03B89DAB2FB681B681A6147
:101A20007A6A396AF86800F067F90346002B0DD02E
:101A3000FB681B6C042B07D1FB681B681A68FB68EA
:101A40001B6842F400721A60012335E0FB681B68D2
:101A50001A68FB681B6842F480721A607B6A009304
:101A60003B6A00224FF00111F86800F02BF80346A2
:101A7000002B0DD0FB681B681B6803F48073B3F563
:101A8000807F03D1FB684FF400721A64032313E0D4
:101A90007B89DBB243F00103DAB2FB681B681A6191
:101AA0007B6A3A6A0649F86800F086F80346002B1C
:101AB00001D0012300E0002318461837BD4680BD41
:101AC0000200010080B584B000AFF860B9603B60EF
:101AD0001346FB7148E03B68B3F1FF3F44D000F090
:101AE0007FFA0246BB69D31A3A689A4202D33B682E
:101AF000002B39D1BB681B0CDBB2012B0DD1FB686D
:101B00001B685B69DA43BB6813409BB2002B0CBFB8
:101B100001230023DBB21A460CE0FB681B689B69BB
:101B2000DA43BB6813409BB2002B0CBF0123002398
:101B3000DBB21A46FB799A4216D1FB6800221A637F
:101B4000FB68202283F83D20FB68002283F83E20BA
:101B5000FB681B6C43F02002FB681A64FB680022E0
:101B600083F83C20012323E0BB681B0CDBB2012B74
:101B70000DD1FB681B685B69DA43BB6813409BB2FD
:101B8000002B0CBF01230023DBB21A460CE0FB68DC
:101B90001B689B69DA43BB6813409BB2002B0CBFE8
:101BA00001230023DBB21A46FB799A4293D000232B
:101BB00018461037BD4680BD80B584B000AFF860D0
:101BC000B9607A603B6071E0FB681B685B6903F495
:101BD0008063B3F5806F23D1FB681B681A68FB68CC
:101BE0001B6842F400721A60FB681B686FF4806225
:101BF0005A61FB6800221A63FB68202283F83D20AB
:101C0000FB68002283F83E20FB681B6C43F0040253
:101C1000FB681A64FB68002283F83C20012367E01C
:101C20007B68B3F1FF3F41D000F0DAF902463B6830
:101C3000D31A7A689A4202D37B68002B36D1BB68EC
:101C40001B0CDBB2012B0CD1FB681B685B69DA4310
:101C5000BB6813409BB2002B14BF01230023DBB2EF
:101C60000BE0FB681B689B69DA43BB6813409BB2BF
:101C7000002B14BF01230023DBB2002B16D0FB681E
:101C800000221A63FB68202283F83D20FB680022B3
:101C900083F83E20FB681B6C43F02002FB681A644B
:101CA000FB68002283F83C20012321E0BB681B0C69
:101CB000DBB2012B0CD1FB681B685B69DA43BB68A4
:101CC00013409BB2002B14BF01230023DBB20BE0B7
:101CD000FB681B689B69DA43BB6813409BB2002B0F
:101CE00014BF01230023DBB2002B7FF46DAF002370
:101CF00018461037BD4680BD80B584B000AFF8608F
:101D0000B9607A6034E0F86800F0E3F80346002B2D
:101D100001D0012334E0BB68B3F1FF3F28D000F0CD
:101D20005FF902467B68D31ABA689A4202D3BB684D
:101D3000002B1DD1FB681B685B6903F08003802BBF
:101D400016D0FB6800221A63FB68202283F83D202E
:101D5000FB68002283F83E20FB681B6C43F02002E6
:101D6000FB681A64FB68002283F83C20012307E02B
:101D7000FB681B685B6903F08003802BC3D10023E1
:101D800018461037BD4680BD80B584B000AFF860FE
:101D9000B9607A6034E0F86800F09BF80346002BE5
:101DA00001D0012334E0BB68B3F1FF3F28D000F03D
:101DB00017F902467B68D31ABA689A4202D3BB6805
:101DC000002B1DD1FB681B685B6903F00403042B27
:101DD00016D0FB6800221A63FB68202283F83D209E
:101DE000FB68002283F83E20FB681B6C43F0200256
:101DF000FB681A64FB68002283F83C20012307E09B
:101E0000FB681B685B6903F00403042BC3D1002348
:101E100018461037BD4680BD80B584B000AFF8606D
:101E2000B9607A6049E0FB681B685B6903F01003E6
:101E3000102B19D1FB681B686FF010025A61FB6808
:101E400000221A63FB68202283F83D20FB680022F1
:101E500083F83E20FB681A6CFB681A64FB6800225A
:101E600083F83C20012330E000F0BAF802467B689A
:101E7000D31ABA689A4202D3BB68002B1DD1FB6803
:101E80001B685B6903F04003402B16D0FB680022FF
:101E90001A63FB68202283F83D20FB68002283F848
:101EA0003E20FB681B6C43F02002FB681A64FB6851
:101EB000002283F83C20012307E0FB681B685B6974
:101EC00003F04003402BAED1002318461037BD4627
:101ED00080BD80B483B000AF78607B681B685B69AD
:101EE00003F48063B3F5806F1BD17B681B686FF4CC
:101EF00080625A617B6800221A637B68202283F823
:101F00003D207B68002283F83E207B681B6C43F0F9
:101F100004027B681A647B68002283F83C2001235A
:101F200000E0002318460C37BD4680BC7047000017
:101F300080B500AF084B1B68074A43F010031360DD
:101F4000032001F003FB0F2000F008F805F088F8EB
:101F50000023184680BD00BF0020024080B582B03B
:101F600000AF7860124B1A68124B1B7819464FF479
:101F70007A73B3FBF1F3B2FBF3F3184601F029FBDC
:101F80000346002B01D001230EE07B680F2B0AD8FB
:101F9000002279684FF0FF3001F0E3FA064A7B68CF
:101FA0001360002300E0012318460837BD4680BDBA
:101FB00000000020080000200400002080B400AFD2
:101FC000054B1B781A46054B1B681344034A1360E4
:101FD00000BFBD4680BC704708000020A000002064
:101FE00080B400AF024B1B681846BD4680BC7047EA
:101FF000A000002080B584B000AF7860FFF7F0FF4C
:10200000B8607B68FB60FB68B3F1FF3F05D00A4B0B
:102010001B781A46FB681344FB6000BFFFF7E0FF24
:102020000246BB68D31AFA689A42F7D800BF00BFCD
:102030001037BD4680BD00BF0800002080B586B0C7
:1020400000AF78607B68002B01D1012372E27B68CE
:102050001B6803F00103002B00F08780924B5B6844
:1020600003F00C03042B0CD08F4B5B6803F00C03C4
:10207000082B12D18C4B5B6803F48033B3F5803F9F
:102080000BD1894B1B6803F40033002B6CD07B68A9
:102090005B68002B68D101234CE27B685B68B3F579
:1020A000803F06D1804B1B687F4A43F48033136026
:1020B0002EE07B685B68002B0CD17B4B1B687A4A57
:1020C00023F480331360784B1B68774A23F4802312
:1020D00013601DE07B685B68B3F5A02F0CD1724BD9
:1020E0001B68714A43F4802313606F4B1B686E4A70
:1020F00043F4803313600BE06B4B1B686A4A23F494
:1021000080331360684B1B68674A23F48023136095
:102110007B685B68002B13D0FFF762FF386108E033
:10212000FFF75EFF02463B69D31A642B01D90323F4
:1021300000E25D4B1B6803F40033002BF0D014E089
:10214000FFF74EFF386108E0FFF74AFF02463B69A0
:10215000D31A642B01D90323ECE1534B1B6803F41E
:102160000033002BF0D100E000BF7B681B6803F058
:102170000203002B63D04C4B5B6803F00C03002B75
:102180000BD0494B5B6803F00C03082B1CD1464B6A
:102190005B6803F48033002B16D1434B1B6803F0BC
:1021A0000203002B05D07B681B69012B01D00123A2
:1021B000C0E13D4B1B6823F0F8027B685B69DB00E4
:1021C000394913430B603AE07B681B69002B20D030
:1021D000364B01221A60FFF703FF386108E0FFF772
:1021E000FFFE02463B69D31A022B01D90323A1E16A
:1021F0002D4B1B6803F00203002BF0D02A4B1B6809
:1022000023F0F8027B685B69DB00274913430B600E
:1022100015E0264B00221A60FFF7E2FE386108E065
:10222000FFF7DEFE02463B69D31A022B01D90323D6
:1022300080E11D4B1B6803F00203002BF0D17B688B
:102240001B6803F00803002B3AD07B689B69002BC6
:1022500019D0174B01221A60FFF7C2FE386108E05F
:10226000FFF7BEFE02463B69D31A022B01D90323B6
:1022700060E10D4B5B6A03F00203002BF0D00120FC
:1022800000F0CEFA1CE00A4B00221A60FFF7A8FE0D
:1022900038610FE0FFF7A4FE02463B69D31A022B18
:1022A00008D9032346E100BF00100240000042426B
:1022B00080044242924B5B6A03F00203002BE9D197
:1022C0007B681B6803F00403002B00F0A68000234A
:1022D000FB758B4BDB6903F08053002B0DD1884BD2
:1022E000DB69874A43F08053D361854BDB6903F098
:1022F0008053BB60BB680123FB75824B1B6803F4F2
:102300008073002B18D17F4B1B687E4A43F4807387
:102310001360FFF765FE386108E0FFF761FE0246D3
:102320003B69D31A642B01D9032303E1754B1B6866
:1023300003F48073002BF0D07B68DB68012B06D19F
:102340006F4B1B6A6E4A43F0010313622DE07B68FA
:10235000DB68002B0CD16A4B1B6A694A23F001032E
:102360001362674B1B6A664A23F0040313621CE086
:102370007B68DB68052B0CD1614B1B6A604A43F01C
:10238000040313625E4B1B6A5D4A43F00103136250
:102390000BE05B4B1B6A5A4A23F001031362584B54
:1023A0001B6A574A23F0040313627B68DB68002B27
:1023B00015D0FFF715FE38610AE0FFF711FE02465F
:1023C0003B69D31A41F28832934201D90323B1E029
:1023D0004B4B1B6A03F00203002BEED014E0FFF717
:1023E000FFFD38610AE0FFF7FBFD02463B69D31AA7
:1023F00041F28832934201D903239BE0404B1B6A90
:1024000003F00203002BEED1FB7D012B05D13C4BE9
:10241000DB693B4A23F08053D3617B68DB69002B87
:1024200000F08780364B5B6803F00C03082B61D00B
:102430007B68DB69022B46D1334B00221A60FFF721
:10244000CFFD386108E0FFF7CBFD02463B69D31AA8
:10245000022B01D903236DE0294B1B6803F00073A5
:10246000002BF0D17B681B6AB3F5803F08D1244B69
:102470005B6823F400327B689B68214913434B60FF
:102480001F4B5B6823F474127B68196A7B685B6A74
:102490000B431B4913434B601B4B01221A60FFF790
:1024A0009FFD386108E0FFF79BFD02463B69D31AA8
:1024B000022B01D903233DE0114B1B6803F000738D
:1024C000002BF0D035E0104B00221A60FFF788FD9A
:1024D000386108E0FFF784FD02463B69D31A022BFE
:1024E00001D9032326E0064B1B6803F00073002B81
:1024F000F0D11EE07B68DB69012B07D1012319E0D5
:102500000010024000700040600042420B4B5B68CC
:10251000FB60FB6803F480327B681B6A9A4206D139
:10252000FB6803F470127B685B6A9A4201D0012356
:1025300000E0002318461837BD4680BD0010024059
:1025400080B584B000AF786039607B68002B01D122
:102550000123D0E06A4B1B6803F007033A689A42F4
:1025600010D9674B1B6823F0070265493B6813438A
:102570000B60634B1B6803F007033A689A4201D073
:102580000123B8E07B681B6803F00203002B20D016
:102590007B681B6803F00403002B05D0594B5B6874
:1025A000584A43F4E06353607B681B6803F00803F8
:1025B000002B05D0534B5B68524A43F46053536081
:1025C000504B5B6823F0F0027B689B684D491343D6
:1025D0004B607B681B6803F00103002B40D07B68D5
:1025E0005B68012B07D1474B1B6803F40033002BBA
:1025F00015D101237FE07B685B68022B07D1414B3B
:102600001B6803F00073002B09D1012373E03D4BDD
:102610001B6803F00203002B01D101236BE0394B4F
:102620005B6823F003027B685B68364913434B60A9
:10263000FFF7D6FCF8600AE0FFF7D2FC0246FB6821
:10264000D31A41F28832934201D9032353E02D4B30
:102650005B6803F00C027B685B689B009A42EBD1DD
:10266000274B1B6803F007033A689A4210D2244BA9
:102670001B6823F0070222493B6813430B60204B81
:102680001B6803F007033A689A4201D0012332E045
:102690007B681B6803F00403002B08D0194B5B68B0
:1026A00023F4E0627B68DB68164913434B607B6868
:1026B0001B6803F00803002B09D0124B5B6823F45E
:1026C00060527B681B69DB000E4913434B6000F0CE
:1026D00021F802460B4B5B681B0903F00F030A4904
:1026E000CB5C22FA03F3094A1360094B1B681846B6
:1026F000FFF734FC002318461037BD4680BD00BFED
:1027000000200240001002408CA3000800000020BE
:102710000400002080B487B000AF0023FB600023DA
:10272000BB6000237B6100237B6000233B611E4B69
:102730005B68FB60FB6803F00C03042B02D0082BE2
:1027400003D027E0194B3B6127E0FB689B0C03F0AB
:102750000F03174AD35C7B60FB6803F48033002BC4
:1027600010D0114B5B685B0C03F00103114AD35C82
:10277000BB607B680D4A03FB02F2BB68B2FBF3F35C
:102780007B6104E07B680C4A02FB03F37B617B699D
:102790003B6102E0054B3B6100BF3B6918461C37BB
:1027A000BD4680BC704700BF0010024000127A0096
:1027B000A4A30008B4A3000800093D0080B400AF42
:1027C000024B1B681846BD4680BC704700000020C5
:1027D00080B500AFFFF7F2FF0246054B5B681B0AAE
:1027E00003F007030349CB5C22FA03F3184680BDCC
:1027F000001002409CA3000880B500AFFFF7DEFF89
:102800000246054B5B68DB0A03F007030349CB5C18
:1028100022FA03F3184680BD001002409CA3000872
:1028200080B485B000AF78600A4B1B680A4AA2FBEF
:1028300003235B0A7A6802FB03F3FB6000BFFB68BB
:102840005A1EFA60002BF9D100BF00BF1437BD46F5
:1028500080BC704700000020D34D621080B48BB064
:1028600000AF7860396000237B6200233B6269E13E
:1028700001227B6A02FA03F3FB613B681B68FA6979
:102880001340BB61BA69FB699A4240F058813B68CA
:102890005B689A4A93425ED0984A934275D8984AA8
:1028A000934258D0964A93426FD8964A934252D058
:1028B000944A934269D8944A93424CD0924A9342A4
:1028C00063D8924A934246D0904A93425DD8122BE5
:1028D0002AD8122B59D801A252F823F05729000800
:1028E0003129000843290008852900088B290008A0
:1028F0008B2900088B2900088B2900088B290008E8
:102900008B2900088B2900088B2900088B290008D7
:102910008B2900088B2900088B2900088B290008C7
:10292000392900084D290008794A934213D02CE038
:102930003B68DB683B6229E03B68DB6804333B6251
:1029400024E03B68DB6808333B621FE03B68DB68E0
:102950000C333B621AE03B689B68002B02D10423D6
:102960003B6213E03B689B68012B05D108233B6267
:102970007B68FA691A6109E008233B627B68FA699F
:102980005A6103E000233B6200E000BFBB69FF2BFC
:1029900001D87B6801E07B6804337B61BB69FF2B56
:1029A00002D87B6A9B0002E07B6A083B9B003B618C
:1029B0007B691A680F213B6901FA03F3DB431A4074
:1029C000396A3B6901FA03F31A437B691A603B6871
:1029D0005B6803F08053002B00F0B1804D4B9B6986
:1029E0004C4A43F0010393614A4B9B6903F0010396
:1029F000BB60BB68484A7B6A9B08023352F82330AD
:102A0000FB607B6A03F003039B000F2202FA03F3CF
:102A1000DB43FA681340FB607B68404A934213D063
:102A20007B683F4A93420DD07B683E4A934207D071
:102A30007B683D4A934201D1032306E0042304E06E
:102A4000022302E0012300E000237A6A02F003027D
:102A500092009340FA681343FB602F497B6A9B08FE
:102A60000233FA6841F823203B685B6803F4801363
:102A7000002B06D02D4B9A682C49BB6913438B6001
:102A800006E02A4B9A68BB69DB43284913408B60F8
:102A90003B685B6803F40013002B06D0234BDA6815
:102AA0002249BB691343CB6006E0204BDA68BB695F
:102AB000DB431E491340CB603B685B6803F4003383
:102AC000002B06D0194B5A681849BB6913434B6059
:102AD00006E0164B5A68BB69DB43144913404B6050
:102AE0003B685B6803F48033002B21D00F4B1A68DE
:102AF0000E49BB6913430B6021E000BF0000321098
:102B000000003110000022100000211000001210FF
:102B100000001110001002400000014000080140B8
:102B2000000C01400010014000140140000401406D
:102B30000B4B1A68BB69DB43094913400B607B6A86
:102B400001337B623B681A687B6A22FA03F3002B2D
:102B50007FF48EAE00BF00BF2C37BD4680BC7047EF
:102B60000004014080B489B000AF78603960002370
:102B7000FB619AE00122FB6902FA03F33A68134011
:102B8000BB61BB69002B00F08D804E4AFB699B083E
:102B9000023352F823307B61FB6903F003039B008F
:102BA0000F2202FA03F37A6913407B617B68464A7D
:102BB000934213D07B68454A93420DD07B68444AC8
:102BC000934207D07B68434A934201D1032306E036
:102BD000042304E0022302E0012300E00023FA6959
:102BE00002F00302920093407A699A4232D13A4B42
:102BF0001A68BB69DB43384913400B60364B5A688F
:102C0000BB69DB43344913404B60334BDA68BB6923
:102C1000DB4331491340CB602F4B9A68BB69DB43E0
:102C20002D4913408B60FB6903F003039B000F22C7
:102C300002FA03F37B61234AFB699B08023352F8D3
:102C400023107B69DA431F48FB699B080A40023363
:102C500040F82320BB69FF2B01D87B6801E07B682B
:102C600004333B61BB69FF2B02D8FB699B0002E088
:102C7000FB69083B9B00FB603B691A680F21FB68FE
:102C800001FA03F3DB431A400421FB6801FA03F362
:102C90001A433B691A607B68DA68BB69DB431A40F8
:102CA0007B68DA60FB690133FB613A68FB6922FAF1
:102CB00003F3002B7FF45EAF00BF00BF2437BD4697
:102CC00080BC70470000014000080140000C01403A
:102CD00000100140001401400004014080B483B0A2
:102CE00000AF78600B467B8013467B707B78002BAF
:102CF00003D07A887B681A6103E07B881A047B68BA
:102D00001A6100BF0C37BD4680BC704780B485B0E7
:102D100000AF78600B467B807B68DB68FB607A885D
:102D2000FB6813401A04FB68D9437B880B401A43A5
:102D30007B681A6100BF1437BD4680BC7047000035
:102D400080B582B000AF0346FB80084B5A69FB8810
:102D50001340002B06D0054AFB885361FB881846B8
:102D600004F033F900BF0837BD4680BD00040140C0
:102D700080B485B000AF78600023FB607B68002BD7
:102D800001D1012343E07B681B681A46224B1344A0
:102D9000224AA2FB03231B099A007B681A647B6802
:102DA0001F4ADA637B68022283F821207B681B6854
:102DB0001B68FB60FB6823F47F5323F03003FB6048
:102DC0007B685A687B689B681A437B68DB681A4398
:102DD0007B681B691A437B685B691A437B689B6944
:102DE0001A437B68DB691343FA681343FB607B6813
:102DF0001B68FA681A607B6800229A637B6801226C
:102E000083F821207B68002283F8202000231846C5
:102E10001437BD4680BC7047F8FFFDBFCDCCCCCC8D
:102E20000000024080B483B000AF78607B68002B64
:102E300001D1012346E07B681B681A687B681B6828
:102E400022F001021A607B681B6800221A607B680E
:102E50001B6800225A607B681B6800229A607B68AE
:102E60001B680022DA607B681B681A46184B134403
:102E7000184AA2FB03231B099A007B681A647B682B
:102E8000154ADA637B681A6C7B68DB6B012101FAF7
:102E900002F25A607B6800229A627B680022DA6242
:102EA0007B6800221A637B6800225A637B680022D9
:102EB0009A637B68002283F821207B68002283F8D4
:102EC0002020002318460C37BD4680BC704700BF49
:102ED000F8FFFDBFCDCCCCCC0000024080B586B061
:102EE00000AFF860B9607A603B600023FB75FB6857
:102EF00093F82030012B01D102234BE0FB68012223
:102F000083F82020FB6893F82130DBB2012B3AD103
:102F1000FB68022283F82120FB6800229A63FB6889
:102F20001B681A68FB681B6822F001021A603B6884
:102F30007A68B968F86800F0EBF9FB68DB6A002B87
:102F400008D0FB681B681A68FB681B6842F00E0219
:102F50001A600FE0FB681B681A68FB681B6822F0A8
:102F600004021A60FB681B681A68FB681B6842F061
:102F70000A021A60FB681B681A68FB681B6842F04B
:102F800001021A6005E0FB68002283F8202002237A
:102F9000FB75FB7D18461837BD4680BD80B485B0F3
:102FA00000AF78600023FB737B6893F82130DBB2BD
:102FB000022B08D07B6804229A637B68002283F886
:102FC0002020012320E07B681B681A687B681B684F
:102FD00022F00E021A607B681B681A687B681B6807
:102FE00022F001021A607B681A6C7B68DB6B01219E
:102FF00001FA02F25A607B68012283F821207B6883
:10300000002283F82020FB7B18461437BD4680BC85
:103010007047000080B584B000AF78600023FB7378
:103020007B6893F82130DBB2022B05D07B68042249
:103030009A630123FB7351E07B681B681A687B6805
:103040001B6822F00E021A607B681B681A687B6896
:103050001B6822F001021A607B681B68224A9342B7
:1030600029D07B681B68214A934222D07B681B6869
:103070001F4A93421AD07B681B681E4A934212D0A3
:103080007B681B681C4A93420AD07B681B681B4AFA
:10309000934202D14FF480130EE04FF080730BE0A7
:1030A0004FF4803308E04FF4805305E04FF4807311
:1030B00002E0102300E00123114A53607B680122E3
:1030C00083F821207B68002283F820207B685B6BDB
:1030D000002B03D07B685B6B78689847FB7B1846B6
:1030E0001037BD4680BD00BF080002401C000240F2
:1030F0003000024044000240580002406C00024090
:103100000000024080B584B000AF78607B68DB6B64
:103110001B68FB607B681B681B68BB607B681B6C63
:1031200004229A40FB681340002B4FD0BB6803F089
:103130000403002B4AD07B681B681B6803F0200344
:10314000002B07D17B681B681A687B681B6822F01C
:1031500004021A607B681B68664A934229D07B6828
:103160001B68654A934222D07B681B68634A93427E
:103170001AD07B681B68624A934212D07B681B6836
:10318000604A93420AD07B681B685F4A934202D12F
:103190004FF480030EE04FF080630BE04FF4802388
:1031A00008E04FF4804305E04FF4806302E04023E1
:1031B00000E00423554A53607B68DB6A002B00F073
:1031C00094807B68DB6A786898478EE07B681B6C2C
:1031D00002229A40FB681340002B56D0BB6803F0D4
:1031E0000203002B51D07B681B681B6803F020038F
:1031F000002B0BD17B681B681A687B681B6822F068
:103200000A021A607B68012283F821207B681B6810
:10321000384A934229D07B681B68374A934222D0B0
:103220007B681B68354A93421AD07B681B68344A16
:10323000934212D07B681B68324A93420AD07B6863
:103240001B68314A934202D14FF400130EE04FF055
:1032500000730BE04FF4003308E04FF4005305E037
:103260004FF4007302E0202300E00223274A53605A
:103270007B68002283F820207B689B6A002B34D077
:103280007B689B6A786898472FE07B681B6C0822F4
:103290009A40FB681340002B28D0BB6803F008035A
:1032A000002B23D07B681B681A687B681B6822F0A0
:1032B0000E021A607B681A6C7B68DB6B012101FAD5
:1032C00002F25A607B6801229A637B68012283F8CC
:1032D00021207B68002283F820207B681B6B002B59
:1032E00004D07B681B6B7868984700BF00BF10371D
:1032F000BD4680BD080002401C0002403000024074
:1033000044000240580002406C00024000000240AD
:1033100080B485B000AFF860B9607A603B60FB684C
:103320001A6CFB68DB6B012101FA02F25A60FB6840
:103330001B683A685A60FB685B68102B08D1FB6811
:103340001B687A689A60FB681B68BA68DA6007E0F5
:10335000FB681B68BA689A60FB681B687A68DA6069
:1033600000BF1437BD4680BC7047000080B485B0F4
:1033700000AF78607B6803F00703FB600C4BDB68F1
:10338000BB60BA684FF6FF031340BB60FB681A02CC
:10339000BB68134343F0BF6343F40033BB60044A8C
:1033A000BB68D36000BF1437BD4680BC704700BF08
:1033B00000ED00E080B400AF044BDB681B0A03F0B3
:1033C00007031846BD4680BC704700BF00ED00E013
:1033D00080B483B000AF0346FB7197F90730002B30
:1033E0000BDBFB7903F01F02064997F907305B09F5
:1033F000012000FA02F241F8232000BF0C37BD463D
:1034000080BC704700E100E080B483B000AF0346A9
:10341000FB7197F90730002B12DBFB7903F01F02D9
:103420000A4997F907305B09012000FA02F22033BC
:1034300041F82320BFF34F8F00BFBFF36F8F00BF52
:1034400000BF0C37BD4680BC704700BF00E100E004
:1034500080B483B000AF03463960FB7197F9073041
:10346000002B0ADB3B68DAB20C4997F907301201EE
:10347000D2B20B4483F800230AE03B68DAB2084971
:10348000FB7903F00F03043B1201D2B20B441A760E
:1034900000BF0C37BD4680BC704700BF00E100E0B4
:1034A00000ED00E080B489B000AFF860B9607A60E8
:1034B000FB6803F00703FB61FB69C3F10703042BFF
:1034C00028BF0423BB61FB690433062B02D9FB69C7
:1034D000033B00E000237B614FF0FF32BB6902FA3F
:1034E00003F3DA43BB681A407B699A404FF0FF311F
:1034F0007B6901FA03F3D9437B680B4013431846F9
:103500002437BD4680BC704780B582B000AF78607C
:103510007B68013BB3F1807F01D301230FE00A4AAE
:103520007B68013B53600F214FF0FF30FFF790FFA6
:10353000054B00229A60044B07221A6000231846AC
:103540000837BD4680BD00BF10E000E080B582B006
:1035500000AF78607868FFF709FF00BF0837BD4605
:1035600080BD80B586B000AF0346B9607A60FB735A
:1035700000237B61FFF71EFF78617A68B96878697C
:10358000FFF790FF024697F90F3011461846FFF7F4
:103590005FFF00BF1837BD4680BD80B582B000AF69
:1035A0000346FB7197F907301846FFF711FF00BF7C
:1035B0000837BD4680BD80B582B000AF0346FB71C1
:1035C00097F907301846FFF71FFF00BF0837BD46C1
:1035D00080BD80B582B000AF78607868FFF794FF57
:1035E000034618460837BD4680BD80B582B000AF9F
:1035F00078607B68002B01D1012376E07B685B6AF1
:10360000002B08D17B685B68B3F5827F09D07B68AB
:103610000022DA6105E07B6800221A617B680022E3
:103620005A617B6800229A627B6893F85130DBB262
:10363000002B06D17B68002283F85020786803F0C5
:10364000F3FA7B68022283F851207B681B681A68B2
:103650007B681B6822F040021A607B685B6803F499
:1036600082727B689B6803F404431A437B68DB68BF
:1036700003F400631A437B681B6903F002031A43D7
:103680007B685B6903F001031A437B689B6903F461
:1036900000731A437B68DB6903F038031A437B68C5
:1036A0001B6A03F0800342EA03017B689B6A03F410
:1036B00000527B681B680A431A607B689B691A0C7E
:1036C0007B681B6802F004025A607B681B68DA6939
:1036D0007B681B6822F40062DA617B6800225A650D
:1036E0007B68012283F85120002318460837BD4625
:1036F00080BD80B58AB000AFF860B9607A607B8029
:1037000001237B62FEF76CFC3862FB6893F8513052
:10371000FB77FB685B68BB617B88FB82FB7F012BCF
:103720000CD0BB69B3F5827F06D1FB689B68002B88
:1037300002D1FB7F042B01D002237FE1BB68002B69
:1037400005D07B68002B02D07B88002B01D10123A0
:1037500074E1FB6893F85030012B01D102236DE135
:10376000FB68012283F85020FB6893F85130DBB2EC
:10377000042B03D0FB68052283F85120FB6800224C
:103780005A65FB687A689A63FB687A88DA87FB680F
:103790007A889A87FB68BA681A63FB687A88DA863F
:1037A000FB687A889A86FB6800221A64FB6800220C
:1037B0005A64FB681B681B6803F04003402B07D06A
:1037C000FB681B681A68FB681B6842F040021A60BD
:1037D000FB68DB68B3F5006F7ED1FB685B68002B8C
:1037E00002D0FB8A012B6CD1FB681B6B1A88FB682B
:1037F0001B68DA60FB681B6B9A1CFB681A63FB682A
:10380000DB8E9BB2013B9AB2FB68DA8659E0FB681B
:103810001B689B6803F00203022B1BD1FB68DB8E45
:103820009BB2002B16D07B6A012B13D1FB681B6B5C
:103830001A88FB681B68DA60FB681B6B9A1CFB68C4
:103840001A63FB68DB8E9BB2013B9AB2FB68DA8697
:1038500000237B62FB681B689B6803F00103012B5C
:1038600019D1FB68DB8F9BB2002B14D0FB681B685F
:10387000DA68FB689B6B92B21A80FB689B6B9A1CA0
:10388000FB689A63FB68DB8F9BB2013B9AB2FB68D3
:10389000DA8701237B62FEF7A3FB02463B6AD31A59
:1038A0003A6B9A420DD83B6BB3F1FF3F09D0FB68EE
:1038B000012283F85120FB68002283F85020032363
:1038C000BCE0FB68DB8E9BB2002BA0D1FB68DB8FDA
:1038D0009BB2002B9BD182E0FB685B68002B02D07F
:1038E000FB8A012B71D1FB681A6BFB681B680C33D8
:1038F00012781A70FB681B6B5A1CFB681A63FB6812
:10390000DB8E9BB2013B9AB2FB68DA865DE0FB6816
:103910001B689B6803F00203022B1CD1FB68DB8E43
:103920009BB2002B17D07B6A012B14D1FB681A6B5A
:10393000FB681B680C3312781A70FB681B6B5A1CEF
:10394000FB681A63FB68DB8E9BB2013B9AB2FB6893
:10395000DA8600237B62FB681B689B6803F0010327
:10396000012B19D1FB68DB8F9BB2002B14D0FB68B5
:103970001B68DA68FB689B6BD2B21A70FB689B6BA2
:103980005A1CFB689A63FB68DB8F9BB2013B9AB2BF
:10399000FB68DA8701237B62FEF722FB02463B6A63
:1039A000D31A3A6B9A4203D83B6BB3F1FF3F02D173
:1039B0003B6B002B09D1FB68012283F85120FB6887
:1039C000002283F85020032338E0FB68DB8E9BB293
:1039D000002B9CD1FB68DB8F9BB2002B97D13A6AFE
:1039E000396BF86800F09AF90346002B08D0FB68A1
:1039F00020225A65FB68002283F8502001231DE035
:103A0000FB689B68002B0AD100233B61FB681B68A5
:103A1000DB683B61FB681B689B683B613B69FB683B
:103A2000012283F85120FB68002283F85020FB68B4
:103A30005B6D002B01D0012300E0002318462837DE
:103A4000BD4680BD80B586B000AF78600023FB75B1
:103A50006A4B1B686A4AA2FB03235B0A642202FBCF
:103A600003F3FB60FB683B617B681B685A687B68FB
:103A70001B6822F020025A607B681B685B6803F0B9
:103A80008003002B17D07B685E4A5A643B69002B89
:103A900006D17B685B6D43F040027B685A6508E0A5
:103AA0003B69013B3B617B6893F85130DBB2072BEC
:103AB000ECD1FB683B617B681B685B6803F04003EB
:103AC000002B17D07B68504A1A643B69002B06D143
:103AD0007B685B6D43F040027B685A6508E03B6998
:103AE000013B3B617B6893F85130DBB2072BECD193
:103AF000FB683B617B681B685B6803F00203002B7B
:103B00002ED07B689B6C002B2AD07B689B6C00229C
:103B10005A637B689B6C1846FFF740FA0346002BFC
:103B200002D07B6840225A657B681B685A687B68B4
:103B30001B6822F002025A603B69002B06D17B68A9
:103B40005B6D43F040027B685A6509E03B69013BCD
:103B50003B617B681B689B6803F00203002BEBD082
:103B60007B681B685B6803F00103002B22D07B6835
:103B7000DB6C002B1ED07B68DB6C00225A637B68F9
:103B8000DB6C1846FFF70AFA0346002B02D07B686D
:103B900040225A657B681B681A687B681B6822F0A4
:103BA00040021A607B681B685A687B681B6822F0B9
:103BB00001025A607B680022DA877B680022DA867D
:103BC0007B685B6D402B02D10123FB7502E07B68B3
:103BD00000225A650023BB607B681B68DB68BB6002
:103BE0007B681B689B68BB60BB687B68012283F8AD
:103BF0005120FB7D18461837BD4680BD00000020CF
:103C0000F11976050D3E0008813D000880B588B0A9
:103C100000AFF860B9603B601346FB71FEF7E0F956
:103C20000246BB6A9B1A3A681344FB61FEF7D8F957
:103C3000B861394B1B685B011B0DFA6902FB03F38A
:103C40007B6154E03B68B3F1FF3F50D0FEF7C8F909
:103C50000246BB69D31AFA699A4202D9FB69002B62
:103C60003DD1FB681B685A68FB681B6822F0E002C4
:103C70005A60FB685B68B3F5827F11D1FB689B6873
:103C8000B3F5004F04D0FB689B68B3F5806F07D194
:103C9000FB681B681A68FB681B6822F040021A6008
:103CA000FB689B6AB3F5005F0FD1FB681B681A685D
:103CB000FB681B6822F400521A60FB681B681A68D4
:103CC000FB681B6842F400521A60FB68012283F80B
:103CD0005120FB68002283F85020032317E07B6902
:103CE000002B01D10023FB617B69013B7B61FB68F9
:103CF0001B689A68BB681340BA689A420CBF0123DC
:103D00000023DBB21A46FB799A429BD10023184666
:103D10002037BD4680BD00BF0000002080B586B0C2
:103D200002AFF860B9607A607B680093BB680122DB
:103D30000221F868FFF76AFF0346002B07D0FB68F3
:103D40005B6D43F02002FB685A65032313E07B6838
:103D50000093BB6800228021F868FFF757FF0346F5
:103D6000002B07D0FB685B6D43F02002FB685A65AF
:103D7000032300E0002318461037BD4680BD000035
:103D800080B485B000AF78600023FB601D4B1B68DA
:103D90001D4AA2FB03235B0A642202FB03F3BB6000
:103DA000BB68002B06D17B685B6D43F040027B68EB
:103DB0005A6509E0BB68013BBB607B681B689B6878
:103DC00003F00203002BEBD07B681B681A687B684A
:103DD0001B6822F040021A607B681B685A687B6887
:103DE0001B6822F0E0025A607B681B68DB68FB609E
:103DF000FB687B68072283F8512000BF1437BD465B
:103E000080BC704700000020F119760580B483B0B3
:103E100000AF78607B681B685A687B681B6822F07B
:103E200080025A607B681B681A687B681B6822F0F6
:103E300040021A607B68072283F8512000BF0C37CC
:103E4000BD4680BC704780B582B000AF78607B68AB
:103E5000002B01D1012341E07B6893F83D30DBB2B8
:103E6000002B06D17B68002283F83C20786802F0A2
:103E700071FF7B68022283F83D207B681A687B68AB
:103E800004331946104600F05BFA7B68012283F880
:103E900046207B68012283F83E207B68012283F85C
:103EA0003F207B68012283F840207B68012283F851
:103EB00041207B68012283F842207B68012283F83D
:103EC00043207B68012283F844207B68012283F829
:103ED00045207B68012283F83D20002318460837DF
:103EE000BD4680BD80B485B000AF78607B6893F834
:103EF0003D30DBB2012B01D001233AE07B68022286
:103F000083F83D207B681B68DA687B681B6842F099
:103F10000102DA607B681B68184A93420ED07B6806
:103F20001B68B3F1804F09D07B681B68144A934229
:103F300004D07B681B68134A934211D17B681B68CD
:103F40009B6803F00703FB60FB68062B10D07B68BF
:103F50001B681A687B681B6842F001021A6007E060
:103F60007B681B681A687B681B6842F001021A6054
:103F7000002318461437BD4680BC7047002C014012
:103F8000000400400008004080B584B000AF7860B5
:103F90007B681B68DB68FB607B681B681B69BB6018
:103FA000BB6803F00203002B20D0FB6803F0020380
:103FB000002B1BD07B681B686FF002021A617B68C4
:103FC00001221A777B681B689B6903F00303002BAF
:103FD00003D0786800F098F905E0786800F08BF974
:103FE000786800F09AF97B6800221A77BB6803F0C2
:103FF0000403002B20D0FB6803F00403002B1BD02C
:104000007B681B686FF004021A617B6802221A77D2
:104010007B681B689B6903F44073002B03D07868AE
:1040200000F072F905E0786800F065F9786800F052
:1040300074F97B6800221A77BB6803F00803002B31
:1040400020D0FB6803F00803002B1BD07B681B68A3
:104050006FF008021A617B6804221A777B681B687C
:10406000DB6903F00303002B03D0786800F04CF900
:1040700005E0786800F03FF9786800F04EF97B6859
:1040800000221A77BB6803F01003002B20D0FB68D6
:1040900003F01003002B1BD07B681B686FF010022D
:1040A0001A617B6808221A777B681B68DB6903F456
:1040B0004073002B03D0786800F026F905E078689B
:1040C00000F019F9786800F028F97B6800221A7767
:1040D000BB6803F00103002B0CD0FB6803F0010365
:1040E000002B07D07B681B686FF001021A617868AB
:1040F00002F04AFABB6803F08003002B0CD0FB6887
:1041000003F08003002B07D07B681B686FF08002F0
:104110001A61786800F07FFABB6803F04003002B57
:104120000CD0FB6803F04003002B07D07B681B68B2
:104130006FF040021A61786800F0F8F8BB6803F08D
:104140002003002B0CD0FB6803F02003002B07D0CA
:104150007B681B686FF020021A61786800F052FAE1
:1041600000BF1037BD4680BD80B584B000AF786019
:1041700039600023FB737B6893F83C30012B01D13D
:104180000223B4E07B68012283F83C207B68022292
:1041900083F83D207B681B689B68BB60BB6823F08D
:1041A0007703BB60BB6823F47F43BB607B681B68FD
:1041B000BA689A603B681B68B3F5005F3ED0B3F500
:1041C000005F00F28780B3F5805F00F08680B3F572
:1041D000805F7FD8702B1AD0702B7BD8602B50D08B
:1041E000602B77D8502B3CD0502B73D8402B58D015
:1041F000402B6FD8302B64D0302B6BD8202B60D065
:10420000202B67D8002B5CD0102B5AD062E07B6843
:1042100018683B6899683B685A683B68DB6800F03F
:1042200074F97B681B689B68BB60BB6843F07703CD
:10423000BB607B681B68BA689A604FE07B6818684F
:104240003B6899683B685A683B68DB6800F05DF939
:104250007B681B689A687B681B6842F480429A609E
:104260003CE07B6818683B6859683B68DB681A4625
:1042700000F0D4F87B681B685021184600F02BF939
:104280002CE07B6818683B6859683B68DB681A4615
:1042900000F0F2F87B681B686021184600F01BF9FB
:1042A0001CE07B6818683B6859683B68DB681A4605
:1042B00000F0B4F87B681B684021184600F00BF949
:1042C0000CE07B681A683B681B681946104600F0D2
:1042D00002F903E00123FB7300E000BF7B680122C9
:1042E00083F83D207B68002283F83C20FB7B184646
:1042F0001037BD4680BD80B483B000AF786000BF8A
:104300000C37BD4680BC704780B483B000AF786086
:1043100000BF0C37BD4680BC704780B483B000AF8F
:10432000786000BF0C37BD4680BC704780B483B056
:1043300000AF786000BF0C37BD4680BC70470000FE
:1043400080B485B000AF786039607B681B68FB6023
:104350007B682F4A93420BD07B68B3F1804F07D024
:104360007B682C4A934203D07B682B4A934208D146
:10437000FB6823F07003FB603B685B68FA681343DB
:10438000FB607B68224A93420BD07B68B3F1804F7D
:1043900007D07B681F4A934203D07B681E4A934232
:1043A00008D1FB6823F44073FB603B68DB68FA6864
:1043B0001343FB60FB6823F080023B685B69134397
:1043C000FB607B68FA681A603B689A687B68DA620F
:1043D0003B681A687B689A627B680D4A934203D1F6
:1043E0003B681A697B681A637B6801225A617B68A3
:1043F0001B6903F00103002B05D07B681B6923F0C8
:1044000001027B681A6100BF1437BD4680BC70474B
:10441000002C0140000400400008004080B487B038
:1044200000AFF860B9607A60FB681B6A7B61FB686B
:104430001B6A23F00102FB681A62FB689B693B61FF
:104440003B6923F0F0033B617B681B013A6913432E
:104450003B617B6923F00A037B617A69BB68134384
:104460007B61FB683A699A61FB687A691A6200BFEE
:104470001C37BD4680BC704780B487B000AFF86081
:10448000B9607A60FB681B6A7B61FB681B6A23F07A
:104490001002FB681A62FB689B693B613B6923F46D
:1044A00070433B617B681B033A6913433B617B6943
:1044B00023F0A0037B61BB681B017A6913437B6116
:1044C000FB683A699A61FB687A691A6200BF1C3717
:1044D000BD4680BC704780B485B000AF786039605D
:1044E0007B689B68FB60FB6823F07003FB603A68A5
:1044F000FB68134343F00703FB607B68FA689A602C
:1045000000BF1437BD4680BC704780B487B000AF91
:10451000F860B9607A603B60FB689B687B617B698F
:1045200023F47F437B613B681A027B681A43BB68B4
:1045300013437A6913437B61FB687A699A6000BF11
:104540001C37BD4680BC704780B485B000AF786032
:1045500039607B6893F83C30012B01D1022346E09F
:104560007B68012283F83C207B68022283F83D208F
:104570007B681B685B68FB607B681B689B68BB6033
:10458000FB6823F07003FB603B681B68FA68134309
:10459000FB607B681B68FA685A607B681B68164A78
:1045A00093420ED07B681B68B3F1804F09D07B68C3
:1045B0001B68124A934204D07B681B68104A9342DE
:1045C0000CD1BB6823F08003BB603B685B68BA68B2
:1045D0001343BB607B681B68BA689A607B680122E2
:1045E00083F83D207B68002283F83C200023184696
:1045F0001437BD4680BC7047002C014000040040C9
:104600000008004080B483B000AF786000BF0C3772
:10461000BD4680BC704780B483B000AF786000BFF7
:104620000C37BD4680BC704780B582B000AF786063
:104630007B68002B01D1012342E07B6893F8413075
:10464000DBB2002B06D17B68002283F8402078681B
:1046500002F010FC7B68242283F841207B681B68F1
:10466000DA687B681B6822F40052DA60786801F02F
:1046700001F87B681B681A697B681B6822F490420A
:104680001A617B681B685A697B681B6822F02A02E2
:104690005A617B681B68DA687B681B6842F40052C9
:1046A000DA607B6800225A647B68202283F841200C
:1046B0007B68202283F842207B6800225A63002313
:1046C00018460837BD4680BD80B582B000AF78601F
:1046D0007B68002B01D1012324E07B68242283F82E
:1046E00041207B681B68DA687B681B6822F40052F3
:1046F000DA60786802F03CFC7B6800225A647B68D0
:10470000002283F841207B68002283F842207B68E6
:1047100000221A637B6800225A637B68002283F8B8
:104720004020002318460837BD4680BD80B58AB0BA
:1047300002AFF860B9603B601346FB8000237B61E9
:10474000FB6893F84130DBB2202B75D1BB68002B9E
:1047500002D0FB88002B01D101236EE0FB68002210
:104760005A64FB68212283F84120FDF739FC786107
:10477000FB68FA889A84FB68FA88DA84FB689B688D
:10478000B3F5805F08D1FB681B69002B04D10023BF
:10479000FB61BB68BB6103E0BB68FB610023BB61DD
:1047A0002EE03B6800937B6900228021F86800F0CE
:1047B000ACFC0346002B05D0FB68202283F8412087
:1047C00003233AE0FB69002B0BD1BB691B881A4617
:1047D000FB681B68C2F308025A60BB690233BB6105
:1047E00007E0FB691A78FB681B685A60FB690133B4
:1047F000FB61FB68DB8C9BB2013B9AB2FB68DA84FD
:10480000FB68DB8C9BB2002BCBD13B6800937B69B0
:1048100000224021F86800F078FC0346002B05D008
:10482000FB68202283F84120032306E0FB68202256
:1048300083F84120002300E0022318462037BD46BC
:1048400080BD80B584B000AFF860B9601346FB80CE
:10485000FB6893F84230DBB2202B12D1BB68002BEF
:1048600002D0FB88002B01D101230BE0FB68002262
:104870001A63FB881A46B968F86800F09FFC034683
:1048800000E0022318461037BD4680BD80B590B0C9
:1048900000AF78600023FB637B681B685B6903F0F3
:1048A0008003002B14BF01230023DBB2FB637B6872
:1048B00093F84130DBB2212B28D1FB6B002B25D0A4
:1048C0007B681B6814337B627B6A53E8003F3B6262
:1048D0003B6A23F08003BB637B681B681433BA6BAD
:1048E0003A63FB62F96A3A6B41E80023BB62BB6A38
:1048F000002BE5D17B689B6B002B04D07B689B6B06
:104900001846FEF74BFB786800F0F2FC7B681B68EA
:104910005B6903F04003002B14BF01230023DBB2CB
:10492000FB637B6893F84230DBB2222B28D1FB6B10
:10493000002B25D07B681B6814333B613B6953E82F
:10494000003FFB60FB6823F040037B637B681B68D0
:1049500014337A6BFA61BB61B969FA6941E80023E3
:104960007B617B69002BE5D17B68DB6B002B04D07E
:104970007B68DB6B1846FEF711FB786800F0DFFC04
:10498000002318464037BD4680BD000080B5BAB050
:1049900000AF78607B681B681B68C7F8E4307B68F1
:1049A0001B68DB68C7F8E0307B681B685B69C7F889
:1049B000DC300023C7F8D8300023C7F8D430D7F84C
:1049C000E43003F00F03C7F8D830D7F8D830002B05
:1049D0000FD1D7F8E43003F02003002B09D0D7F82B
:1049E000E03003F02003002B03D0786800F084FD52
:1049F0005BE2D7F8D830002B00F0DE80D7F8DC304F
:104A000003F00103002B06D1D7F8E03003F49073D4
:104A1000002B00F0D180D7F8E43003F00103002B25
:104A20000BD0D7F8E03003F48073002B05D07B68FF
:104A30005B6C43F001027B685A64D7F8E43003F002
:104A40000403002B0BD0D7F8DC3003F00103002B5C
:104A500005D07B685B6C43F002027B685A64D7F830
:104A6000E43003F00203002B0BD0D7F8DC3003F066
:104A70000103002B05D07B685B6C43F004027B686C
:104A80005A64D7F8E43003F00803002B11D0D7F8AC
:104A9000E03003F02003002B05D1D7F8DC3003F021
:104AA0000103002B05D07B685B6C43F008027B6838
:104AB0005A647B685B6C002B00F0F281D7F8E4301D
:104AC00003F02003002B08D0D7F8E03003F02003D8
:104AD000002B02D0786800F00FFD7B681B685B69D3
:104AE00003F04003002B14BF01230023DBB2C7F8FF
:104AF000D4307B685B6C03F00803002B03D1D7F83C
:104B0000D430002B4FD0786800F019FC7B681B680C
:104B10005B6903F04003002B41D07B681B681433B2
:104B2000C7F89C30D7F89C3053E8003FC7F898305E
:104B3000D7F8983023F04003C7F8D0307B681B6863
:104B40001433D7F8D020C7F8A820C7F8A430D7F876
:104B5000A410D7F8A82041E80023C7F8A030D7F860
:104B6000A030002BD9D17B68DB6B002B13D07B6886
:104B7000DB6B7E4A5A637B68DB6B1846FEF74AFAAA
:104B80000346002B16D07B68DB6B5B6B7A68D26BBD
:104B9000104698470EE0786800F0A5F90AE07868BA
:104BA00000F0A1F906E0786800F09DF97B6800222A
:104BB0005A6475E100BF73E17B681B6B012B40F009
:104BC0004F81D7F8E43003F01003002B00F0488148
:104BD000D7F8E03003F01003002B00F041810023F0
:104BE000BB607B681B681B68BB607B681B685B687D
:104BF000BB60BB687B681B685B6903F04003002BEC
:104C000000F0B6807B68DB6B1B685B68A7F8BE3082
:104C1000B7F8BE30002B00F045817B689B8DB7F85C
:104C2000BE209A4280F03E817B68B7F8BE20DA85CC
:104C30007B68DB6B9B69202B00F088807B681B689E
:104C40000C33C7F88830D7F8883053E8003FC7F8EE
:104C50008430D7F8843023F48073C7F8B8307B6889
:104C60001B680C33D7F8B820C7F89420C7F89030E9
:104C7000D7F89010D7F8942041E80023C7F88C307B
:104C8000D7F88C30002BD9D17B681B6814337B6735
:104C90007B6F53E8003F3B673B6F23F00103C7F88E
:104CA000B4307B681B681433D7F8B420C7F8802071
:104CB000FB67F96FD7F8802041E80023BB67BB6F23
:104CC000002BE1D17B681B6814333B663B6E53E8D5
:104CD000003FFB65FB6D23F04003C7F8B0307B68F5
:104CE0001B681433D7F8B020FA66BB66B96EFA6E4B
:104CF00041E800237B667B6E002BE3D17B6820229A
:104D000083F842207B6800221A637B681B680C339F
:104D1000FB64FB6C53E8003FBB64BB6C23F01003E7
:104D2000C7F8AC307B681B680C33D7F8AC20BA6589
:104D30007B65796DBA6D41E800233B653B6D002BC7
:104D4000E3D17B68DB6B1846FEF728F97B6802220B
:104D50005A637B689A8D7B68DB8D9BB2D31A9BB2BA
:104D60001946786800F0C8F89CE000BF03540008BA
:104D70007B689A8D7B68DB8D9BB2D31AA7F8CE3007
:104D80007B68DB8D9BB2002B00F08E80B7F8CE30B5
:104D9000002B00F089807B681B680C33BB63BB6B06
:104DA00053E8003F7B637B6B23F49073C7F8C830F4
:104DB0007B681B680C33D7F8C8207A643B64396C75
:104DC0007A6C41E80023FB63FB6B002BE3D17B682B
:104DD0001B6814337B627B6A53E8003F3B623B6A8B
:104DE00023F00103C7F8C4307B681B681433D7F87D
:104DF000C4203A63FB62F96A3A6B41E80023BB6264
:104E0000BB6A002BE3D17B68202283F842207B68B9
:104E100000221A637B681B680C333B613B6953E8D3
:104E2000003FFB60FB6823F01003C7F8C0307B68CD
:104E30001B680C33D7F8C020FA61BB61B969FA6905
:104E400041E800237B617B69002BE3D17B68022270
:104E50005A63B7F8CE301946786800F04DF823E071
:104E6000D7F8E43003F08003002B09D0D7F8E03006
:104E700003F08003002B03D0786800F0D6FA14E02A
:104E8000D7F8E43003F04003002B0ED0D7F8E03021
:104E900003F04003002B08D0786800F015FB04E015
:104EA00000BF02E000BF00E000BFE837BD4680BDA4
:104EB00080B483B000AF786000BF0C37BD4680BCC3
:104EC000704780B483B000AF786000BF0C37BD4638
:104ED00080BC704780B483B000AF786000BF0C37EF
:104EE000BD4680BC704780B483B000AF786000BF1F
:104EF0000C37BD4680BC704780B483B000AF78608B
:104F00000B467B8000BF0C37BD4680BC704780B528
:104F10009CB000AF78607B685B6AFB667B681B684F
:104F20001B6803F02003002B72D1FB6E0022DA8590
:104F3000FB6E1B680C33FB64FB6C53E8003FBB64E7
:104F4000BB6C23F48073BB66FB6E1B680C33BA6EBC
:104F5000BA657B65796DBA6D41E800233B653B6DB1
:104F6000002BE5D1FB6E1B681433BB63BB6B53E8AE
:104F7000003F7B637B6B23F001037B66FB6E1B684A
:104F800014337A6E7A643B64396C7A6C41E800239E
:104F9000FB63FB6B002BE5D1FB6E1B6814337B625C
:104FA0007B6A53E8003F3B623B6A23F040033B6669
:104FB000FB6E1B6814333A6E3A63FB62F96A3A6B14
:104FC00041E80023BB62BB6A002BE5D1FB6E2022C7
:104FD00083F84220FB6E1B6B012B19D1FB6E1B6803
:104FE0000C333B613B6953E8003FFB60FB6823F0F7
:104FF0001003FB65FB6E1B680C33FA6DFA61BB6135
:10500000B969FA6941E800237B617B69002BE5D12E
:10501000FB6E00225A63FB6E1B6B012B06D1FB6EED
:105020009B8D1946F86EFFF767FF02E0F86EFFF7F9
:1050300048FF00BF7037BD4680BD80B584B000AF6B
:1050400078607B685B6AFB60FB6801225A63FB68DF
:105050001B6B012B08D1FB689B8D5B089BB219462B
:10506000F868FFF749FF02E0F868FFF733FF00BF79
:105070001037BD4680BD80B584B000AF7860002396
:10508000FB607B685B6ABB60BB681B685B6903F0A5
:105090008003002B14BF01230023DBB2FB60BB683D
:1050A00093F84130DBB2212B08D1FB68002B05D0EF
:1050B000BB680022DA84B86800F01AF9BB681B6884
:1050C0005B6903F04003002B14BF01230023DBB214
:1050D000FB60BB6893F84230DBB2222B08D1FB683F
:1050E000002B05D0BB680022DA85B86800F027F9EC
:1050F000BB685B6C43F01002BB685A64B868FFF78A
:10510000F2FE00BF1037BD4680BD80B586B000AF4F
:10511000F860B9603B601346FB713BE03B6AB3F15A
:10512000FF3F37D0FCF75CFF02463B68D31A3A6A70
:105130009A4202D33B6A002B01D103233AE0FB6879
:105140001B68DB6803F00403002B23D0BB68802BB3
:1051500020D0BB68402B1DD0FB681B681B6803F088
:105160000803082B16D100237B61FB681B681B68B2
:105170007B61FB681B685B687B617B69F86800F09A
:10518000DEF8FB6808225A64FB68002283F840209E
:1051900001230FE0FB681B681A68BB681340BA68FC
:1051A0009A420CBF01230023DBB21A46FB799A42D4
:1051B000B4D0002318461837BD4680BD80B598B0DE
:1051C00000AFF860B9601346FB80BA68FB689A626A
:1051D000FB68FA889A85FB6800225A64FB682222E1
:1051E00083F84220FB68DB6B3E4A9A62FB68DB6B0C
:1051F0003D4ADA62FB68DB6B3C4A1A63FB68DB6B97
:1052000000225A6307F10803FB65FB68D86BFB6853
:105210001B6804331946FB6D1A68FB88FDF75EFEB8
:1052200000233B61FB681B681B683B61FB681B68D4
:105230005B683B613B69FB681B69002B19D0FB680D
:105240001B680C333B643B6C53E8003FFB63FB6B18
:1052500043F48073BB65FB681B680C33BA6DFA645A
:10526000BB64B96CFA6C41E800237B647B6C002B57
:10527000E5D1FB681B681433FB62FB6A53E8003F0F
:10528000BB62BB6A43F001037B65FB681B68143398
:105290007A6DBA637B63796BBA6B41E800233B6339
:1052A0003B6B002BE5D1FB681B681433BB61BB690A
:1052B00053E8003F7B617B6943F040033B65FB683B
:1052C0001B6814333A6D7A623B62396A7A6A41E844
:1052D0000023FB61FB69002BE5D1002318466037F2
:1052E000BD4680BD0F4F00083B50000877500008B6
:1052F00080B489B000AF78607B681B680C33FB60BA
:10530000FB6853E8003FBB60BB6823F0C003FB6150
:105310007B681B680C33FA69BA617B617969BA6989
:1053200041E800233B613B69002BE5D17B682022EB
:1053300083F8412000BF2437BD4680BC704780B44D
:1053400095B000AF78607B681B680C337B637B6B28
:1053500053E8003F3B633B6B23F49073FB647B6833
:105360001B680C33FA6C3A64FB63F96B3A6C41E8E6
:105370000023BB63BB6B002BE5D17B681B68143338
:105380003B623B6A53E8003FFB61FB6923F001038A
:10539000BB647B681B681433BA6CFA62BB62B96A7F
:1053A000FA6A41E800237B627B6A002BE5D17B68C7
:1053B0001B6B012B19D17B681B680C33FB60FB68EE
:1053C00053E8003FBB60BB6823F010037B647B683D
:1053D0001B680C337A6CBA617B617969BA6941E800
:1053E00000233B613B69002BE5D17B68202283F8D9
:1053F00042207B6800221A6300BF5437BD4680BC40
:10540000704780B584B000AF78607B685B6AFB60F2
:10541000FB680022DA85FB680022DA84F868FFF76F
:1054200062FD00BF1037BD4680BD80B485B000AFBF
:1054300078607B6893F84130DBB2212B3ED17B68EA
:105440009B68B3F5805F14D17B681B69002B10D17A
:105450007B681B6AFB60FB681B881A467B681B68BD
:10546000C2F308025A607B681B6A9A1C7B681A6246
:1054700008E07B681B6A591C7A6811621A787B689D
:105480001B685A607B68DB8C9BB2013B9BB27A68DD
:105490001946D184002B0FD17B681B68DA687B68C2
:1054A0001B6822F08002DA607B681B68DA687B6820
:1054B0001B6842F04002DA60002300E00223184635
:1054C0001437BD4680BC704780B582B000AF7860AD
:1054D0007B681B68DA687B681B6822F04002DA6030
:1054E0007B68202283F841207868FFF7E1FC0023E5
:1054F00018460837BD4680BD80B58CB000AF7860D7
:105500007B6893F84230DBB2222B40F0AE807B68A0
:105510009B68B3F5805F17D17B681B69002B13D1A3
:105520000023FB627B689B6ABB627B681B685B68CD
:105530009BB2C3F308039AB2BB6A1A807B689B6A6A
:105540009A1C7B689A6226E07B689B6AFB62002358
:10555000BB627B689B68B3F5805F07D07B689B6804
:10556000002B0AD17B681B69002B06D17B681B6866
:105570005B68DAB2FB6A1A7008E07B681B685B68DC
:10558000DBB203F07F03DAB2FB6A1A707B689B6AB6
:105590005A1C7B689A627B68DB8D9BB2013B9BB295
:1055A0007A681946D185002B5DD17B681B68DA6863
:1055B0007B681B6822F02002DA607B681B68DA686F
:1055C0007B681B6822F48072DA607B681B685A690A
:1055D0007B681B6822F001025A617B68202283F8F5
:1055E00042207B6800225A637B681B6B012B35D1FC
:1055F0007B6800221A637B681B680C337B617B69C4
:1056000053E8003F3B613B6923F010037B627B68FA
:105610001B680C337A6A3A62FB61F9693A6A41E8BD
:105620000023BB61BB69002BE5D17B681B681B684D
:1056300003F01003102B0AD10023FB607B681B686A
:105640001B68FB607B681B685B68FB60FB687B68B2
:105650009B8D19467868FFF74FFC02E07868FFF7EA
:1056600030FC002302E0002300E00223184630371C
:10567000BD4680BD80B584B000AF78607B681B6894
:105680001B6923F440517B68DA687B681B680A4316
:105690001A617B689A687B681B691A437B685B693F
:1056A0001343BB607B681B68DB6823F4B05323F0B3
:1056B0000C037A681268B9680B43D3607B681B6877
:1056C0005B6923F440717B689A697B681B680A43B5
:1056D0005A617B681B682C4A934203D1FDF78CF812
:1056E000F86002E0FDF774F8F860FA6813469B0072
:1056F00013449A001A447B685B689B00B2FBF3F387
:10570000224AA2FB03235B091901FA6813469B0096
:1057100013449A001A447B685B689B00B2FBF3F267
:105720001A4BA3FB02035B09642000FB03F3D31AAB
:105730001B013233154AA2FB03235B0903F0F0037C
:105740001944FA6813469B0013449A001A447B6874
:105750005B689B00B2FBF3F20C4BA3FB02035B09FB
:10576000642000FB03F3D31A1B013233074AA2FB68
:1057700003235B0903F00F027B681B680A449A60ED
:1057800000BF1037BD4680BD003801401F85EB517A
:1057900080B582B000AF0346FB71104B1B781846F2
:1057A000FA790F4903465B0003445B00134451F848
:1057B0002330A3F500031846FBF7A2F903464FF088
:1057C00050511846FBF7F0F9034606491846FBF717
:1057D000EBF9034618460837BD4680BDAD010020F1
:1057E000B001002000401C45B0B584B000AF786027
:1057F0000023FB600C4B5B78DBB2002B18D100233D
:10580000FB600BE0FB689B007A6813441A68074949
:10581000FB6841F82320FB680133FB60FB68052B24
:10582000F0DD00F04FBE00BF08010020A8000020FE
:10583000BB4B5B78DBB2012B40F00A84B94B1A6892
:105840007B681B6819461046FBF7AEF903461846FD
:10585000FAF7E2FDB0A3D3E90023FAF75FFF0246AF
:105860000B4614461D46AF4B5A687B6804331B68D1
:1058700019461046FBF798F903461846FAF7CCFD8F
:10588000A5A3D3E90023FAF749FF02460B462046B9
:105890002946FAF763FC02460B4614461D46A14B07
:1058A0009A687B6808331B6819461046FBF77CF939
:1058B00003461846FAF7B0FD97A3D3E90023FAF799
:1058C0002DFF02460B4620462946FAF747FC0246C2
:1058D0000B4614461D46934BDA687B680C331B68F5
:1058E00019461046FBF760F903461846FAF794FD8F
:1058F00089A3D3E90023FAF711FF02460B4620469D
:105900002946FAF72BFC02460B4614461D46854BEA
:105910001A697B6810331B6819461046FBF744F977
:1059200003461846FAF778FD7BA3D3E90023FAF77C
:10593000F5FE02460B4620462946FAF70FFC0246C2
:105940000B4614461D46774B5A697B6814331B6817
:1059500019461046FBF728F903461846FAF75CFD8E
:105960006DA3D3E90023FAF7D9FE02460B46204681
:105970002946FAF7F3FB02460B4610461946FAF79A
:10598000B5FF0346684A1360664B9A697B681B68DB
:1059900019461046FBF708F903461846FAF73CFD8E
:1059A0005DA3D3E90023FAF7B9FE02460B4614467D
:1059B0001D465C4BDA697B6804331B681946104648
:1059C000FBF7F2F803461846FAF726FD52A3D3E98F
:1059D0000023FAF7A3FE02460B4620462946FAF7B3
:1059E000BDFB02460B4614461D464E4B1A6A7B68A9
:1059F00008331B6819461046FBF7D6F803461846CD
:105A0000FAF70AFD44A3D3E90023FAF787FE02461A
:105A10000B4620462946FAF7A1FB02460B461446E0
:105A20001D46404B5A6A7B680C331B68194610466A
:105A3000FBF7BAF803461846FAF7EEFC36A3D3E9AB
:105A40000023FAF76BFE02460B4620462946FAF77A
:105A500085FB02460B4614461D46324B9A6A7B680C
:105A600010331B6819461046FBF79EF8034618468C
:105A7000FAF7D2FC28A3D3E90023FAF74FFE024637
:105A80000B4620462946FAF769FB02460B461446A8
:105A90001D46244BDA6A7B6814331B68194610468E
:105AA000FBF782F803461846FAF7B6FC1AA3D3E9C7
:105AB0000023FAF733FE02460B4620462946FAF742
:105AC0004DFB02460B4610461946FAF70FFF0346F8
:105AD000154A5360134B1A6B7B681B6819461046B6
:105AE000FBF762F803461846FAF796FC0AA3D3E9D7
:105AF0000023FAF713FE02460B4614461D46094BD7
:105B00005A6B7B6804331B6819461046FBF74CF848
:105B100003460BE0AFF300809A9999999999234035
:105B2000080100201C010020A80000201846FAF7F8
:105B300073FCBFA3D3E90023FAF7F0FD02460B463E
:105B400020462946FAF70AFB02460B4614461D4634
:105B5000B94B9A6B7B6808331B6819461046FBF7F4
:105B600023F803461846FAF757FCB1A3D3E90023FC
:105B7000FAF7D4FD02460B4620462946FAF7EEFA1C
:105B800002460B4614461D46AB4BDA6B7B680C3362
:105B90001B6819461046FBF707F803461846FAF744
:105BA0003BFCA3A3D3E90023FAF7B8FD02460B465A
:105BB00020462946FAF7D2FA02460B4614461D46FD
:105BC0009D4B1A6C7B6810331B6819461046FAF718
:105BD000EBFF03461846FAF71FFC95A3D3E9002311
:105BE000FAF79CFD02460B4620462946FAF7B6FA1C
:105BF00002460B4614461D468F4B5A6C7B68143385
:105C00001B6819461046FAF7CFFF03461846FAF705
:105C100003FC87A3D3E90023FAF780FD02460B4675
:105C200020462946FAF79AFA02460B4610461946CC
:105C3000FAF75CFE0346814A93607F4B9A6C7B685F
:105C40001B6819461046FAF7AFFF03461846FAF7E5
:105C5000E3FB77A3D3E90023FAF760FD02460B4686
:105C600014461D46744BDA6C7B6804331B68194676
:105C70001046FAF799FF03461846FAF7CDFB6CA3D6
:105C8000D3E90023FAF74AFD02460B46204629468F
:105C9000FAF764FA02460B4614461D46664B1A6D27
:105CA0007B6808331B6819461046FAF77DFF0346E8
:105CB0001846FAF7B1FB5EA3D3E90023FAF72EFDED
:105CC00002460B4620462946FAF748FA02460B469A
:105CD00014461D46584B5A6D7B680C331B68194699
:105CE0001046FAF761FF03461846FAF795FB50A3F2
:105CF000D3E90023FAF712FD02460B462046294657
:105D0000FAF72CFA02460B4614461D464A4B9A6D8A
:105D10007B6810331B6819461046FAF745FF0346A7
:105D20001846FAF779FB42A3D3E90023FAF7F6FC09
:105D300002460B4620462946FAF710FA02460B4661
:105D400014461D463C4BDA6D7B6814331B681946BC
:105D50001046FAF729FF03461846FAF75DFB34A30D
:105D6000D3E90023FAF7DAFC02460B46204629461F
:105D7000FAF7F4F902460B4610461946FAF7B6FD53
:105D800003462E4AD3602C4B1A6E7B681B6819465B
:105D90001046FAF709FF03461846FAF73DFB24A31D
:105DA000D3E90023FAF7BAFC02460B4614461D4617
:105DB000214B5A6E7B6804331B6819461046FAF76C
:105DC000F3FE03461846FAF727FB19A3D3E900238D
:105DD000FAF7A4FC02460B4620462946FAF7BEF91C
:105DE00002460B4614461D46134B9A6E7B680833D9
:105DF0001B6819461046FAF7D7FE03461846FAF70D
:105E00000BFB0BA3D3E90023FAF788FC02460B46F1
:105E100020462946FAF7A2F902460B4614461D46CB
:105E2000054BDA6E7B680C330AE000BFAFF30080ED
:105E30009A999999999923401C010020A800002063
:105E40001B6819461046FAF7AFFE03461846FAF7E4
:105E5000E3FA7BA3D3E90023FAF760FC02460B4682
:105E600020462946FAF77AF902460B4614461D46A3
:105E7000754B1A6F7B6810331B6819461046FAF78A
:105E800093FE03461846FAF7C7FA6DA3D3E9002339
:105E9000FAF744FC02460B4620462946FAF75EF91B
:105EA00002460B4614461D46674B5A6F7B681433F7
:105EB0001B6819461046FAF777FE03461846FAF7AC
:105EC000ABFA5FA3D3E90023FAF728FC02460B469E
:105ED00020462946FAF742F902460B461046194673
:105EE000FAF704FD0346594A1361574B9A6F7B68D2
:105EF0001B6819461046FAF757FE03461846FAF78C
:105F00008BFA4FA3D3E90023FAF708FC02460B46AD
:105F100014461D464C4BDA6F7B6804331B681946E8
:105F20001046FAF741FE03461846FAF775FA44A3FD
:105F3000D3E90023FAF7F2FB02460B462046294636
:105F4000FAF70CF902460B4614461D463E4BD3F8B1
:105F500080207B6808331B6819461046FAF724FE38
:105F600003461846FAF758FA35A3D3E90023FAF79F
:105F7000D5FB02460B4620462946FAF7EFF80246C3
:105F80000B4614461D46304BD3F884207B680C33F7
:105F90001B6819461046FAF707FE03461846FAF73B
:105FA0003BFA27A3D3E90023FAF7B8FB02460B46D6
:105FB00020462946FAF7D2F802460B4614461D46FB
:105FC000214BD3F888207B6810331B681946104694
:105FD000FAF7EAFD03461846FAF71EFA18A3D3E9C2
:105FE0000023FAF79BFB02460B4620462946FAF7A8
:105FF000B5F802460B4614461D46134BD3F88C20C9
:106000007B6814331B6819461046FAF7CDFD03462A
:106010001846FAF701FA0AA3D3E90023FAF77EFB40
:1060200002460B4620462946FAF798F802460B46E8
:1060300010461946FAF75AFC0346044A536141E2F6
:106040009A999999999923401C010020A800002051
:10605000944B5B78DBB2022B40F03482924B1A688F
:106060007B681B6819461046FAF79EFD03461C46DE
:106070008D4B5A687B6804331B6819461046FAF743
:1060800093FD034619462046FAF786FC03461C4654
:10609000854B9A687B6808331B6819461046FAF7E7
:1060A00083FD034619462046FAF776FC03461C4654
:1060B0007D4BDA687B680C331B6819461046FAF78B
:1060C00073FD034619462046FAF766FC03461C4654
:1060D000754B1A697B6810331B6819461046FAF72E
:1060E00063FD034619462046FAF756FC03461C4654
:1060F0006D4B5A697B6814331B6819461046FAF7D2
:1061000053FD034619462046FAF746FC03461A4655
:10611000664B1A60644B9A697B681B681946104687
:10612000FAF742FD03461C465F4BDA697B6804338D
:106130001B6819461046FAF737FD034619462046F4
:10614000FAF72AFC03461C46574B1A6A7B68083349
:106150001B6819461046FAF727FD034619462046E4
:10616000FAF71AFC03461C464F4B5A6A7B680C33FD
:106170001B6819461046FAF717FD034619462046D4
:10618000FAF70AFC03461C46474B9A6A7B681033B1
:106190001B6819461046FAF707FD034619462046C4
:1061A000FAF7FAFB03461C463F4BDA6A7B68143366
:1061B0001B6819461046FAF7F7FC034619462046B5
:1061C000FAF7EAFB03461A46384B5A60364B1A6B0D
:1061D0007B681B6819461046FAF7E6FC03461C4626
:1061E000314B5A6B7B6804331B6819461046FAF72B
:1061F000DBFC034619462046FAF7CEFB03461C4655
:10620000294B9A6B7B6808331B6819461046FAF7CE
:10621000CBFC034619462046FAF7BEFB03461C4654
:10622000214BDA6B7B680C331B6819461046FAF772
:10623000BBFC034619462046FAF7AEFB03461C4654
:10624000194B1A6C7B6810331B6819461046FAF715
:10625000ABFC034619462046FAF79EFB03461C4654
:10626000114B5A6C7B6814331B6819461046FAF7B9
:106270009BFC034619462046FAF78EFB03461A4656
:106280000A4B9A60084B9A6C7B681B68194610464B
:10629000FAF78AFC03461C46034BDA6C7B6804332E
:1062A00006E000BF080100201C010020A80000201B
:1062B0001B6819461046FAF777FC03461946204634
:1062C000FAF76AFB03461C468D4B1A6D7B68083350
:1062D0001B6819461046FAF767FC03461946204624
:1062E000FAF75AFB03461C46854B5A6D7B680C3304
:1062F0001B6819461046FAF757FC03461946204614
:10630000FAF74AFB03461C467D4B9A6D7B681033B7
:106310001B6819461046FAF747FC03461946204603
:10632000FAF73AFB03461C46754BDA6D7B6814336B
:106330001B6819461046FAF737FC034619462046F3
:10634000FAF72AFB03461A466E4BDA606C4B1A6E5C
:106350007B681B6819461046FAF726FC03461C4664
:10636000674B5A6E7B6804331B6819461046FAF770
:106370001BFC034619462046FAF70EFB03461C4653
:106380005F4B9A6E7B6808331B6819461046FAF714
:106390000BFC034619462046FAF7FEFA03461C4654
:1063A000574BDA6E7B680C331B6819461046FAF7B8
:1063B000FBFB034619462046FAF7EEFA03461C4655
:1063C0004F4B1A6F7B6810331B6819461046FAF75B
:1063D000EBFB034619462046FAF7DEFA03461C4655
:1063E000474B5A6F7B6814331B6819461046FAF7FF
:1063F000DBFB034619462046FAF7CEFA03461A4657
:10640000404B1A613E4B9A6F7B681B6819461046D9
:10641000FAF7CAFB03461C46394BDA6F7B68043334
:106420001B6819461046FAF7BFFB0346194620467B
:10643000FAF7B2FA03461C46314BD3F880207B684A
:1064400008331B6819461046FAF7AEFB0346194697
:106450002046FAF7A1FA03461C46294BD3F88420BC
:106460007B680C331B6819461046FAF79DFB034600
:1064700019462046FAF790FA03461C46204BD3F8FB
:1064800088207B6810331B6819461046FAF78CFB8E
:10649000034619462046FAF77FFA03461C46184B76
:1064A000D3F88C207B6814331B6819461046FAF722
:1064B0007BFB034619462046FAF76EFA03461A4656
:1064C000104B5A610023FB6011E0FB68DAB20D4902
:1064D000FB6851F823301946104602F09DFE024633
:1064E0000849FB6841F82320FB680133FB60FB6827
:1064F000052BEADD00BF00BF1037BD46B0BD00BFB1
:106500001C010020A800002080B582B000AF786098
:106510007868FAF799FC03469AB2642379680348CD
:10652000FEF704F900BF0837BD4680BDAC08002067
:1065300080B582B000AF134B1B681B6803F01003DB
:10654000102B17D100233B600E4B1B681B683B6070
:106550000C4B1B685B683B603B680A4BDB6B002B9A
:1065600008D0084BDB6B1B685B68FB80FB88184618
:1065700001F074F80348FEF709FA00BF0837BD467A
:1065800080BD00BFAC08002090B58BB000AF786034
:106590007B681B68B3F1804F46D1254B1B680133E4
:1065A000234A1360224B1968224BA3FB01235A088C
:1065B00013465B001344CA1A002A35D107F10C03B5
:1065C000184602F063FC0346002B20D1002387F815
:1065D000273018E097F82730174A1278144697F8B2
:1065E00027109B0028333B4453F81C2C13482346A8
:1065F0005B0023445B000B4440F8232097F82730CE
:10660000013387F8273097F82730052BE2D90A4B5A
:106610001B780133DAB2084B1A70074B1B783F2BFB
:1066200002D9054B00221A7000BF2C37BD4690BD21
:10663000A4000020ABAAAAAAAC010020B00100204F
:1066400080B582B000AF0E4B9B78DBB2002B01D13E
:10665000022300E001237B600A4B1A680A4B1B6887
:10666000D31A7A689A4206D8064B1B68064A13600A
:10667000022001F059FB00BF0837BD4680BD00BFB6
:1066800008010020A4000020B007002090B58DB0C4
:1066900000AFFBF74DFC00F049F900F093F900F072
:1066A00001FA00F0BDFB00F009FB00F019FA00F060
:1066B00085FA0023FB610023BB6207F11C0304225F
:1066C0001946782000F03CFF3B7F1A467B7F1B0277
:1066D0001A43BB7F1B041A43FB7F1B061343BB6299
:1066E000BB6AB3F5E12F0FD0BB6AB3F57A3F0BD08D
:1066F000BB6AB3F5E13F07D0BB6AB3F5964F03D051
:10670000BB6AB3F5165F03D1764ABB6A136003E038
:10671000744B4FF4E1221A6000F056FB01F012FEB8
:106720007148FFF7F1FE02F033FD7048FFF7ECFE11
:10673000032002F0CBFB6E48FFF7E6FE6D48FFF743
:10674000E3FE6D496D4800F03BFF02F0C7FC786244
:106750007B6A002B01D16A4B00E06A4B1846FFF7B9
:10676000D3FE01F00FFDFF23FB7607F11B0301228F
:1067700019467C2000F0E4FEFB7E012B02D0FB7E5C
:10678000022B01D1FB7E00E002235F4A53705F4879
:10679000FDF7A8FB3B4600221A605A609A60DA6057
:1067A0001A615A615A4B1A785A4B1B789A4249D04F
:1067B000584B1A78564B1A70002387F82F3030E068
:1067C00097F82F4097F82F301846FEF7E1FF024662
:1067D000A30030333B4443F8302C4B4B1B79DBB2E6
:1067E000002B19D197F82F304B4A123352F823203F
:1067F00097F82F309B0030333B4453F8303C97F8E8
:106800002F4011461846FAF7C5F803461A46A3006A
:1068100030333B4443F8302C97F82F30013387F85E
:106820002F3097F82F30052BCAD9374B1B79DBB2A5
:10683000012B03D13B46184601F0C4FD3B461846E8
:10684000FEF7D2FF01F028FE0346002B06D02E4BA8
:1068500000221A7101F014FE01F068FD2A4B1B782A
:10686000DBB2012B02D1FFF7EBFE03E02B4B1B68E1
:106870002B4A1360244B1B78DBB2012B0BD1224B2C
:10688000DB78DBB2002B04D01F4BDB78DBB2012BB3
:1068900001D1012300E0002387F8233097F823304B
:1068A000002B11D01D4B1A681E4B1B68D31AB3F571
:1068B000FA7F13D3194B1B681A4A13604FF48051A7
:1068C0001948FCF723FA09E000224FF480511648DA
:1068D000FCF704FA114B1B68124A136000F0E2FE49
:1068E00058E700BF2400002084A20008A8A20008E6
:1068F000C0A20008D0A20008097E0008AC08002051
:10690000ECA2000804A3000808010020640800208D
:10691000AD010020AC010020A8000020A400002050
:10692000B0070020B40700200008014080B590B0F7
:1069300000AF07F1180328220021184602F022FEBA
:106940003B1D00221A605A609A60DA601A610123C6
:10695000BB614FF48033FB6100233B620123BB62C8
:1069600002237B634FF48033BB634FF4E013FB637C
:1069700007F118031846FBF761FB0346002B01D013
:1069800000F019F80F237B600223BB600023FB603B
:106990004FF480633B6100237B613B1D022118465D
:1069A000FBF7CEFD0346002B01D000F004F800BF3A
:1069B0004037BD4680BD80B400AF72B600BF00BF97
:1069C000FDE7000080B588B000AF07F1100300229A
:1069D0001A605A609A60DA602F4B9B692E4A43F026
:1069E000200393612C4B9B6903F02003FB60FB6841
:1069F000294B9B69284A43F004039361264B9B690A
:106A000003F00403BB60BB68234B9B69224A43F03D
:106A100008039361204B9B6903F008037B607B684C
:106A2000002241F210111D48FCF758F90022012103
:106A30001B48FCF753F94FF488733B6101237B61DA
:106A40000023BB610323FB6107F1100319461348C0
:106A5000FBF704FF01233B6101237B610023BB6142
:106A60000323FB6107F1100319460D48FBF7F6FEFF
:106A70004FF480533B6101237B610023BB61022300
:106A8000FB6107F1100319460448FBF7E7FE00BF5E
:106A90002037BD4680BD00BF001002400008014005
:106AA000000C014080B582B000AF0C4B5B690B4A13
:106AB00043F001035361094B5B6903F001037B6001
:106AC0007B68002200210F20FCF74BFD0F20FCF714
:106AD00064FD00BF0837BD4680BD00BF0010024006
:106AE00080B500AF124B134A1A60114B124A5A601C
:106AF0000F4B00229A600E4B0022DA600C4B4FF4D1
:106B000080421A610A4B00225A61094B00229A61A5
:106B1000074B0022DA61064B00221A620448FAF79A
:106B2000A1F90346002B01D0FFF745FF00BF80BD50
:106B3000B807002000580040A086010080B588B04A
:106B400000AF786007F1100300221A605A609A6063
:106B5000DA607B681B68164A934224D1154B9B6907
:106B6000144A43F008039361124B9B6903F0080336
:106B7000FB60FB684FF440633B6112237B6103239E
:106B8000FB6107F1100319460B48FBF767FE094B41
:106B9000DB69084A43F48003D361064BDB6903F4E5
:106BA0008003BB60BB6800BF2037BD4680BD00BF0F
:106BB0000058004000100240000C014080B500AFBA
:106BC000174B184A1A60164B4FF482725A60144BD6
:106BD00000229A60124B0022DA60114B00221A61E7
:106BE0000F4B00225A610E4B4FF400729A610C4B0E
:106BF0002822DA610A4B00221A62094B00225A62EB
:106C0000074B00229A62064B0A22DA620448FCF71C
:106C1000ECFC0346002B01D0FFF7CDFE00BF80BD8A
:106C20000C0800200030014080B588B000AF7860CB
:106C300007F1100300221A605A609A60DA607B68DC
:106C40001B681B4A93422FD11A4B9B69194A43F484
:106C500080539361174B9B6903F48053FB60FB687F
:106C6000144B9B69134A43F004039361114B9B69D6
:106C700003F00403BB60BB68A0233B6102237B617C
:106C80000323FB6107F1100319460B48FBF7E6FDF0
:106C900040233B6100237B610023BB6107F11003AC
:106CA00019460548FBF7DAFD00BF2037BD4680BD19
:106CB00000300140001002400008014080B586B05D
:106CC00000AF07F1080300221A605A609A60DA6088
:106CD0003B4600221A605A601D4B4FF080421A60FA
:106CE0001B4B47225A601A4B00229A60184B40F205
:106CF000E732DA60164B00221A61154B00229A61C6
:106D00001348FDF7A0F80346002B01D0FFF753FE10
:106D10004FF48053BB6007F1080319460C48FDF798
:106D200023FA0346002B01D0FFF745FE00233B600A
:106D300000237B603B4619460548FDF705FC0346EA
:106D4000002B01D0FFF737FE00BF1837BD4680BDCE
:106D50006408002080B584B000AF78607B681B6851
:106D6000B3F1804F13D10C4BDB690B4A43F00103A5
:106D7000D361094BDB6903F00103FB60FB68002270
:106D800000211C20FCF7EDFB1C20FCF706FC00BFDB
:106D90001037BD4680BD00BF0010024080B584B0F2
:106DA00000AFF860B9607A607B689AB24FF4FA730A
:106DB000B9680448FDF7BAFC7B6818461037BD4631
:106DC00080BD00BFAC08002080B500AF114B124A57
:106DD0001A60124B1B680F4A53600E4B00229A60D8
:106DE0000C4B0022DA600B4B00221A61094B0C227B
:106DF0005A61084B00229A61064B0022DA6105486D
:106E0000FDF712FC0346002B01D0FFF7D4FD00BFB5
:106E100080BD00BFAC0800200038014024000020E5
:106E200080B500AF114B124A1A60104B4FF4E1329B
:106E30005A600E4B00229A600C4B0022DA600B4B1A
:106E400000221A61094B0C225A61084B00229A61F8
:106E5000064B0022DA610548FDF7E6FB0346002BEE
:106E600001D0FFF7A8FD00BF80BD00BFAC08002027
:106E70000038014080B588B000AF786007F110039A
:106E800000221A605A609A60DA607B681B68334A95
:106E900093425FD1324B9B69314A43F48043936103
:106EA0002F4B9B6903F48043FB60FB682C4B9B6971
:106EB0002B4A43F004039361294B9B6903F00403BD
:106EC000BB60BB684FF400733B6102237B6103230B
:106ED000FB6107F1100319462248FBF7BFFC4FF492
:106EE00080633B6100237B610023BB6107F11003DA
:106EF00019461C48FBF7B2FC1B4B1C4A1A601A4B84
:106F000000225A60184B00229A60174B8022DA60E8
:106F1000154B00221A61144B00225A61124B202299
:106F20009A61114B0022DA610F48FBF721FF0346FB
:106F3000002B01D0FFF73FFD7B680B4ADA630A4A5A
:106F40007B685362002200212520FCF70AFB2520E4
:106F5000FCF723FB00BF2037BD4680BD0038014051
:106F60000010024000080140F408002058000240D0
:106F700080B582B000AF78607B681B680C4A934292
:106F800012D10C4B9B690B4A23F4804393614FF45D
:106F9000C0610948FBF7E6FD7B68DB6B1846FBF731
:106FA00041FF2520FCF707FB00BF0837BD4680BD29
:106FB00000380140001002400008014080B500AFD9
:106FC0004020FBF7BDFE00BF80BD80B483B000AFA2
:106FD0000346FB8000BF0C37BD4680BC704780B4C1
:106FE00000AF00BFFDE780B400AF00BFFDE780B495
:106FF00000AF00BFFDE780B400AF00BFFDE780B485
:1070000000AF00BFFDE780B400AF00BFBD4680BC4D
:10701000704780B400AF00BFBD4680BC704780B4ED
:1070200000AF00BFBD4680BC704780B500AFFAF727
:10703000C5FF00BF80BD000080B500AF0248FCF76F
:1070400061F800BF80BD00BFF408002080B500AF2C
:107050000248FCF799FF00BF80BD00BF6408002014
:1070600080B485B000AF154B9B69144A43F001030F
:107070009361124B9B6903F00103BB60BB680F4B2C
:10708000DB690E4A43F08053D3610C4BDB6903F09C
:1070900080537B607B680A4B5B68FB60FB6823F076
:1070A000E063FB60FB6843F00073FB60044AFB682D
:1070B000536000BF1437BD4680BC704700100240CB
:1070C0000000014080B586B000AF7860144A154BCF
:1070D000D31A7B617B693B61134B1B68002B02D188
:1070E000114B124A1A60104B1A687B6813443A69B4
:1070F0009A4207D202F094FA03460C221A604FF02B
:10710000FF3309E0084B1B68FB60074B1A687B687C
:107110001344054A1360FB6818461837BD4680BD06
:107120000050002000040000380900204018002012
:1071300080B400AF01231846BD4680BC704780B5BF
:1071400082B000AF7860396002F06AFA0346162216
:107150001A604FF0FF3318460837BD4680BD80B532
:1071600082B000AF78604FF0FF317868FFF7E7FF3B
:1071700000BFFDE780B586B000AFF860B9607A6007
:1071800000237B610AE0AFF300800146BB685A1C14
:10719000BA60CAB21A707B6901337B617A697B6815
:1071A0009A42F0DB7B6818461837BD4680BD80B434
:1071B00083B000AF78604FF0FF3318460C37BD4600
:1071C00080BC704780B483B000AF786039603B68A2
:1071D0004FF400525A60002318460C37BD4680BC5D
:1071E000704780B483B000AF7860012318460C3735
:1071F000BD4680BC704780B485B000AFF860B96010
:107200007A60002318461437BD4680BC70470000E2
:10721000F9F722FE0B480C490C4A002302E0D4582F
:10722000C4500433C4188C42F9D3094A094C0023D2
:1072300001E013600432A242FBD302F0F7F9FFF73A
:1072400025FA7047000000208400002080A4000878
:10725000840000203C180020FEE780B483B000AF1B
:1072600078607B689B889BB2013B9BB218460C37C9
:10727000BD4680BC704780B485B000AFF860B9608F
:107280001346FB80FB68BA681A60FB68FA889A802C
:10729000FB680022DA80FB6800221A8100BF1437E5
:1072A000BD4680BC704780B483B000AF78607B6817
:1072B000DB889AB27B681B899BB2D31A9BB21846B3
:1072C0000C37BD4680BC7047B0B584B000AF786065
:1072D0007B681C687B681B899DB27868FFF7BDFFDF
:1072E00003462B409BB223441B78FB737B681B89AE
:1072F0009BB201339AB27B681A81FB7B1846103728
:10730000BD46B0BDB0B582B000AF78600B467B80A3
:107310007B681C687B681B899AB27B8813449DB28A
:107320007868FFF79AFF03462B409BB223441B78F3
:10733000DBB218460837BD46B0BD80B586B000AF99
:10734000F860B9601346FB80F868FFF786FF0346D4
:10735000FB821BE0FB68DB889BB20133BB82FB68CE
:107360001B899BB2BA8A9A4216D0BB685A1CBA6073
:10737000FA681268F968C98888B2F98A014089B246
:107380000A441B781370FB68BA8ADA80FB885A1E9D
:10739000FA80002BDED100E000BF1837BD4680BD6B
:1073A00080B586B000AFF860B9601346FB80F8681E
:1073B000FFF753FF0346BB82F868FFF774FF0346ED
:1073C0007B82FA887B8A9A4201D97B8AFB800023E0
:1073D000FB8218E0FB681B68FA68128991B2BA8ACE
:1073E0000A4092B21A44FB8AB9680B441278D2B2AE
:1073F0001A70FB681B899BB201339AB2FB681A8131
:10740000FB8A0133FB82FA8AFB889A42E2D3FB882B
:1074100018461837BD4680BD80B584B000AF78608F
:107420000B467B807868FFF73EFF0346FB817A8836
:10743000FB899A4201D9FB897B807B681B899AB2C0
:107440007B8813449AB27B681A8100BF1037BD460F
:1074500080BD80B485B000AF03460A46FB8013466A
:107460007B71A023FB81FB88DB099BB25B009BB295
:1074700003F00203BB81FA89BB8913439BB21AB2A2
:107480007B79002B0CBF01230023DBB21BB213431B
:107490001BB29BB218461437BD4680BC7047000033
:1074A00080B58AB004AF03463960FB801346BB80C9
:1074B0000023FB8238E0FB8803F00F039BB2C3F18B
:1074C0001003BB82BA8AB988FB8ACB1A9342A8BF41
:1074D00013467B82FB8801211846FFF7BAFF03465B
:1074E0003B82FB88DBB298B2FB8A3A681344398A44
:1074F000642202927A8A01920093012302460F4885
:10750000F9F7F4FD0346FB73FB7B002B01D0FB7BFB
:107510000FE0FA8A7B8A1344FB82FA887B8A134441
:10752000FB800520FAF766FDFA8ABB889A42C2D32F
:10753000002318461837BD4680BD00BFB80700209D
:1075400080B588B004AF03463960FB801346BB802A
:10755000FB8800211846FFF77CFF0346FB81FB8870
:10756000DBB29AB2F98964230293BB8801933B682A
:10757000009301230348F9F7B3FE0346184610377A
:10758000BD4680BDB807002080B582B000AF7860EE
:107590000B467B8000BF094B1B681B681B6803F010
:1075A0004003402BF7D1054B18687A88642379682B
:1075B000FDF7BCF800BF0837BD4680BD3C09002080
:1075C00080B582B000AF786039600E4A7B68136086
:1075D0000D4A3B6813600D4B00221A704FF4806215
:1075E0000B490C48FFF747FE7B681B68DA687B682D
:1075F0001B6842F01002DA6000F00EF800BF083796
:10760000BD4680BD3C09002040090020500F0020ED
:10761000500B0020440B002080B500AF0C4B1B68C2
:10762000DB6B002B04D00A4B1B681846FDF72EF9C4
:10763000084B00221A70064B1B684FF40072064973
:107640001846FDF7FEF8034B01221A7000BF80BDFB
:107650003C090020500F00204409002080B584B070
:1076600000AF0346FB804FF40073FB81FA89FB886F
:10767000D31ABB81BB89002B09D0BA89FB899A42F6
:1076800005D8BB891A4605490548FFF756FEFFF79E
:10769000C3FF00BF1037BD4680BD00BF44090020B6
:1076A000440B002080B5C4B000AF1CE000215E4850
:1076B000FFF728FE034687F8073197F80731AA2B12
:1076C00003D05948FFF700FE0DE001215648FFF7AF
:1076D00019FE034687F8063197F80631552B09D075
:1076E0005148FFF7F1FD5048FFF7DDFD0346032B3E
:1076F000DCD800E000BF4C48FFF7D5FD0346032B64
:1077000040F28A804848FFF7CEFD0346A7F80431CF
:107710004FF6FF73A7F80E310323A7F80C311DE0D5
:10772000B7F80C3119464048FFF7ECFD03460D2B26
:107730000FD1B7F80C3101339BB219463A48FFF725
:10774000E1FD03460A2B04D1B7F80C31A7F80E313E
:107750000BE0B7F80C310133A7F80C31B7F80C3156
:107760005A1CB7F804319A42DADBB7F90E31022B12
:1077700054DDB7F80E310233A7F80231B7F8023101
:10778000042B06D1FF2387F80B310023A7F808311B
:107790000BE002212448FFF7B5FD034687F80B31C3
:1077A000B7F80231053BA7F8083102211E48FFF760
:1077B00033FE97F80B31FF2B02D01B48FFF784FDF7
:1077C000B7F80831002B0AD0B7F80831FA2B06D8E1
:1077D000B7F808213B1D19461348FFF7E1FD124891
:1077E000FFF772FD034687F801310F48FFF76CFD84
:1077F000034687F8003197F80B31FF2B0FD00B4B66
:107800001B68002B0BD0094B1B68B7F80821391DEA
:1078100097F80B01984702E000BF00E000BF07F5B2
:107820008877BD4680BD00BF440B00204009002082
:1078300080B5C4B000AF07F58873A3F588731960ED
:10784000114607F58873A3F2091302461A7007F56B
:107850008873A3F586730A461A800023A7F80E31B1
:10786000B7F80E315A1CA7F80E211A4607F588738F
:10787000A3F58273AA219954B7F80E315A1CA7F8C0
:107880000E211A4607F58873A3F582735521995482
:10789000B7F80E315A1CA7F80E21194607F5887360
:1078A000A3F5827307F58872A2F2091212785A546E
:1078B00007F58873A3F588731B68002B28D007F59C
:1078C0008873A3F586731B88002B21D007F5887376
:1078D000A3F586731B88FB2B1AD8B7F80E3107F176
:1078E0000C02D01807F58873A3F586731A8807F57C
:1078F0008873A3F58873196801F0BFFE07F58873D4
:10790000A3F58673B7F80E211B881344A7F80E3130
:10791000B7F80E315A1CA7F80E211A4607F58873DE
:10792000A3F582730D219954B7F80E315A1CA7F8AC
:107930000E211A4607F58873A3F582730A2199541C
:10794000B7F80E2107F10C0311461846FFF71CFE8D
:1079500000BF07F58877BD4680BD80B5C4B000AFD5
:1079600007F58873A3F5867318600A4607F58873D0
:10797000A3F587731A800023A7F80E31B7F80E31EC
:107980005A1CA7F80E211A4607F58873A3F58273CF
:10799000AA219954B7F80E315A1CA7F80E211A469D
:1079A00007F58873A3F582735521995407F58873F9
:1079B000A3F586731B68002B28D007F58873A3F501
:1079C00087731B88002B21D007F58873A3F5877375
:1079D0001B88FC2B1AD8B7F80E3107F10C02D0180F
:1079E00007F58873A3F587731A8807F58873A3F5DD
:1079F0008673196801F041FE07F58873A3F5877354
:107A0000B7F80E211B881344A7F80E31B7F80E31D2
:107A10005A1CA7F80E211A4607F58873A3F582733E
:107A20000D219954B7F80E315A1CA7F80E211A46A9
:107A300007F58873A3F582730A219954B7F80E21CC
:107A400007F10C0311461846FFF79EFD00BF07F52E
:107A50008877BD4680BD80B582B000AF78600B46A8
:107A60007B807B8819467868FFF78EFD00BF08375A
:107A7000BD4680BD80B5C4B000AF07F58873A3F5DF
:107A8000867318600A4607F58873A3F587731A8012
:107A90000023A7F80E3107F58873A3F586731B68DA
:107AA000002B28D007F58873A3F587731B88002B5C
:107AB00021D007F58873A3F587731B88FC2B1AD890
:107AC000B7F80E3107F10C02D01807F58873A3F54B
:107AD00087731A8807F58873A3F58673196801F010
:107AE000CCFD07F58873A3F58773B7F80E211B88C3
:107AF0001344A7F80E31B7F80E2107F10C03114615
:107B00001846FFF741FD00BF07F58877BD4680BDE9
:107B100080B485B000AF786039603B68FB60FB687B
:107B2000DAB27B681A70FB681A0A7B680133D2B23A
:107B30001A70FB681A0C7B680233D2B21A70FB68A9
:107B40001A0E7B680333D2B21A7000BF1437BD46D9
:107B500080BC704780B485B000AF78607B68033329
:107B60001B781A467B6802331B781B021A437B681A
:107B700001331B781B041A437B681B781B061343D5
:107B8000FB60FB68BB60BB6818461437BD4680BC11
:107B9000704780B582B000AF03463960FB71134671
:107BA000BB80FB7963F07F03DBB2BA883968184683
:107BB000FFF73EFE00BF0837BD4680BD80B582B0EE
:107BC00000AF0346FB71FB79002200211846FFF746
:107BD000E0FF00BF0837BD4680BD000080B483B021
:107BE00000AF0346FB71FB79013B042B1BD801A2BC
:107BF00052F823F0097C00080F7C0008157C00086F
:107C00001B7C0008217C00084FF4E1230CE04FF4BA
:107C10007A3309E04FF4E13306E04FF4964303E092
:107C20004FF4165300E0002318460C37BD4680BCC5
:107C3000704700BF80B584B000AF0346FB71FB798D
:107C4000FB7307F10F03012219467C20FFF728FC84
:107C500000BF1037BD4680BD80B584B000AF7860EE
:107C60002E4A7B6813600023FB810CE0FB89DB005C
:107C70007A68DA40FB89D2B210333B4403F8082C0F
:107C8000FB890133FB81FB89032BEFD907F1080343
:107C9000042219467820FFF703FC00BF204B1B6825
:107CA0001B6803F04003402BF8D11D4B1B686FF09D
:107CB00040021A601A4BDB6B002B02D01848FCF70D
:107CC000E5FD1748FCF700FD154B164A1A60144AEB
:107CD0007B685360124B00229A60114B0022DA60DD
:107CE0000F4B00221A610E4B0C225A610C4B0022E2
:107CF0009A610B4B0022DA610948FCF795FC084BAE
:107D00001B68DA68064B1B6842F01002DA60FFF766
:107D100083FC00BF1037BD4680BD00BF240000209B
:107D2000AC0800200038014080B58CB000AF03469D
:107D3000FB71334BDB78DBB2002B04D0304BDB78AC
:107D4000DBB2012B58D1002387F82F3015E097F8CC
:107D50002F302C4A52F82330BB6297F82F309B000B
:107D60001A4607F10C031344B96A1846FFF7D0FE10
:107D700097F82F30013387F82F3097F82F30052BE5
:107D8000E5D91F4BDB78DBB2012B12D1002387F83A
:107D90002430002387F82530802387F826307F237E
:107DA00087F8273007F10C031C211846FFF762FE05
:107DB00023E0182387F82F3011E097F82F305A1E50
:107DC00097F82F3030323A4412F8242C30333B44A9
:107DD00003F8242C97F82F30013B87F82F3097F8C1
:107DE0002F30002BE9D1FB793B7307F10C031921EC
:107DF0001846FFF7B2FD00E000BF3037BD4680BD3A
:107E000008010020A800002090B5ABB000AF0346E9
:107E10003960FB711346BB80FB79013B352B00F2C7
:107E20009C8101A252F823F0017F0008117F000815
:107E3000277F00082F7F0008B17F0008C57F00085A
:107E4000F17F00087D7F00085B8100085B810008EE
:107E50005B8100085B8100085B8100085B81000892
:107E60005B8100085B8100085B8100085B81000882
:107E70005B8100085B8100085B8100085B81000872
:107E80005B8100085B8100085B8100085B81000862
:107E90005B8100085B8100085B8100085B81000852
:107EA0005B810008E18000085B8100085B810008BD
:107EB0005B8100085B8100085B8100085B81000832
:107EC0005B8100085B8100085B8100085B81000822
:107ED0005B8100085B8100085B8100085B81000812
:107EE0005B810008518000086B8000087B800008DF
:107EF000AD80000899800008C78000088B800008CA
:107F00009C4B00221A70FB791846FFF757FE2CE1B4
:107F10009948FBF7E7FF974B01221A70FB79184647
:107F2000FFF74CFE21E10320FFF7FEFE1DE1BB88B9
:107F3000002B07D18F4B9B899BB201339AB28D4B9B
:107F40009A8112E13B681B781846FFF747FEC7F895
:107F5000A000D7F8A030002B07D1864B9B899BB29D
:107F600001339AB2834B9A81FFE0FB791846FFF701
:107F700025FED7F8A000FFF76FFEF6E0BB88002BC8
:107F800007D17C4B9B899BB201339AB2794B9A8182
:107F9000EBE03B681B78002B14BF01230023DBB20E
:107FA0001A46744B9A70FB791846FFF707FEDCE01F
:107FB0007248F8F749FF03469BB219466F48FFF72E
:107FC0004AFDD2E06D4B1B691B0CDBB23B726B4B65
:107FD0001B691B0ADBB27B72684B1B69DBB2BB728D
:107FE00007F10801FB7903221846FFF7D2FDBCE038
:107FF000604B1B78DBB23B725E4B5B78DBB27B7213
:108000005C4B9B78DBB2BB725A4BDB78DBB2FB720A
:10801000584B5B899BB2DBB23B73564B5B899BB27F
:108020001B0A9BB2DBB27B73524B9B899BB2DBB2C8
:10803000BB73504B9B899BB21B0A9BB2DBB2FB7399
:1080400007F10801FB7908221846FFF7A2FD8CE032
:108050004948FBF747FF00F089F9464B01221A71A6
:10806000FB791846FFF7AAFD7FE0424B0022DA7049
:10807000FB791846FFF7A2FD77E03E4B0122DA704C
:10808000FB791846FFF79AFD6FE000F015FAFB79CF
:108090001846FFF793FD68E0364B00225A7001F056
:1080A00077F8FB791846FFF789FD5EE0314B012236
:1080B0005A700120FFF7BEFD01F06AF8FB791846FF
:1080C000FFF77CFD51E02B4B02225A700220FFF794
:1080D000B1FD01F05DF8FB791846FFF76FFD44E054
:1080E000BB88182B07D8234B9B899BB201339AB2CC
:1080F000204B9A8139E00023C7F8A4301BE0D7F861
:10810000A4309B0001333A681A443B681B781C4634
:108110001046FFF71FFD0146194823465B00234424
:108120005B00D7F8A420134440F82310D7F8A430FC
:108130000133C7F8A430D7F8A430052BDFDD3B6846
:108140001B78184600F0BEF83B681A78FB79134399
:10815000DBB21846FFF732FD07E0064B9B899BB266
:1081600001339AB2034B9A8100BF00BFAC37BD46C2
:1081700090BD00BF08010020640800200C00002012
:108180001C01002080B592B000AF00237B64002367
:108190003B640023FB630023BB6307F11803202229
:1081A0000021184601F0EEF93B4600221A605A60A1
:1081B0009A60DA601A615A6100237B6472E07B6C1A
:1081C000052B0DD07B6C9BB21A4652001344DB008A
:1081D0009BB207F1180118221846FFF7B1F906E023
:1081E00007F11803182219468020FFF7A9F9002388
:1081F0003B6438E03B6C002B00DA03339B10FB63DD
:108200003B6C5A4203F0030302F0030258BF53428F
:10821000BB63BB6B032B05DD264B274A5621274842
:1082200001F078F8FB6B9B0048333B4453F8482C33
:10823000BB6BDB00FF2101FA03F3DB431A4007F1BC
:1082400018013B6C0B441B781946BB6BDB0001FA31
:1082500003F31A43FB6B9B0048333B4443F8482C21
:108260003B6C01333B643B6C172BC3DD00233B6449
:1082700012E03B6C9B0048333B4453F8481C1048C9
:108280007A6C13465B0013445B003A6C134440F86D
:1082900023103B6C01333B643B6C052BE9DD7B6CAD
:1082A00001337B647B6C052B89DD0123184648373D
:1082B000BD4680BD14A30008B8A3000820A3000891
:1082C0001C01002080B582B000AF0346FB71FB7932
:1082D000052B12D0FB799BB21A4652001344DB00E7
:1082E00098B2FA7913465B001344DB000E4A13443C
:1082F00018221946FFF7D4F811E0FB79052B0CD1B1
:10830000FA7913465B001344DB00074A1344182232
:1083100019468020FFF7C4F801E0002300E00123A4
:1083200018460837BD4680BD1C01002080B500AF4F
:10833000182203499820FFF7B3F80123184680BD9F
:10834000F000002080B500AF4FF400720021054816
:1083500001F018F94FF401720021034801F012F9FD
:1083600000BF80BD540F00205411002080B483B0A2
:1083700000AF134B0022C3F8E021114B0022C3F8D9
:10838000E4210F4B012283F800220D4B002283F8D9
:10839000012200237B6009E0094A7B687A334FF0B1
:1083A000000142F823107B6801337B607B68052B5A
:1083B000F2DD00BF00BF0C37BD4680BC704700BF78
:1083C0005411002090B585B000AF78600023FB7396
:1083D0000023BB730023FB7317E0FB7B254A7A3332
:1083E00052F82300FB7B9B007A6813441B68FC7BDC
:1083F0001946F8F7D1FA034619461E4A04F17A03E2
:1084000042F82310FB7B0133FB73FB7B052BE4D984
:10841000184BD3F8E4310133164AC2F8E431154B56
:10842000D3F8E431132B21DD0023BB7313E0BB7BB6
:10843000104A7A3352F82330BC7B0F491846F8F7BC
:1084400067FC034619460D4A04F1120342F8231053
:10845000BB7B0133BB73BB7B052BE8D9054B0022EB
:1084600083F80022034B012283F8012200BF143756
:10847000BD4690BD541100200000A041A80000207E
:1084800080B400AF034B002283F8012200BFBD4639
:1084900080BC70475411002080B400AF054B93F8A6
:1084A0000132002B14BF01230023DBB21846BD4666
:1084B00080BC70475411002080B483B000AF144BCF
:1084C000002283F80022124B002283F80122104B75
:1084D0000022C3F8E42100237B6010E00D4A7B6892
:1084E00012334FF0000142F82310094A7B687A33B7
:1084F0004FF0000142F823107B6801337B607B68FA
:10850000052BEBDD00BF00BF0C37BD4680BC7047BC
:1085100054110020A800002080B582B000AF786020
:108520007B68114A1A607B68104A5A607B68104A5F
:108530009A607B680F4ADA607B680F4A1A617B6831
:1085400000225A637B6800229A637B680022DA6308
:108550007B6800221A647B68DB687868984700BFF4
:108560000837BD4680BD00BF4D8D00080D8D000849
:108570002D8D0008E58C00083D8C000880B584B086
:1085800000AF78607B680822A3F844200023FB73C7
:1085900007E0FB7B7A681344FF221A75FB7B0133EB
:1085A000FB73FB7B9AB27B68B3F844309A42F0D3FA
:1085B000786800F002FB7B681B694FF47A7098477B
:1085C00000BF1037BD4680BD80B582B000AF786077
:1085D00001220521786800F025FA7B6893F82530A0
:1085E00018460837BD4680BD80B582B000AF7860C0
:1085F0000B46FB707B680022DA647B68DA6C7B6870
:1086000093F85030D9037B6893F851301B0319431A
:108610007B6893F852305B010B43796891F85310F3
:108620000B431A437B68DA647B68DA6CF9780223BF
:10863000786800F067FA00BF0837BD4680BD80B596
:1086400082B000AF78600B46FB707B6893F86930AE
:10865000022B03D10121786800F0C3F97B6893F8FD
:108660006930122B03D10021786800F0BAF97B68D9
:1086700000225A657B685A6D7B6893F86430D90292
:108680007B6893F865301B0219437B6893F866306A
:10869000DB0119437B6893F867309B0119437B68C2
:1086A00093F868305B0119437B6893F86930DB000D
:1086B00003F018030B43796891F86A100B431A43CF
:1086C0007B685A65FB781933D9B27B685A6D0223EF
:1086D000786800F017FA7B6800229A657B689A6DCB
:1086E0007B6893F86B301B047968B1F86C100B430E
:1086F0001A437B689A65FB782133D9B27B689A6DFF
:108700000323786800F0FEF900BF0837BD4680BD3E
:1087100080B582B000AF786002220121786800F055
:1087200081F902467B681A677B681A6F40F63C1332
:1087300013407A6813677B681A6F7B6893F874300C
:1087400019037B6893F876309B0219437B6893F892
:1087500077305B0219437B6893F879309B010B43B8
:10876000796891F87B100B431A437B681A677B6822
:108770001A6F02230121786800F0C4F900BF08379E
:10878000BD4680BD80B582B000AF78600B46FB70FF
:10879000FB781946786800F0DCF87B685B687A68DB
:1087A000506B7A68926B114698477B689B687A6831
:1087B000506B7A68926B1146984700BF0837BD46E8
:1087C00080BD80B582B000AF78600421786800F089
:1087D000C0F87B685B687A68506B7A68926B114668
:1087E000984700BF0837BD4680BD80B584B000AF54
:1087F00078607B6893F87A30102B59D0102B00F3F7
:10880000A480012B02DC002B05DA9EE0023B062B44
:1088100000F29B8099E07B6802221A757B681B7DC1
:1088200003F07F03DAB27B681A757B681B7D43F027
:108830004003DAB27B681A757B680422A3F84420EF
:108840007B6893F87630012B07D17B68B3F844300E
:1088500001339AB27B68A3F844200023FB7307E03E
:10886000FB7B7A681344FF225A75FB7B0133FB7351
:10887000FB7B9AB27B68B3F844309A42F0D37868B5
:1088800000F0BFF97B6893F825301A047B6893F8F1
:1088900026301B0213437A6892F827201A437B681C
:1088A0009A647B6893F828207B6883F846204CE024
:1088B0007B6800221A757B680322A3F844207B683A
:1088C00093F87630012B07D17B68B3F8443001333D
:1088D0009AB27B68A3F844207B68B3F84430013334
:1088E0009AB27B68A3F844200023BB7307E0BB7BEC
:1088F0007A68134400225A75BB7B0133BB73BB7B80
:108900009AB27B68B3F844309A42F0D3786800F0AA
:1089100078F97B6893F824301A047B6893F8253043
:108920001B0213437A6892F826201A437B689A64E4
:108930007B6893F827207B6883F846207B6893F850
:1089400028207B6883F8472000BF00BF1037BD4652
:1089500080BD80B586B000AF78600B46FB70022208
:108960000121786800F05EF80346FB60FB6823F4A1
:10897000036323F00C03FB60FA68FB789B0003F0B1
:108980003C01FB78DB0103F400630B431343FB6002
:108990007B68FA7883F87A20FA68022301217868E4
:1089A00000F0B0F800BF1837BD4680BD80B584B078
:1089B00000AF78600B46FB7001220021786800F060
:1089C00031F80346DBB23B733A7BFB781340DBB2F2
:1089D000002B01D0012300E0002318461037BD46CC
:1089E00080BD80B586B000AF78600B46FB70022278
:1089F0000121786800F016F80346FB60FB6823F459
:108A00008073FB60FA68FB781B021343FB60FA6813
:108A100002230121786800F075F800BF1837BD46C1
:108A200080BD000080B586B000AF78600B46FB705B
:108A30001346BB707B68FA781A757B681B7D03F060
:108A40007F03DAB27B681A757B681B7D43F04003B5
:108A5000DAB27B681A75BB789BB201339AB27B6835
:108A6000A3F844207B68B3F8443001339AB27B68A2
:108A7000A3F844200023FB7507E0FB7D7A681344CC
:108A8000FF225A75FB7D0133FB75FA7DBB789A4254
:108A9000F3D3786800F091F87B68DB6F03F0040390
:108AA000002B0AD0FB78164AD35C01337A68134452
:108AB00093F824207B6883F847207B681A7D7B68C5
:108AC00083F8242000233B610023FB730FE03B6904
:108AD0001B023B61FB7B01337A68134493F824301B
:108AE0001A463B6913433B61FB7B0133FB73FA7B03
:108AF000BB789A42EBD33B6918461837BD4680BD18
:108B0000C8A3000890B587B000AFF8607A601A4635
:108B10000B46FB721346BB72FB68FA7A1A75FB6848
:108B20001B7D03F07F03DAB2FB681A75FB681B7DBF
:108B300023F04003DAB2FB681A75BB7A9BB20133AB
:108B40009AB2FB68A3F844207B687B610023FB7426
:108B50000FE0BA7AFB7C0133D31A7A69D1B2FA6892
:108B600013440A465A757B691B0A7B61FB7C0133FF
:108B7000FB74FA7CBB7A9A42EBD3FB6803F11402D4
:108B8000FB68B3F84430DBB2BC7A1946104600F0FB
:108B900071F803461A46FB6823445A75FB68B3F81C
:108BA000443001339AB2FB68A3F84420F86800F01F
:108BB00004F800BF1C37BD4690BD80B582B000AF41
:108BC00078607B689B687A68506B7A68926B114614
:108BD00098477B681B687A6802F114007A6802F192
:108BE00024017A68B2F8442098477B685B687A6809
:108BF000506B7A68926B1146984700BF0837BD46A4
:108C000080BD80B582B000AF78607B689B687A6871
:108C1000506B7A68926B114698477B681B687A683C
:108C200002F114007A6802F124017A68B2F8442053
:108C3000984700BF0837BD4680BD000080B483B0B0
:108C400000AF78607B68C82202FB03F3084AA2FBEE
:108C50000323DB087B60FFE77B685A1E7A60002BEA
:108C6000FAD100BF00BF0C37BD4680BC704700BFC3
:108C7000CDCCCCCC80B485B000AF78600B46FB7017
:108C80000023FB730023BB7322E0BB7B7A68134491
:108C90001A78FB7B5340FB7300237B7312E097F938
:108CA0000F30002B08DA97F90F305B005BB283F0CE
:108CB00007035BB2FB7302E0FB7B5B00FB737B7B18
:108CC00001337B737B7B072BE9D9BB7B0133BB7300
:108CD000BA7BFB789A42D8D3FB7B18461437BD4643
:108CE00080BC704780B485B000AF78607B68FB6063
:108CF000FB68054A5A63FB6810229A6300BF143769
:108D0000BD4680BC704700BF0008014080B582B0FE
:108D100000AF786039603B689BB2012219467868E1
:108D2000F9F7DCFF00BF0837BD4680BD80B582B0D3
:108D300000AF786039603B689BB2002219467868C2
:108D4000F9F7CCFF00BF0837BD4680BD80B586B0BF
:108D500002AFF860B9601346FB80FB886422009282
:108D6000BA68F9680848FAF7C4FC0346002B05D036
:108D70000548FAF767FE4FF0FF3300E0002318467E
:108D80001037BD4680BD00BF0C08002080B58EB0F6
:108D900000AFF860B9607A603B60BB687B617B685C
:108DA000BB613B68FB613B6C3B627B6C7B62BB6C79
:108DB000BB62002387F837300121F868FFF7E2FC37
:108DC000002387F82F3057E04FF4FA733B6300BF5E
:108DD0008021F868FFF7EAFD0346012B05D13B6BC4
:108DE000013B3B633B6B002BF2D13B6B002B02D171
:108DF0004FF0FF3346E0F868FFF7F7FCFB6893F8A5
:108E0000463003F00F0387F82E3097F82E30052BED
:108E10002DD897F8372097F82E3022FA03F303F075
:108E20000103002B23D197F82E309B0038333B44AD
:108E300053F8243C002B09D097F82E309B00383390
:108E40003B4453F8243CFA68926C1A6097F82E3031
:108E5000012202FA03F3DAB297F83730134387F8A6
:108E6000373097F837303F2B01D100230AE097F8CD
:108E70002F30013387F82F3097F82F300B2BA3D9E1
:108E80004FF0FF3318463837BD4680BD90B587B0E8
:108E900004AF78607B68181D7B6803F108047B6869
:108EA0000C337A6810327968143102910192009380
:108EB0002346024679680448FFF768FF03461846D0
:108EC0000C37BD4690BD00BF5C13002080B584B058
:108ED00000AF0346FB717D48FFF704FF7B48FFF7B7
:108EE0001BFB7A48FFF74AFBFF23FB73784B0022FA
:108EF0001A707648FFF768FB0346FB73FB7B282B51
:108F00000DD0734B1B780133DAB2714B1A70714874
:108F1000FDF7FAFA01216E48FEF79DFDE9E700BF73
:108F20006A48FFF74EFC694B012283F85020674BDB
:108F3000002283F85120654B002283F85220634BB6
:108F4000012283F8532009216048FFF74DFB5F4B56
:108F5000012283F850205D4B002283F851205B4BA7
:108F6000022283F85220594B032283F853200A210E
:108F70005648FFF739FB554B012283F85020534BDD
:108F8000002283F85120514B042283F852204F4B8A
:108F9000052283F853200B214C48FFF725FB4B4B50
:108FA000012283F85020494B002283F85120474B7F
:108FB000062283F85220454B072283F853200C21C8
:108FC0004248FFF711FB414B012283F850203F4BF1
:108FD000002283F851203D4B082283F852203B4B5E
:108FE000092283F853200D213848FFF7FDFA374B4B
:108FF000012283F85020354B002283F85120334B57
:109000000A2283F85220314B0B2283F853200E2181
:109010002E48FFF7E9FA2D4B012283F864202B4BF1
:10902000012283F86720294B012283F86820274B0F
:10903000002283F86920254B002283F86520234B0A
:10904000002283F86620214B072283F86A201F4BF9
:10905000402283F86B20FB799AB21C4BA3F86C205A
:1090600000211A48FFF7EBFA01211848FFF7E7FA49
:1090700002211648FFF7E3FA03211448FFF7DFFA4D
:1090800004211248FFF7DBFA05211048FFF7D7FA51
:109090000E4B022283F879200C4B002283F87B20B0
:1090A0000A4B012283F87620084B002283F87720B0
:1090B000064B002283F874200448FFF729FB06487A
:1090C000FDF722FA00BF1037BD4680BD5C130020BB
:1090D000581300205CA3000870A3000880B483B07C
:1090E00000AF00237B60284B1B68002B12D0264B5F
:1090F0001B68DB6803F40053002B03D0234B0122D1
:109100001A730EE0214B00221A737B6843F48033FC
:109110007B6006E01D4B00221A737B6843F48033AA
:109120007B60194BDB6B002B18D0174BDB6B1B687C
:10913000002B13D0144BDB6B1B681B6803F001037F
:10914000002B03D0114B01225A730EE00F4B00226B
:109150005A737B6843F400337B6006E00B4B0022BC
:109160005A737B6843F400337B60084B1B6823F41D
:1091700070227B681343054A13607B6818460C37DE
:10918000BD4680BC704700BFAC080020DC13002047
:1091900080B483B000AF00237B6031E000233B60EC
:1091A0000BE01C497B685A013B6813444FF00002F6
:1091B00041F823203B6801333B603B681D2BF0DD09
:1091C000144A7B68DB01134478334FF000021A60C5
:1091D000104A7B68DB0113447C3300221A700D4A6D
:1091E0007B68DB0113447D3300221A70094A7B68D7
:1091F000DB0113447E3300221A707B6801337B60ED
:109200007B68052BCADD00BF00BF0C37BD4680BCA4
:10921000704700BFF013002080B584B000AF034654
:109220003960FB71FB79052B02D94FF0000367E031
:10923000FB79DB01344A1344BB60BB6893F87E3092
:10924000002B1FD10023FB6007E0BB68FA68396878
:1092500043F82210FB680133FB60FB681D2BF4DD33
:109260002A493868F7F7A0FC03461A46BB689A6794
:10927000BB681E2283F87D20BB68012283F87E2014
:109280003B683DE0BB689A6FBB6893F87C30194639
:10929000BB6853F8213019461046F7F77BFB0346AD
:1092A0001A46BB689A67BB6893F87C301946BB685E
:1092B0003A6843F82120BB689B6F39681846F7F776
:1092C0006BFB03461A46BB689A67BB6893F87C3011
:1092D0005A1C0F4B83FB021313441911D317C91ADD
:1092E0000B461B015B1A5B00D11ACAB2BB6883F83C
:1092F0007C20BB689B6F05491846F7F709FD0346BC
:1093000018461037BD4680BDF01300200000F04124
:10931000898888881FB514461A46094B05461B687C
:10932000D8684CB1074BCDE9013400912B46064972
:1093300000F0B4F800F0AFF9044B1C46F3E700BFAF
:109340003400002001A400080EA400083CA400087A
:10935000002310B50446C0E90033C0E9043383603C
:1093600081814366C2818361194608225C3000F026
:1093700009F90D4B246263620C4BA3620C4BE36250
:109380000C4B23630C4B9C4206D003F168029442C1
:1093900002D0D0339C4205D104F15800BDE8104002
:1093A00000F068B910BD00BFFD9400081F950008CB
:1093B000579500087D950008F0160020024A0349E1
:1093C000034800F07DB800BF28000020359F00084A
:1093D0003800002041680C4B10B59942044601D07A
:1093E00000F0A8FDA168094B994202D0204600F088
:1093F000A1FDE168064B994204D02046BDE810402B
:1094000000F098BD10BD00BFF016002058170020D6
:10941000C01700200C4B0D4A10B504211A600C48EF
:109420000022FFF795FF0A4B01221C46092103F198
:109430006800FFF78DFF04F1D0000222BDE8104064
:109440001221FFF785BF00BF28180020BD93000838
:10945000F0160020014800F00EB900BF31180020BE
:10946000014800F009B900BF3118002010B50446CA
:10947000FFF7F0FF236A1BB1BDE81040FFF7F0BF14
:10948000044B2362044B1B68002BF5D1FFF7C2FF8E
:10949000F2E700BFD5930008281800200EB403B5EA
:1094A000014603AB054853F8042B0068019300F014
:1094B00017FA02B05DF804EB03B0704734000020E7
:1094C0002DE9F8430746884614460026D4E901955D
:1094D000B9F1010905D52468002CF7D13046BDE863
:1094E000F883AB89012B07D9B5F90E30013303D0CE
:1094F00029463846C04706436835E9E710B50C46AB
:10950000B1F90E1000F068F80028ABBF636DA389B5
:109510001B1823F48053ACBF6365A38110BD2DE9F4
:10952000F0411F468B890546DB050C46164605D5DE
:1095300002230022B1F90E1000F03CF8A389324654
:1095400023F48053A38128463B46B4F90E10BDE8AE
:10955000F04100F053B810B50C46B1F90E1000F010
:1095600029F8B4F90C30421C0BBF23F4805343F4A8
:109570008053A381A38118BF606510BDB1F90E109F
:1095800000F008B803460244934200D1704703F844
:10959000011BF9E738B50023054D044608462B604A
:1095A000FDF705FE431C02D12B6803B1236038BDD3
:1095B0002C18002038B50446084611460022054DF7
:1095C0002A601A46FDF717FE431C02D12B6803B12F
:1095D000236038BD2C18002038B5044608461146D3
:1095E0000022054D2A601A46FDF7C4FD431C02D136
:1095F0002B6803B1236038BD2C18002038B5044611
:10960000084611460022054D2A601A46FDF7C6FBA2
:10961000431C02D12B6803B1236038BD2C180020F5
:10962000014B1868704700BF3400002070B5002659
:109630000C4D0D4B5B1B9C10A64209D1002600F07F
:1096400015FE0A4D0A4B5B1B9C10A64205D170BD4E
:1096500055F8043B98470136EEE755F8043B984728
:109660000136F2E778A4000878A4000878A400087E
:109670007CA400087047704770470A44914200F18B
:10968000FF3300D1704710B511F8014B914203F838
:10969000014FF9D110BD062008B500F02DFD0120C5
:1096A000FDF75DFD38B50546002940D051F8043C72
:1096B0000C1F002BB8BFE41800F0DEF81C4A13683A
:1096C00033B9636014602846BDE8384000F0DAB86A
:1096D000A34208D9206821188B4201BF19685B6832
:1096E00009182160EDE71A465B680BB1A342FAD96D
:1096F00011685018A0420BD12068014450188342D1
:109700001160E0D118685B68084410605360DAE7C4
:1097100002D90C232B60D6E7206821188B4201BFA9
:1097200019685B680918216063605460CBE738BD35
:109730003818002070B50F4E0C463168054611B937
:1097400000F0F6FC30602146284600F0F1FC431C96
:1097500003D14FF0FF34204670BDC41C24F0030435
:10976000A042F8D0211A284600F0E2FC0130F2D1E4
:10977000EFE700BF341800202DE9F843CD1C25F099
:10978000030508350C2D38BF0C25002D064601DBDE
:10979000A94204D90C2333600020BDE8F883DFF828
:1097A000D48000F069F8D8F800301C4644BB294644
:1097B0003046FFF7BFFF431C044658D1D8F800409D
:1097C0002746002F43D1002C4BD023683946304622
:1097D00004EB030900F0ACFC814542D1216830461E
:1097E0006D1A2946FFF7A6FF01303AD023682B44B3
:1097F0002360D8F800305A6862BBC8F800700FE0E8
:109800002268521B20D40B2A17D96119A342256064
:1098100018BF5960636808BFC8F8001062514B60F8
:10982000304600F02FF804F10B00231D20F0070054
:10983000C21A1CBF1B1AA350AFE76268A3420CBF39
:10984000C8F800205A60EBE723466468AEE73C4660
:109850007F68B6E71A465B68A342FBD100235360DA
:10986000DEE70C233046336000F00CF894E7056027
:10987000D6E700BF381800200148FFF7FCBE00BF44
:10988000301800200148FFF7F7BE00BF3018002055
:10989000936810B4013B002B936007DA9469A342EC
:1098A00001DB0A2902D110BC00F06CBB1368581C04
:1098B00010601970084610BC7047F8B506460F4690
:1098C0001446D518AC4201D1002007E03A46304694
:1098D00014F8011BFFF7DCFF431CF3D1F8BD0000B7
:1098E0002DE9F0470D4614461F4606469CB018B1B8
:1098F000036A0BB9FFF7BAFD6B6ED90705D4AB89C4
:109900009A0502D4A86DFFF7B6FEAB891B0701D5F7
:109910002B699BB92946304600F072FB70B16B6E23
:10992000DC0704D54FF0FF301CB0BDE8F087AB89F1
:109930009805F7D4A86DFFF79FFEF3E7002309937E
:1099400020238DF8293030234FF001080397694F09
:109950008DF82A302346994613F8012B0AB1252A9F
:10996000F9D1B9EB040A0BD05346224629463046BA
:10997000FFF7A3FF013000F0A480099A5244099236
:1099800099F80030002B00F09C8000234FF0FF324C
:10999000CDE9052309F10109049307938DF85330AC
:1099A0001A934C46052214F8011B524800F0D0FBD4
:1099B000049BD0B9D90644BF20228DF853201A0742
:1099C00044BF2B228DF8532099F800202A2A13D067
:1099D0004C4600204FF00A0C079A214611F8013B33
:1099E000303B092B49D968B913E0C01B08FA00F0D5
:1099F0001843A1460490D4E7039A111D12680391FD
:109A0000002A01DB079204E0524243F0020307926E
:109A1000049323782E2B0AD163782A2B32D1039B0F
:109A200002341A1D1B68039243EAE3730593DFF8BF
:109A3000C89003224846217800F08AFB38B14022C2
:109A4000049BA0EB0900824013430134049314F8F3
:109A5000011B062229488DF8281000F079FB002808
:109A60003ED0274818BB039B073323F00703083376
:109A70000393099B034409936CE70C4601200CFBFC
:109A80000232AAE700234FF00A0C1946013405936D
:109A9000204610F8012B303A092A03D9002BC6D0F2
:109AA0000591C4E7044601230CFB0121F0E703AB59
:109AB00000932A463046134B04A9AFF30080431CA1
:109AC000D7D16B6ED90705D4AB899A0502D4A86D9E
:109AD000FFF7D2FDAB895B063FF524AF099823E77A
:109AE00003AB00932A463046064B04A900F07EF8EB
:109AF000E5E700BF3DA4000843A4000847A4000810
:109B000000000000BB9800082DE9F0471646984673
:109B10008A680B6907469342B8BF1346336091F8D1
:109B200043200C46DDF820900AB1013333602368EE
:109B3000990642BF336802333360256815F0060585
:109B400006D104F1190AE36832689B1AAB422BDC98
:109B500094F843302268003B18BF0123920630D4AA
:109B60004146384604F14302C847013023D02368F8
:109B7000226903F00603042B14BF002533684FF05D
:109B8000000608BFE56804F11A0408BFED1A54F88E
:109B9000123C08BF25EAE5759342C4BF9B1AED1835
:109BA000B5421AD1002008E001235246414638460A
:109BB000C847013003D14FF0FF30BDE8F0870135D1
:109BC000C1E73020E11881F843005A1C94F8451091
:109BD0002244023382F84310C2E701232246414661
:109BE0003846C8470130E6D00136D9E72DE9F043C1
:109BF0000D7E85B0782D904607460C4699460C9E02
:109C000001F1430207D8622D0AD8002D00F0D78059
:109C1000582D00F0BC8004F1420684F842503BE02D
:109C2000A5F16303152BF6D801A151F823F000BF6D
:109C3000899C00089D9C0008179C0008179C000840
:109C4000179C0008179C00089D9C0008179C0008A2
:109C5000179C0008179C0008179C0008A59D000889
:109C6000C79C0008579D0008179C0008179C000817
:109C7000C79D0008179C0008C79C0008179C000897
:109C8000179C00085F9D000833681A1D1B6832602E
:109C900004F1420684F842300123A1E033682068D1
:109CA000191D3160060601D51D6803E04506FBD588
:109CB000B3F90050002D03DA2D236D4284F84330B0
:109CC0000A235B4811E021683368080653F8045BF7
:109CD00002D4490648BFADB23360237E54486F2B8F
:109CE0005CD10823002184F843106668002EA6602A
:109CF00005DB21682E4321F00401216050D0164677
:109D0000B5FBF3F103FB115C10F80CC006F801CDB4
:109D1000AC4663450D46F3D9082B0BD12368DB070E
:109D200008D5236961689942DEBF302306F8013CFB
:109D300006F1FF36921B2261434621463846CDF894
:109D4000009003AAFFF7E0FE01304ED14FF0FF3044
:109D500005B0BDE8F083236843F020032360782535
:109D6000344884F845502368316813F0800F51F867
:109D7000045B03D113F0400F18BFADB23160D907B7
:109D800044BF43F0200323601DB11023AAE72848F5
:109D9000E7E7236823F020032360F6E70A23A1E71F
:109DA0001646B9E733682568181D616930602E06CC
:109DB0001B6801D5196002E06806FBD519800023F5
:109DC00016462361B8E7336800211A1D32601E6809
:109DD0006268304600F0BCF908B1801B60606368BF
:109DE0002361002384F84330A6E7324641463846D3
:109DF0002369C8470130A9D023689B0713D4E068C2
:109E0000039B9842B8BF1846A2E701233246414659
:109E10003846C847013099D00135E36803995B1A89
:109E2000AB42F2DCEBE7002504F11906F5E700BFD1
:109E30004EA400085FA40008B1F90C20F8B516077D
:109E400005460C4651D44B68002B02DC0B6C002BF2
:109E500049DDE66A002E46D0002312F480522F68B6
:109E60002B6031D0626DA389590705D56368D21A7A
:109E7000636B0BB1236CD21A00232846E66A216A71
:109E8000B047421CB4F90C3006D129681D2945D8C9
:109E9000274ACA40D60741D5002262602269D90408
:109EA000226004D5421C01D12B6803B96065616B47
:109EB0002F60C1B104F14403994202D02846FFF754
:109EC000F1FB002363630EE001232846216AB047BB
:109ED0000246501CC7D12B68002BC4D01D2B01D0CB
:109EE000162B19D12F6000201DE00F69002FFAD02A
:109EF000930718BF00230E6808BF4B69F61B0F605D
:109F00008B60002EEFDD33463A462846216AD4F8AE
:109F100028C0E047002807DCB4F90C304FF0FF30D0
:109F200043F04003A381F8BD0744361AE9E700BFB8
:109F30000100402038B50B6905460C4613B90025D1
:109F4000284638BD18B1036A0BB9FFF78FFAB4F988
:109F50000C30002BF3D0626ED00704D4990502D4E4
:109F6000A06DFFF788FB28462146FFF765FF636E6B
:109F70000546DA07E4D4A3899B05E1D4A06DFFF779
:109F80007BFBDDE7F8B50E461446054618B1036ABB
:109F90000BB9FFF76BFAA369A360A3891A0701D570
:109FA000236943B92146284600F02AF818B14FF03A
:109FB000FF373846F8BD23682269F6B2981A6369FC
:109FC0003746834205DC21462846FFF7B3FF0028C9
:109FD000EDD1A368013BA36023685A1C22601E7068
:109FE0006269431C9A4204D0A389DB07E1D50A2E9B
:109FF000DFD121462846FFF79DFF0028D9D0D6E7BC
:10A0000038B5284B054618680C4618B1036A0BB9D9
:10A01000FFF72CFAB4F90C301A0721D4D80607D46C
:10A0200009222A6043F040034FF0FF30A38130E063
:10A03000590712D5616B41B104F14403994202D032
:10A040002846FFF72FFB002363630022B4F90C308E
:10A050006260226923F02403226043F00803A38195
:10A0600022693AB99A0501D5180603D52146284632
:10A0700000F0A0F8B4F90C3013F001020AD000226D
:10A08000A26062695242A261226942B913F0800063
:10A09000C8D138BD990758BF6269A260F4E70020B3
:10A0A000F7E700BF340000201F2938B505460C46ED
:10A0B00004D9162303604FF0FF3038BDC26B12B1D4
:10A0C00052F821304BB9284600F030F822460146BC
:10A0D0002846BDE8384000F017B8012B0AD0591CBB
:10A0E00003D1162303600120E7E70021204642F850
:10A0F000241098470020E0E7024B01461868FFF75C
:10A10000D3BF00BF3400002038B50023064D0446FD
:10A11000084611462B60FDF712F8431C02D12B684C
:10A1200003B1236038BD00BF2C180020FDF700B834
:10A1300038B50023054D044608462B60FCF7C2FFE6
:10A14000431C02D12B6803B1236038BD2C180020BA
:10A15000034610B5C9B202449342184601D100200B
:10A1600003E0047801338C42F6D110BD70B50C4683
:10A17000B1F90E10154600291E4696B00ADAA189DB
:10A1800011F0800113D14FF48062002031602A6009
:10A1900016B070BD6A4600F047F80028EFDB019961
:10A1A00001F47041A1F5005359425941EBE70021F8
:10A1B0004022EAE78B8973B59E0705460C4607D512
:10A1C00004F14703236023610123636102B070BD82
:10A1D00001AB6A46FFF7CAFF009E28463146FFF7EB
:10A1E000CBFAB4F90C3038B99A05EFD423F0030355
:10A1F00043F00203A381E3E743F08003A381019BC3
:10A20000C4E904062060002BE0D02846B4F90E1003
:10A2100000F01CF80028D9D0A38923F0030343F0F1
:10A220000103A381D2E7000038B50023064D0446A0
:10A23000084611462B60FCF7C5FF431C02D12B6872
:10A2400003B1236038BD00BF2C18002038B50023AF
:10A25000054D044608462B60FCF7C3FF431C02D1A2
:10A260002B6803B1236038BD2C180020F8B500BF5F
:10A27000F8BC08BC9E467047F8B500BFF8BC08BCE7
:04A280009E4670473F
:10A2840044617461205472616E73666F726D61749F
:10A29400696F6E204C6179657220496E6974204F34
:10A2A4004B0D0A00466C6F617446696C74657220CC
:10A2B400496E6974204F4B0D0A0000004C48413729
:10A2C400363638204F4B0D0A000000002D2D2D206E
:10A2D40052533438352073656C662D74657374205D
:10A2E4002D2D2D0D0A0000005253343835204F4BCC
:10A2F400202855534152542B444D41290D0A000046
:10A304005253343835204641494C0D0A00000000B0
:10A3140028746D7029203C2034000000443A2F53E7
:10A32400542F776F726B73706163652F7673636FED
:10A3340064652F5937355F4D6F64656C2F436F72B9
:10A34400652F5372632F666C6173685F73746F72E9
:10A354006167652E630000004144435F3120496E0C
:10A364006974204661696C65640D0A004144435F69
:10A374003120636F6D706C6574656420696E6974F7
:10A38400204F4B0D0A0000000000000000000000F8
:10A394000102030406070809000000000102030487
:10A3A40002030405060708090A0B0C0D0E0F101012
:10A3B40001020000666C6173685F6C6F61645F61C9
:10A3C4006C6C000001020303020103030102020298
:10A3D4000202020202020202020202020202020259
:10A3E400020202020203030303030303030303033E
:10A3F400030303030303030303030303032C206680
:10A40400756E6374696F6E3A20006173736572745C
:10A41400696F6E2022257322206661696C65643A37
:10A424002066696C6520222573222C206C696E6578
:10A43400202564257325730A00232D302B20006802
:10A444006C4C00656667454647003031323334351D
:10A45400363738394142434445460030313233348B
:0CA4640035363738396162636465660084
:08A47000D869FF7F0100000024
:04A4780035010008A2
:04A47C0011010008C2
:10A4800000127A00100000000100000048532D3037
:10A490003132333435363700000000000107010047
:10A4A000000000000008070000000000030000009A
:10A4B000F01600203800002000000000F0160020F8
:10A4C00058170020C0170020000000000000000006
:10A4D000000000000000000000000000000000007C
:10A4E000000000000000000000000000000000006C
:10A4F000000000000000000000000000000000005C
:04A500000000000057
:04000005080072116C
:00000001FF
