:020000040800F2
:1000000000500020BD7200088B700008937000083B
:100010009B700008A3700008AB700008000000008F
:10002000000000000000000000000000B3700008A5
:10003000BF70000800000000CB700008D7700008F7
:1000400005730008057300080573000805730008B0
:1000500005730008057300080573000805730008A0
:100060000573000805730008057300080573000890
:10007000057300080573000805730008E5700008A3
:100080000573000805730008057300080573000870
:1000900005730008057300080573000869700008FF
:1000A0000573000805730008057300080573000850
:1000B000F97000080573000805730008057300084F
:1000C0000573000805730008057300080573000830
:1000D00005730008596500080573000805730008DA
:1000E0000573000805730008057300080000000090
:1000F0000000000000000000000000000000000000
:0C01000000000000000000005FF808F1A3
:1001100010B5054C237833B9044B13B10448AFF341
:1001200000800123237010BD840000200000000027
:1001300004A3000808B5034B1BB103490348AFF300
:10014000008008BD000000008800002004A3000813
:1001500081F0004102E000BF83F0004330B54FEA78
:1001600041044FEA430594EA050F08BF90EA020FE5
:100170001FBF54EA000C55EA020C7FEA645C7FEA78
:10018000655C00F0E2804FEA5454D4EB5555B8BF9B
:100190006D420CDD2C4480EA020281EA030382EA0C
:1001A000000083EA010180EA020281EA0303362D9E
:1001B00088BF30BD11F0004F4FEA01314FF4801C71
:1001C0004CEA113102D0404261EB410113F0004F83
:1001D0004FEA03334CEA133302D0524263EB43033A
:1001E00094EA050F00F0A780A4F10104D5F1200ED8
:1001F0000DDB02FA0EFC22FA05F2801841F1000133
:1002000003FA0EF2801843FA05F359410EE0A5F106
:1002100020050EF1200E012A03FA0EFC28BF4CF037
:10022000020C43FA05F3C01851EBE37101F00045ED
:1002300007D54FF0000EDCF1000C7EEB00006EEBFA
:100240000101B1F5801F1BD3B1F5001F0CD3490884
:100250005FEA30004FEA3C0C04F101044FEA4452DB
:1002600012F5800F80F09A80BCF1004F08BF5FEA62
:10027000500C50F1000041EB045141EA050130BD42
:100280005FEA4C0C404141EB0101013C28BFB1F554
:10029000801FE9D291F0000F04BF01460020B1FA9F
:1002A00081F308BF2033A3F10B03B3F120020CDA72
:1002B0000C3208DD02F1140CC2F10C0201FA0CF050
:1002C00021FA02F10CE002F11402D8BFC2F1200CB5
:1002D00001FA02F120FA0CFCDCBF41EA0C0190406B
:1002E000E41AA2BF01EB0451294330BD6FEA0404B4
:1002F0001F3C1CDA0C340EDC04F11404C4F120029F
:1003000020FA04F001FA02F340EA030021FA04F3B0
:1003100045EA030130BDC4F10C04C4F1200220FA07
:1003200002F001FA04F340EA0300294630BD21FA45
:1003300004F0294630BD94F0000F83F4801306BF0B
:1003400081F480110134013D4EE77FEA645C18BFFF
:100350007FEA655C29D094EA050F08BF90EA020F96
:1003600005D054EA000C04BF1946104630BD91EA8E
:10037000030F1EBF0021002030BD5FEA545C05D191
:100380004000494128BF41F0004130BD14F58004D0
:100390003CBF01F5801130BD01F0004545F0FE4144
:1003A00041F470014FF0000030BD7FEA645C1ABF79
:1003B000194610467FEA655C1CBF0B46024650EAB0
:1003C000013406BF52EA033591EA030F41F40021DC
:1003D00030BD00BF90F0000F04BF0021704730B562
:1003E0004FF4806404F132044FF000054FF0000137
:1003F00050E700BF90F0000F04BF0021704730B5F8
:100400004FF4806404F1320410F0004548BF4042CC
:100410004FF000013EE700BF42004FEAE2014FEA21
:1004200031014FEA02701FBF12F07F4393F07F4FFC
:1004300081F06051704732F07F4208BF704793F0FF
:100440007F4F04BF41F40021704730B54FF4607412
:1004500001F0004521F000411CE700BF50EA010215
:1004600008BF704730B54FF000050AE050EA0102BE
:1004700008BF704730B511F0004502D5404261EB2E
:1004800041014FF4806404F132045FEA915C3FF46F
:10049000D8AE4FF003025FEADC0C18BF03325FEA0C
:1004A000DC0C18BF033202EBDC02C2F1200300FABD
:1004B00003FC20FA02F001FA03FE40EA0E0021FAE2
:1004C00002F11444BDE600BF70B54FF0FF0C4CF4D0
:1004D000E06C1CEA11541DBF1CEA135594EA0C0F82
:1004E00095EA0C0F00F0DEF82C4481EA030621EABD
:1004F0004C5123EA4C5350EA013518BF52EA0335F8
:1005000041F4801143F4801338D0A0FB02CE4FF0A9
:100510000005E1FB02E506F00042E0FB03E54FF0D9
:100520000006E1FB03569CF0000F18BF4EF0010ED1
:10053000A4F1FF04B6F5007F64F5407404D25FEACD
:100540004E0E6D4146EB060642EAC62141EA555180
:100550004FEAC52040EA5E504FEACE2EB4F1FD0CC2
:1005600088BFBCF5E06F1ED8BEF1004F08BF5FEA40
:10057000500E50F1000041EB045170BD06F00046F2
:1005800046EA010140EA020081EA0301B4EB5C049F
:10059000C2BFD4EB0C0541EA045170BD41F4801197
:1005A0004FF0000E013C00F3AB8014F1360FDEBFBC
:1005B000002001F0004170BDC4F10004203C35DA98
:1005C0000C341BDC04F11404C4F1200500FA05F31B
:1005D00020FA04F001FA05F240EA020001F00042BC
:1005E00021F0004110EBD37021FA04F642EB060132
:1005F0005EEA430E08BF20EAD37070BDC4F10C045C
:10060000C4F1200500FA04F320FA05F001FA04F21F
:1006100040EA020001F0004110EBD37041F100010B
:100620005EEA430E08BF20EAD37070BDC4F1200516
:1006300000FA05F24EEA020E20FA04F301FA05F27E
:1006400043EA020321FA04F001F0004121FA04F226
:1006500020EA020000EBD3705EEA430E08BF20EAF6
:10066000D37070BD94F0000F0FD101F00046400030
:1006700041EB010111F4801F08BF013CF7D041EAB2
:10068000060195F0000F18BF704703F000465200B6
:1006900043EB030313F4801F08BF013DF7D043EA87
:1006A0000603704794EA0C0F0CEA135518BF95EA3D
:1006B0000C0F0CD050EA410618BF52EA4306D1D1C4
:1006C00081EA030101F000414FF0000070BD50EAE3
:1006D000410606BF1046194652EA430619D094EA6D
:1006E0000C0F02D150EA013613D195EA0C0F05D157
:1006F00052EA03361CBF104619460AD181EA0301AB
:1007000001F0004141F0FE4141F470014FF0000062
:1007100070BD41F0FE4141F4780170BD70B54FF0FD
:10072000FF0C4CF4E06C1CEA11541DBF1CEA13557D
:1007300094EA0C0F95EA0C0F00F0A7F8A4EB05045F
:1007400081EA030E52EA03354FEA013100F0888056
:100750004FEA03334FF0805545EA131343EA12631F
:100760004FEA022245EA111545EA10654FEA0026D4
:100770000EF000419D4208BF964244F1FD0404F58D
:10078000407402D25B084FEA3202B61A65EB0305E9
:100790005B084FEA32024FF480104FF4002CB6EBA6
:1007A000020E75EB030E22BFB61A754640EA0C0026
:1007B0005B084FEA3202B6EB020E75EB030E22BF66
:1007C000B61A754640EA5C005B084FEA3202B6EBA7
:1007D000020E75EB030E22BFB61A754640EA9C0066
:1007E0005B084FEA3202B6EB020E75EB030E22BF36
:1007F000B61A754640EADC0055EA060E18D04FEAF4
:10080000051545EA16754FEA06164FEAC30343EA93
:1008100052734FEAC2025FEA1C1CC0D111F4801F60
:100820000BD141EA00014FF000004FF0004CB6E759
:1008300011F4801F04BF01430020B4F1FD0C88BFF8
:10084000BCF5E06F3FF6AFAEB5EB030C04BFB6EB03
:10085000020C5FEA500C50F1000041EB045170BDF6
:100860000EF0004E4EEA113114EB5C04C2BFD4EB23
:100870000C0541EA045170BD41F480114FF0000EA7
:10088000013C90E645EA060E8DE60CEA135594EA23
:100890000C0F08BF95EA0C0F3FF43BAF94EA0C0F26
:1008A0000AD150EA01347FF434AF95EA0C0F7FF49B
:1008B00025AF104619462CE795EA0C0F06D152EAEF
:1008C00003353FF4FDAE1046194622E750EA4106D3
:1008D00018BF52EA43067FF4C5AE50EA41047FF4E4
:1008E0000DAF52EA43057FF4EBAE12E74FEA410247
:1008F000B2F1E04324BFB3F5001CDCF1FE5C0DD97E
:1009000001F0004C4FEAC0024CEA5070B2F1004FC7
:1009100040EB830008BF20F00100704711F0804FCA
:1009200021D113F13872BCBF01F00040704741F48F
:1009300080114FEA5252C2F11802C2F1200C10FA93
:100940000CF320FA02F018BF40F001004FEAC12377
:100950004FEAD32303FA0CFC40EA0C0023FA02F31B
:100960004FEA4303CCE77FEA625307D150EA0133F1
:100970001EBF4FF0FE4040F44000704701F00040C1
:1009800040F0FE4040F40000704700BF80F000409F
:1009900002E000BF81F0004142001FBF5FEA410357
:1009A00092EA030F7FEA226C7FEA236C6AD04FEA57
:1009B0001262D2EB1363C1BFD2184140484041409C
:1009C000B8BF5B42192B88BF704710F0004F40F44E
:1009D000000020F07F4018BF404211F0004F41F46A
:1009E000000121F07F4118BF494292EA030F3FD036
:1009F000A2F1010241FA03FC10EB0C00C3F1200349
:100A000001FA03F100F0004302D5494260EB4000D7
:100A1000B0F5000F13D3B0F1807F06D340084FEA42
:100A2000310102F10102FE2A51D2B1F1004F40EB37
:100A3000C25008BF20F0010040EA0300704749009F
:100A400040EB0000013A28BFB0F5000FEDD2B0FA3C
:100A500080FCACF1080CB2EB0C0200FA0CF0AABF5F
:100A600000EBC25052421843BCBFD04018437047FD
:100A700092F0000F81F4000106BF80F40000013203
:100A8000013BB5E74FEA41037FEA226C18BF7FEADA
:100A9000236C21D092EA030F04D092F0000F08BF1C
:100AA0000846704790EA010F1CBF0020704712F003
:100AB0007F4F04D1400028BF40F00040704712F142
:100AC00000723CBF00F50000704700F0004343F0A7
:100AD000FE4040F4000070477FEA226216BF0846DD
:100AE0007FEA23630146420206BF5FEA412390EAA0
:100AF000010F40F4800070474FF0000304E000BF96
:100B000010F0004348BF40425FEA000C08BF704746
:100B100043F0964301464FF000001CE050EA01020A
:100B200008BF70474FF000030AE000BF50EA01021F
:100B300008BF704711F0004302D5404261EB41010C
:100B40005FEA010C02BF84460146002043F0B64331
:100B500008BFA3F18053A3F50003BCFA8CF2083A56
:100B6000A3EBC25310DB01FA02FC634400FA02FC5F
:100B7000C2F12002BCF1004F20FA02F243EB020066
:100B800008BF20F00100704702F1200201FA02FCC8
:100B9000C2F1200250EA4C0021FA02F243EB0200BB
:100BA00008BF20EADC7070474FF0FF0C1CEAD052FF
:100BB0001EBF1CEAD15392EA0C0F93EA0C0F6FD0C0
:100BC0001A4480EA010C400218BF5FEA41211ED09E
:100BD0004FF0006343EA501043EA5111A0FB01318A
:100BE0000CF00040B1F5000F3EBF490041EAD3715F
:100BF0005B0040EA010062F17F02FD2A1DD8B3F1DB
:100C0000004F40EBC25008BF20F00100704790F049
:100C1000000F0CF0004C08BF49024CEA502040EA9B
:100C200051207F3AC2BFD2F1FF0340EAC250704761
:100C300040F400004FF00003013A5DDC12F1190F9F
:100C4000DCBF00F000407047C2F10002410021FA11
:100C500002F1C2F1200200FA02FC5FEA310040F129
:100C6000000053EA4C0308BF20EADC70704792F0A2
:100C7000000F00F0004C02BF400010F4000F013ADA
:100C8000F9D040EA0C0093F0000F01F0004C02BFD5
:100C9000490011F4000F013BF9D041EA0C018FE744
:100CA0000CEAD15392EA0C0F18BF93EA0C0F0AD04A
:100CB00030F0004C18BF31F0004CD8D180EA010070
:100CC00000F00040704790F0000F17BF90F0004F09
:100CD000084691F0000F91F0004F14D092EA0C0FEB
:100CE00001D142020FD193EA0C0F03D14B0218BF7E
:100CF000084608D180EA010000F0004040F0FE40C4
:100D000040F40000704740F0FE4040F4400070475F
:100D10004FF0FF0C1CEAD0521EBF1CEAD15392EADE
:100D20000C0F93EA0C0F69D0A2EB030280EA010CCE
:100D300049024FEA402037D04FF0805343EA111167
:100D400043EA10130CF000408B4238BF5B0042F1C5
:100D50007D024FF4000C8B4224BF5B1A40EA0C006A
:100D6000B3EB510F24BFA3EB510340EA5C00B3EB9C
:100D7000910F24BFA3EB910340EA9C00B3EBD10F8A
:100D800024BFA3EBD10340EADC001B0118BF5FEADC
:100D90001C1CE0D1FD2A3FF650AF8B4240EBC25005
:100DA00008BF20F0010070470CF0004C4CEA5020C6
:100DB0007F32C2BFD2F1FF0340EAC250704740F415
:100DC00000004FF00003013A37E792F0000F00F007
:100DD000004C02BF400010F4000F013AF9D040EA85
:100DE0000C0093F0000F01F0004C02BF490011F419
:100DF000000F013BF9D041EA0C0195E70CEAD15311
:100E000092EA0C0F08D142027FF47DAF93EA0C0FF7
:100E10007FF470AF084676E793EA0C0F04D14B02DB
:100E20003FF44CAF08466EE730F0004C18BF31F08D
:100E3000004CCAD130F000427FF45CAF31F0004387
:100E40007FF43CAF5FE700BF034613F8012B002A95
:100E5000FBD1181A0138704780B400AF00BFBD46FF
:100E600080BC704780B584B000AF78607B68002B91
:100E700001D101232BE17B6893F83D30DBB2002BDD
:100E800006D17B68002283F83C20786805F0ACFE30
:100E90007B68242283F83D207B681B681A687B6886
:100EA0001B6822F001021A607B681B681A687B6865
:100EB0001B6842F400421A607B681B681A687B68F2
:100EC0001B6822F400421A6001F082FCF8607B6823
:100ED0005B68814A934207D8FB68804A934294BF7B
:100EE00001230023DBB206E0FB687D4A934294BFF6
:100EF00001230023DBB2002B01D00123E7E0FB68D4
:100F0000784AA2FB03239B0CBB607B681B685B6871
:100F100023F03F017B681B68BA680A435A607B680C
:100F20001B681B6A23F03F017B685B686A4A934237
:100F300002D8BB68013309E0BB684FF4967202FB2C
:100F400003F3694AA2FB03239B0901337A68126801
:100F50000B4313627B681B68DB6923F44F4222F06A
:100F6000FF027B685B685C498B4219D8FB68591E9D
:100F70007B685B685B00B1FBF3F3591C40F6FC73C4
:100F80000B40002B0AD0FB68591E7B685B685B0036
:100F9000B1FBF3F30133C3F30B0351E004234FE040
:100FA0007B689B68002B11D1FB68581E7B685968D1
:100FB0000B465B000B44B0FBF3F30133C3F30B03AD
:100FC000002B0CBF01230023DBB212E0FB68581E8C
:100FD0007B6859680B469B000B4499000B44B0FB9F
:100FE000F3F30133C3F30B03002B0CBF01230023E6
:100FF000DBB2002B01D0012322E07B689B68002B31
:101000000ED1FB68581E7B6859680B465B000B4489
:10101000B0FBF3F30133C3F30B0343F400430FE0DE
:10102000FB68581E7B6859680B469B000B4499006F
:101030000B44B0FBF3F30133C3F30B0343F440431E
:10104000796809681343CB617B681B681B6823F0D0
:10105000C0017B68DA697B681B6A1A437B681B687E
:101060000A431A607B681B689B6823F4034323F0E0
:10107000FF037A6811697A68D26811437A68126846
:101080000B4393607B681B68DB6823F0FF017B6880
:101090005A697B689B691A437B681B680A43DA605C
:1010A0007B681B681A687B681B6842F001021A6043
:1010B0007B6800221A647B68202283F83D207B68CD
:1010C00000221A637B68002283F83E200023184622
:1010D0001037BD4680BD00BFA08601007F841E0082
:1010E000FF083D0083DE1B43D34D621080B588B0FE
:1010F00002AFF860084611461A4603467B810B464C
:101100003B811346FB8000F06BFF7861FB6893F82E
:101110003D30DBB2202B40F0D9807B69009319234E
:1011200001226D49F86800F0CDFC0346002B01D088
:101130000223CCE0FB6893F83C30012B01D1022361
:10114000C5E0FB68012283F83C20FB681B681B6834
:1011500003F00103012B07D0FB681B681A68FB68CA
:101160001B6842F001021A60FB681B681A68FB6882
:101170001B6822F400621A60FB68212283F83D207C
:10118000FB68402283F83E20FB6800221A64FB685B
:101190003A6A5A62FB68BA8C5A85FB685B8D9AB2D0
:1011A000FB681A85FB684D4ADA62F8883A897989C2
:1011B0007B690193BB6A00930346F86800F004FB67
:1011C0000346002B52D0012381E07A69B96AF8689E
:1011D00000F092FD0346002B0DD0FB681B6C042B26
:1011E00007D1FB681B681A68FB681B6842F4007231
:1011F0001A6001236BE0FB685B6A1A78FB681B6866
:101200001A61FB685B6A5A1CFB685A62FB681B8D9B
:10121000013B9AB2FB681A85FB685B8D9BB2013B70
:101220009AB2FB685A85FB681B685B6903F004038C
:10123000042B1BD1FB681B8D002B17D0FB685B6A4E
:101240001A78FB681B681A61FB685B6A5A1CFB68AA
:101250005A62FB681B8D013B9AB2FB681A85FB68DA
:101260005B8D9BB2013B9AB2FB685A85FB681B8D74
:10127000002BAAD17A69B96AF86800F085FD0346A7
:10128000002B0DD0FB681B6C042B07D1FB681B687F
:101290001A68FB681B6842F400721A60012316E0AA
:1012A000FB681B681A68FB681B6842F400721A60CE
:1012B000FB68202283F83D20FB68002283F83E2053
:1012C000FB68002283F83C20002300E0022318463C
:1012D0001837BD4680BD00BF020010000000FFFFB0
:1012E00080B58CB002AFF860084611461A46034636
:1012F0007B810B463B811346FB8000233B6200F061
:101300006FFE7862FB6893F83D30DBB2202B40F033
:1013100050827B6A0093192301228249F86800F009
:10132000D1FB0346002B01D0022343E2FB6893F874
:101330003C30012B01D102233CE2FB68012283F8FF
:101340003C20FB681B681B6803F00103012B07D0DE
:10135000FB681B681A68FB681B6842F001021A6090
:10136000FB681B681A68FB681B6822F400621A603D
:10137000FB68222283F83D20FB68402283F83E2050
:10138000FB6800221A64FB683A6B5A62FB68BA8EEB
:101390005A85FB685B8D9AB2FB681A85FB68624AC6
:1013A000DA62F8883A8979897B6A0193BB6B00938A
:1013B0000346F86800F09EFA0346002B01D0012393
:1013C000F8E1FB681B8D002B13D10023FB61FB6848
:1013D0001B685B69FB61FB681B689B69FB61FB69C0
:1013E000FB681B681A68FB681B6842F400721A608D
:1013F000CCE1FB681B8D012B1ED1FB681B681A68B2
:10140000FB681B6822F480621A6072B600BF00237A
:10141000BB61FB681B685B69BB61FB681B689B6900
:10142000BB61BB69FB681B681A68FB681B6842F4F8
:1014300000721A6062B635E0FB681B8D022B1ED16C
:10144000FB681B681A68FB681B6842F400621A603C
:1014500072B600BF00237B61FB681B685B697B6120
:10146000FB681B689B697B617B69FB681B681A686A
:10147000FB681B6822F480621A6062B612E0FB68A7
:101480001B681A68FB681B6842F480621A600023BC
:101490003B61FB681B685B693B61FB681B689B6980
:1014A0003B613B6972E1FB681B8D032B00F21F81DE
:1014B000FB681B8D012B23D17A6AB96BF86800F0A9
:1014C000ABFC0346002B01D0012373E1FB681B68D2
:1014D0001A69FB685B6AD2B21A70FB685B6A5A1CB5
:1014E000FB685A62FB681B8D013B9AB2FB681A8548
:1014F000FB685B8D9BB2013B9AB2FB685A8545E164
:10150000FB681B8D022B52D17B6A0093BB6B0022C0
:101510000649F86800F0D6FA0346002B08D00123EC
:1015200048E100BF020010000000FFFF04000100BE
:1015300072B600BFFB681B681A68FB681B6842F440
:1015400000721A60FB681B681A69FB685B6AD2B29A
:101550001A70FB685B6A5A1CFB685A62FB681B8D39
:10156000013B9AB2FB681A85FB685B8D9BB2013B1D
:101570009AB2FB685A8562B600BFFB681B681A699D
:10158000FB685B6AD2B21A70FB685B6A5A1CFB6824
:101590005A62FB681B8D013B9AB2FB681A85FB6897
:1015A0005B8D9BB2013B9AB2FB685A85EEE07B6A89
:1015B0000093BB6B00228149F86800F083FA034670
:1015C000002B01D00123F5E0FB681B681A68FB685B
:1015D0001B6822F480621A6072B600BFFB681B6849
:1015E0001A69FB685B6AD2B21A70FB685B6A5A1CA4
:1015F000FB685A62FB681B8D013B9AB2FB681A8537
:10160000FB685B8D9BB2013B9AB2FB685A856C4BC1
:101610001B68DB086B4AA2FB03231A0A13469B00D4
:101620001344DA00D31A3B623B6A013B3B623B6ADC
:10163000002B18D1FB6800221A63FB68202283F874
:101640003D20FB68002283F83E20FB681B6C43F0C2
:101650002002FB681A6462B600BFFB68002283F8B0
:101660003C200123A6E0FB681B685B6903F00403D0
:10167000042BD9D1FB681B681A68FB681B6842F40D
:1016800000721A60FB681B681A69FB685B6AD2B259
:101690001A70FB685B6A5A1CFB685A62FB681B8DF8
:1016A000013B9AB2FB681A85FB685B8D9BB2013BDC
:1016B0009AB2FB685A8562B600BFFB681B681A695C
:1016C000FB685B6AD2B21A70FB685B6A5A1CFB68E3
:1016D0005A62FB681B8D013B9AB2FB681A85FB6856
:1016E0005B8D9BB2013B9AB2FB685A854EE07A6AE9
:1016F000B96BF86800F090FB0346002B01D0012382
:1017000058E0FB681B681A69FB685B6AD2B21A7002
:10171000FB685B6A5A1CFB685A62FB681B8D013BC5
:101720009AB2FB681A85FB685B8D9BB2013B9AB24B
:10173000FB685A85FB681B685B6903F00403042B94
:1017400024D1FB681B8D032B07D1FB681B681A682B
:10175000FB681B6822F480621A60FB681B681A69C8
:10176000FB685B6AD2B21A70FB685B6A5A1CFB6842
:101770005A62FB681B8D013B9AB2FB681A85FB68B5
:101780005B8D9BB2013B9AB2FB685A85FB681B8D4F
:10179000002B7FF488AEFB68202283F83D20FB6895
:1017A000002283F83E20FB68002283F83C200023BF
:1017B00000E0022318462837BD4680BD0400010022
:1017C0000000002089B5F81480B588B002AFF86039
:1017D000084611461A4603467B810B463B81134659
:1017E000FB80FB681B681A68FB681B6842F4807208
:1017F0001A607B6A00933B6A00224FF00111F8687F
:1018000000F060F90346002B0DD0FB681B681B68D5
:1018100003F48073B3F5807F03D1FB684FF400724B
:101820001A6403235FE07B89DBB21A46FB681B68FE
:1018300002F0FE021A617B6A3A6A2D49F86800F0EC
:10184000BBF90346002B01D001234CE000237B6150
:10185000FB681B685B697B61FB681B689B697B613C
:101860007B697A6A396AF86800F046FA0346002B09
:101870000DD0FB681B6C042B07D1FB681B681A6832
:10188000FB681B6842F400721A6001232BE0FB889E
:10189000012B05D13B89DAB2FB681B681A6121E094
:1018A0003B891B0A9BB2DAB2FB681B681A617A6A31
:1018B000396AF86800F020FA0346002B0DD0FB6867
:1018C0001B6C042B07D1FB681B681A68FB681B683C
:1018D00042F400721A60012305E03B89DAB2FB682A
:1018E0001B681A61002318461837BD4680BD00BF2B
:1018F0000200010080B588B002AFF86008461146CA
:101900001A4603467B810B463B811346FB80FB68EE
:101910001B681A68FB681B6842F480621A60FB68E7
:101920001B681A68FB681B6842F480721A607B6A45
:1019300000933B6A00224FF00111F86800F0C2F8F2
:101940000346002B0DD0FB681B681B6803F48073F3
:10195000B3F5807F03D1FB684FF400721A64032350
:10196000AAE07B89DBB21A46FB681B6802F0FE0224
:101970001A617B6A3A6A5249F86800F01DF9034619
:10198000002B01D0012397E000237B61FB681B68DB
:101990005B697B61FB681B689B697B617B697A6A19
:1019A000396AF86800F0A8F90346002B0DD0FB68EF
:1019B0001B6C042B07D1FB681B681A68FB681B684B
:1019C00042F400721A60012376E0FB88012B05D1F6
:1019D0003B89DAB2FB681B681A6121E03B891B0A6C
:1019E0009BB2DAB2FB681B681A617A6A396AF868D6
:1019F00000F082F90346002B0DD0FB681B6C042B12
:101A000007D1FB681B681A68FB681B6842F4007208
:101A10001A60012350E03B89DAB2FB681B681A6147
:101A20007A6A396AF86800F067F90346002B0DD02E
:101A3000FB681B6C042B07D1FB681B681A68FB68EA
:101A40001B6842F400721A60012335E0FB681B68D2
:101A50001A68FB681B6842F480721A607B6A009304
:101A60003B6A00224FF00111F86800F02BF80346A2
:101A7000002B0DD0FB681B681B6803F48073B3F563
:101A8000807F03D1FB684FF400721A64032313E0D4
:101A90007B89DBB243F00103DAB2FB681B681A6191
:101AA0007B6A3A6A0649F86800F086F80346002B1C
:101AB00001D0012300E0002318461837BD4680BD41
:101AC0000200010080B584B000AFF860B9603B60EF
:101AD0001346FB7148E03B68B3F1FF3F44D000F090
:101AE0007FFA0246BB69D31A3A689A4202D33B682E
:101AF000002B39D1BB681B0CDBB2012B0DD1FB686D
:101B00001B685B69DA43BB6813409BB2002B0CBFB8
:101B100001230023DBB21A460CE0FB681B689B69BB
:101B2000DA43BB6813409BB2002B0CBF0123002398
:101B3000DBB21A46FB799A4216D1FB6800221A637F
:101B4000FB68202283F83D20FB68002283F83E20BA
:101B5000FB681B6C43F02002FB681A64FB680022E0
:101B600083F83C20012323E0BB681B0CDBB2012B74
:101B70000DD1FB681B685B69DA43BB6813409BB2FD
:101B8000002B0CBF01230023DBB21A460CE0FB68DC
:101B90001B689B69DA43BB6813409BB2002B0CBFE8
:101BA00001230023DBB21A46FB799A4293D000232B
:101BB00018461037BD4680BD80B584B000AFF860D0
:101BC000B9607A603B6071E0FB681B685B6903F495
:101BD0008063B3F5806F23D1FB681B681A68FB68CC
:101BE0001B6842F400721A60FB681B686FF4806225
:101BF0005A61FB6800221A63FB68202283F83D20AB
:101C0000FB68002283F83E20FB681B6C43F0040253
:101C1000FB681A64FB68002283F83C20012367E01C
:101C20007B68B3F1FF3F41D000F0DAF902463B6830
:101C3000D31A7A689A4202D37B68002B36D1BB68EC
:101C40001B0CDBB2012B0CD1FB681B685B69DA4310
:101C5000BB6813409BB2002B14BF01230023DBB2EF
:101C60000BE0FB681B689B69DA43BB6813409BB2BF
:101C7000002B14BF01230023DBB2002B16D0FB681E
:101C800000221A63FB68202283F83D20FB680022B3
:101C900083F83E20FB681B6C43F02002FB681A644B
:101CA000FB68002283F83C20012321E0BB681B0C69
:101CB000DBB2012B0CD1FB681B685B69DA43BB68A4
:101CC00013409BB2002B14BF01230023DBB20BE0B7
:101CD000FB681B689B69DA43BB6813409BB2002B0F
:101CE00014BF01230023DBB2002B7FF46DAF002370
:101CF00018461037BD4680BD80B584B000AFF8608F
:101D0000B9607A6034E0F86800F0E3F80346002B2D
:101D100001D0012334E0BB68B3F1FF3F28D000F0CD
:101D20005FF902467B68D31ABA689A4202D3BB684D
:101D3000002B1DD1FB681B685B6903F08003802BBF
:101D400016D0FB6800221A63FB68202283F83D202E
:101D5000FB68002283F83E20FB681B6C43F02002E6
:101D6000FB681A64FB68002283F83C20012307E02B
:101D7000FB681B685B6903F08003802BC3D10023E1
:101D800018461037BD4680BD80B584B000AFF860FE
:101D9000B9607A6034E0F86800F09BF80346002BE5
:101DA00001D0012334E0BB68B3F1FF3F28D000F03D
:101DB00017F902467B68D31ABA689A4202D3BB6805
:101DC000002B1DD1FB681B685B6903F00403042B27
:101DD00016D0FB6800221A63FB68202283F83D209E
:101DE000FB68002283F83E20FB681B6C43F0200256
:101DF000FB681A64FB68002283F83C20012307E09B
:101E0000FB681B685B6903F00403042BC3D1002348
:101E100018461037BD4680BD80B584B000AFF8606D
:101E2000B9607A6049E0FB681B685B6903F01003E6
:101E3000102B19D1FB681B686FF010025A61FB6808
:101E400000221A63FB68202283F83D20FB680022F1
:101E500083F83E20FB681A6CFB681A64FB6800225A
:101E600083F83C20012330E000F0BAF802467B689A
:101E7000D31ABA689A4202D3BB68002B1DD1FB6803
:101E80001B685B6903F04003402B16D0FB680022FF
:101E90001A63FB68202283F83D20FB68002283F848
:101EA0003E20FB681B6C43F02002FB681A64FB6851
:101EB000002283F83C20012307E0FB681B685B6974
:101EC00003F04003402BAED1002318461037BD4627
:101ED00080BD80B483B000AF78607B681B685B69AD
:101EE00003F48063B3F5806F1BD17B681B686FF4CC
:101EF00080625A617B6800221A637B68202283F823
:101F00003D207B68002283F83E207B681B6C43F0F9
:101F100004027B681A647B68002283F83C2001235A
:101F200000E0002318460C37BD4680BC7047000017
:101F300080B500AF084B1B68074A43F010031360DD
:101F4000032001F0E9FA0F2000F008F805F0DEF8B0
:101F50000023184680BD00BF0020024080B582B03B
:101F600000AF7860124B1A68124B1B7819464FF479
:101F70007A73B3FBF1F3B2FBF3F3184601F00FFBF6
:101F80000346002B01D001230EE07B680F2B0AD8FB
:101F9000002279684FF0FF3001F0C9FA064A7B68E9
:101FA0001360002300E0012318460837BD4680BDBA
:101FB00000000020080000200400002080B400AFD2
:101FC000054B1B781A46054B1B681344034A1360E4
:101FD00000BFBD4680BC704708000020A000002064
:101FE00080B400AF024B1B681846BD4680BC7047EA
:101FF000A000002080B584B000AF7860FFF7F0FF4C
:10200000B8607B68FB60FB68B3F1FF3F05D00A4B0B
:102010001B781A46FB681344FB6000BFFFF7E0FF24
:102020000246BB68D31AFA689A42F7D800BF00BFCD
:102030001037BD4680BD00BF0800002080B586B0C7
:1020400000AF78607B68002B01D1012372E27B68CE
:102050001B6803F00103002B00F08780924B5B6844
:1020600003F00C03042B0CD08F4B5B6803F00C03C4
:10207000082B12D18C4B5B6803F48033B3F5803F9F
:102080000BD1894B1B6803F40033002B6CD07B68A9
:102090005B68002B68D101234CE27B685B68B3F579
:1020A000803F06D1804B1B687F4A43F48033136026
:1020B0002EE07B685B68002B0CD17B4B1B687A4A57
:1020C00023F480331360784B1B68774A23F4802312
:1020D00013601DE07B685B68B3F5A02F0CD1724BD9
:1020E0001B68714A43F4802313606F4B1B686E4A70
:1020F00043F4803313600BE06B4B1B686A4A23F494
:1021000080331360684B1B68674A23F48023136095
:102110007B685B68002B13D0FFF762FF386108E033
:10212000FFF75EFF02463B69D31A642B01D90323F4
:1021300000E25D4B1B6803F40033002BF0D014E089
:10214000FFF74EFF386108E0FFF74AFF02463B69A0
:10215000D31A642B01D90323ECE1534B1B6803F41E
:102160000033002BF0D100E000BF7B681B6803F058
:102170000203002B63D04C4B5B6803F00C03002B75
:102180000BD0494B5B6803F00C03082B1CD1464B6A
:102190005B6803F48033002B16D1434B1B6803F0BC
:1021A0000203002B05D07B681B69012B01D00123A2
:1021B000C0E13D4B1B6823F0F8027B685B69DB00E4
:1021C000394913430B603AE07B681B69002B20D030
:1021D000364B01221A60FFF703FF386108E0FFF772
:1021E000FFFE02463B69D31A022B01D90323A1E16A
:1021F0002D4B1B6803F00203002BF0D02A4B1B6809
:1022000023F0F8027B685B69DB00274913430B600E
:1022100015E0264B00221A60FFF7E2FE386108E065
:10222000FFF7DEFE02463B69D31A022B01D90323D6
:1022300080E11D4B1B6803F00203002BF0D17B688B
:102240001B6803F00803002B3AD07B689B69002BC6
:1022500019D0174B01221A60FFF7C2FE386108E05F
:10226000FFF7BEFE02463B69D31A022B01D90323B6
:1022700060E10D4B5B6A03F00203002BF0D00120FC
:1022800000F0CEFA1CE00A4B00221A60FFF7A8FE0D
:1022900038610FE0FFF7A4FE02463B69D31A022B18
:1022A00008D9032346E100BF00100240000042426B
:1022B00080044242924B5B6A03F00203002BE9D197
:1022C0007B681B6803F00403002B00F0A68000234A
:1022D000FB758B4BDB6903F08053002B0DD1884BD2
:1022E000DB69874A43F08053D361854BDB6903F098
:1022F0008053BB60BB680123FB75824B1B6803F4F2
:102300008073002B18D17F4B1B687E4A43F4807387
:102310001360FFF765FE386108E0FFF761FE0246D3
:102320003B69D31A642B01D9032303E1754B1B6866
:1023300003F48073002BF0D07B68DB68012B06D19F
:102340006F4B1B6A6E4A43F0010313622DE07B68FA
:10235000DB68002B0CD16A4B1B6A694A23F001032E
:102360001362674B1B6A664A23F0040313621CE086
:102370007B68DB68052B0CD1614B1B6A604A43F01C
:10238000040313625E4B1B6A5D4A43F00103136250
:102390000BE05B4B1B6A5A4A23F001031362584B54
:1023A0001B6A574A23F0040313627B68DB68002B27
:1023B00015D0FFF715FE38610AE0FFF711FE02465F
:1023C0003B69D31A41F28832934201D90323B1E029
:1023D0004B4B1B6A03F00203002BEED014E0FFF717
:1023E000FFFD38610AE0FFF7FBFD02463B69D31AA7
:1023F00041F28832934201D903239BE0404B1B6A90
:1024000003F00203002BEED1FB7D012B05D13C4BE9
:10241000DB693B4A23F08053D3617B68DB69002B87
:1024200000F08780364B5B6803F00C03082B61D00B
:102430007B68DB69022B46D1334B00221A60FFF721
:10244000CFFD386108E0FFF7CBFD02463B69D31AA8
:10245000022B01D903236DE0294B1B6803F00073A5
:10246000002BF0D17B681B6AB3F5803F08D1244B69
:102470005B6823F400327B689B68214913434B60FF
:102480001F4B5B6823F474127B68196A7B685B6A74
:102490000B431B4913434B601B4B01221A60FFF790
:1024A0009FFD386108E0FFF79BFD02463B69D31AA8
:1024B000022B01D903233DE0114B1B6803F000738D
:1024C000002BF0D035E0104B00221A60FFF788FD9A
:1024D000386108E0FFF784FD02463B69D31A022BFE
:1024E00001D9032326E0064B1B6803F00073002B81
:1024F000F0D11EE07B68DB69012B07D1012319E0D5
:102500000010024000700040600042420B4B5B68CC
:10251000FB60FB6803F480327B681B6A9A4206D139
:10252000FB6803F470127B685B6A9A4201D0012356
:1025300000E0002318461837BD4680BD0010024059
:1025400080B584B000AF786039607B68002B01D122
:102550000123D0E06A4B1B6803F007033A689A42F4
:1025600010D9674B1B6823F0070265493B6813438A
:102570000B60634B1B6803F007033A689A4201D073
:102580000123B8E07B681B6803F00203002B20D016
:102590007B681B6803F00403002B05D0594B5B6874
:1025A000584A43F4E06353607B681B6803F00803F8
:1025B000002B05D0534B5B68524A43F46053536081
:1025C000504B5B6823F0F0027B689B684D491343D6
:1025D0004B607B681B6803F00103002B40D07B68D5
:1025E0005B68012B07D1474B1B6803F40033002BBA
:1025F00015D101237FE07B685B68022B07D1414B3B
:102600001B6803F00073002B09D1012373E03D4BDD
:102610001B6803F00203002B01D101236BE0394B4F
:102620005B6823F003027B685B68364913434B60A9
:10263000FFF7D6FCF8600AE0FFF7D2FC0246FB6821
:10264000D31A41F28832934201D9032353E02D4B30
:102650005B6803F00C027B685B689B009A42EBD1DD
:10266000274B1B6803F007033A689A4210D2244BA9
:102670001B6823F0070222493B6813430B60204B81
:102680001B6803F007033A689A4201D0012332E045
:102690007B681B6803F00403002B08D0194B5B68B0
:1026A00023F4E0627B68DB68164913434B607B6868
:1026B0001B6803F00803002B09D0124B5B6823F45E
:1026C00060527B681B69DB000E4913434B6000F0CE
:1026D00021F802460B4B5B681B0903F00F030A4904
:1026E000CB5C22FA03F3094A1360094B1B681846B6
:1026F000FFF734FC002318461037BD4680BD00BFED
:1027000000200240001002404CA4000800000020FD
:102710000400002080B487B000AF0023FB600023DA
:10272000BB6000237B6100237B6000233B611E4B69
:102730005B68FB60FB6803F00C03042B02D0082BE2
:1027400003D027E0194B3B6127E0FB689B0C03F0AB
:102750000F03174AD35C7B60FB6803F48033002BC4
:1027600010D0114B5B685B0C03F00103114AD35C82
:10277000BB607B680D4A03FB02F2BB68B2FBF3F35C
:102780007B6104E07B680C4A02FB03F37B617B699D
:102790003B6102E0054B3B6100BF3B6918461C37BB
:1027A000BD4680BC704700BF0010024000127A0096
:1027B00064A4000874A4000800093D0080B400AFC0
:1027C000024B1B681846BD4680BC704700000020C5
:1027D00080B500AFFFF7F2FF0246054B5B681B0AAE
:1027E00003F007030349CB5C22FA03F3184680BDCC
:1027F000001002405CA4000880B500AFFFF7DEFFC8
:102800000246054B5B68DB0A03F007030349CB5C18
:1028100022FA03F3184680BD001002405CA40008B1
:1028200080B485B000AF78600A4B1B680A4AA2FBEF
:1028300003235B0A7A6802FB03F3FB6000BFFB68BB
:102840005A1EFA60002BF9D100BF00BF1437BD46F5
:1028500080BC704700000020D34D621080B48BB064
:1028600000AF7860396000237B6200233B6269E13E
:1028700001227B6A02FA03F3FB613B681B68FA6979
:102880001340BB61BA69FB699A4240F058813B68CA
:102890005B689A4A93425ED0984A934275D8984AA8
:1028A000934258D0964A93426FD8964A934252D058
:1028B000944A934269D8944A93424CD0924A9342A4
:1028C00063D8924A934246D0904A93425DD8122BE5
:1028D0002AD8122B59D801A252F823F05729000800
:1028E0003129000843290008852900088B290008A0
:1028F0008B2900088B2900088B2900088B290008E8
:102900008B2900088B2900088B2900088B290008D7
:102910008B2900088B2900088B2900088B290008C7
:10292000392900084D290008794A934213D02CE038
:102930003B68DB683B6229E03B68DB6804333B6251
:1029400024E03B68DB6808333B621FE03B68DB68E0
:102950000C333B621AE03B689B68002B02D10423D6
:102960003B6213E03B689B68012B05D108233B6267
:102970007B68FA691A6109E008233B627B68FA699F
:102980005A6103E000233B6200E000BFBB69FF2BFC
:1029900001D87B6801E07B6804337B61BB69FF2B56
:1029A00002D87B6A9B0002E07B6A083B9B003B618C
:1029B0007B691A680F213B6901FA03F3DB431A4074
:1029C000396A3B6901FA03F31A437B691A603B6871
:1029D0005B6803F08053002B00F0B1804D4B9B6986
:1029E0004C4A43F0010393614A4B9B6903F0010396
:1029F000BB60BB68484A7B6A9B08023352F82330AD
:102A0000FB607B6A03F003039B000F2202FA03F3CF
:102A1000DB43FA681340FB607B68404A934213D063
:102A20007B683F4A93420DD07B683E4A934207D071
:102A30007B683D4A934201D1032306E0042304E06E
:102A4000022302E0012300E000237A6A02F003027D
:102A500092009340FA681343FB602F497B6A9B08FE
:102A60000233FA6841F823203B685B6803F4801363
:102A7000002B06D02D4B9A682C49BB6913438B6001
:102A800006E02A4B9A68BB69DB43284913408B60F8
:102A90003B685B6803F40013002B06D0234BDA6815
:102AA0002249BB691343CB6006E0204BDA68BB695F
:102AB000DB431E491340CB603B685B6803F4003383
:102AC000002B06D0194B5A681849BB6913434B6059
:102AD00006E0164B5A68BB69DB43144913404B6050
:102AE0003B685B6803F48033002B21D00F4B1A68DE
:102AF0000E49BB6913430B6021E000BF0000321098
:102B000000003110000022100000211000001210FF
:102B100000001110001002400000014000080140B8
:102B2000000C01400010014000140140000401406D
:102B30000B4B1A68BB69DB43094913400B607B6A86
:102B400001337B623B681A687B6A22FA03F3002B2D
:102B50007FF48EAE00BF00BF2C37BD4680BC7047EF
:102B60000004014080B489B000AF78603960002370
:102B7000FB619AE00122FB6902FA03F33A68134011
:102B8000BB61BB69002B00F08D804E4AFB699B083E
:102B9000023352F823307B61FB6903F003039B008F
:102BA0000F2202FA03F37A6913407B617B68464A7D
:102BB000934213D07B68454A93420DD07B68444AC8
:102BC000934207D07B68434A934201D1032306E036
:102BD000042304E0022302E0012300E00023FA6959
:102BE00002F00302920093407A699A4232D13A4B42
:102BF0001A68BB69DB43384913400B60364B5A688F
:102C0000BB69DB43344913404B60334BDA68BB6923
:102C1000DB4331491340CB602F4B9A68BB69DB43E0
:102C20002D4913408B60FB6903F003039B000F22C7
:102C300002FA03F37B61234AFB699B08023352F8D3
:102C400023107B69DA431F48FB699B080A40023363
:102C500040F82320BB69FF2B01D87B6801E07B682B
:102C600004333B61BB69FF2B02D8FB699B0002E088
:102C7000FB69083B9B00FB603B691A680F21FB68FE
:102C800001FA03F3DB431A400421FB6801FA03F362
:102C90001A433B691A607B68DA68BB69DB431A40F8
:102CA0007B68DA60FB690133FB613A68FB6922FAF1
:102CB00003F3002B7FF45EAF00BF00BF2437BD4697
:102CC00080BC70470000014000080140000C01403A
:102CD00000100140001401400004014080B483B0A2
:102CE00000AF78600B467B8013467B707B78002BAF
:102CF00003D07A887B681A6103E07B881A047B68BA
:102D00001A6100BF0C37BD4680BC704780B582B0E9
:102D100000AF0346FB80084B5A69FB881340002B29
:102D200006D0054AFB885361FB88184604F0A3F9D6
:102D300000BF0837BD4680BD0004014080B485B0A7
:102D400000AF78600023FB607B68002B01D101237A
:102D500043E07B681B681A46224B1344224AA2FBBD
:102D600003231B099A007B681A647B681F4ADA6395
:102D70007B68022283F821207B681B681B68FB604C
:102D8000FB6823F47F5323F03003FB607B685A68B1
:102D90007B689B681A437B68DB681A437B681B6906
:102DA0001A437B685B691A437B689B691A437B689B
:102DB000DB691343FA681343FB607B681B68FA689E
:102DC0001A607B6800229A637B68012283F82120C5
:102DD0007B68002283F82020002318461437BD4664
:102DE00080BC7047F8FFFDBFCDCCCCCC00000240CA
:102DF00080B483B000AF78607B68002B01D10123E1
:102E000046E07B681B681A687B681B6822F0010239
:102E10001A607B681B6800221A607B681B680022AE
:102E20005A607B681B6800229A607B681B680022DE
:102E3000DA607B681B681A46184B1344184AA2FBD9
:102E400003231B099A007B681A647B68154ADA63BE
:102E50007B681A6C7B68DB6B012101FA02F25A6015
:102E60007B6800229A627B680022DA627B6800221B
:102E70001A637B6800225A637B6800229A637B682E
:102E8000002283F821207B68002283F82020002381
:102E900018460C37BD4680BC704700BFF8FFFDBF29
:102EA000CDCCCCCC0000024080B586B000AFF8603D
:102EB000B9607A603B600023FB75FB6893F82030B3
:102EC000012B01D102234BE0FB68012283F8202073
:102ED000FB6893F82130DBB2012B3AD1FB68022268
:102EE00083F82120FB6800229A63FB681B681A683C
:102EF000FB681B6822F001021A603B687A68B968B7
:102F0000F86800F0EBF9FB68DB6A002B08D0FB687F
:102F10001B681A68FB681B6842F00E021A600FE01B
:102F2000FB681B681A68FB681B6822F004021A60C1
:102F3000FB681B681A68FB681B6842F00A021A608B
:102F4000FB681B681A68FB681B6842F001021A6084
:102F500005E0FB68002283F820200223FB75FB7D3F
:102F600018461837BD4680BD80B485B000AF786084
:102F70000023FB737B6893F82130DBB2022B08D06F
:102F80007B6804229A637B68002283F82020012357
:102F900020E07B681B681A687B681B6822F00E02C1
:102FA0001A607B681B681A687B681B6822F0010244
:102FB0001A607B681A6C7B68DB6B012101FA02F2F4
:102FC0005A607B68012283F821207B68002283F805
:102FD0002020FB7B18461437BD4680BC704700009C
:102FE00080B584B000AF78600023FB737B6893F8F2
:102FF0002130DBB2022B05D07B6804229A630123C7
:10300000FB7351E07B681B681A687B681B6822F0C1
:103010000E021A607B681B681A687B681B6822F0C6
:1030200001021A607B681B68224A934229D07B68A0
:103030001B68214A934222D07B681B681F4A934237
:103040001AD07B681B681E4A934212D07B681B68AB
:103050001C4A93420AD07B681B681B4A934202D1E8
:103060004FF480130EE04FF080730BE04FF4803389
:1030700008E04FF4805305E04FF4807302E0102322
:1030800000E00123114A53607B68012283F821206C
:103090007B68002283F820207B685B6B002B03D0C9
:1030A0007B685B6B78689847FB7B18461037BD469A
:1030B00080BD00BF080002401C00024030000240FA
:1030C00044000240580002406C00024000000240F0
:1030D00080B584B000AF78607B68DB6B1B68FB60F9
:1030E0007B681B681B68BB607B681B6C04229A4072
:1030F000FB681340002B4FD0BB6803F00403002B88
:103100004AD07B681B681B6803F02003002B07D1A3
:103110007B681B681A687B681B6822F004021A60CF
:103120007B681B68664A934229D07B681B68654AA6
:10313000934222D07B681B68634A93421AD07B6813
:103140001B68624A934212D07B681B68604A9342B4
:103150000AD07B681B685F4A934202D14FF4800318
:103160000EE04FF080630BE04FF4802308E04FF453
:10317000804305E04FF4806302E0402300E0042335
:10318000554A53607B68DB6A002B00F094807B68B3
:10319000DB6A786898478EE07B681B6C02229A4055
:1031A000FB681340002B56D0BB6803F00203002BD2
:1031B00051D07B681B681B6803F02003002B0BD1E8
:1031C0007B681B681A687B681B6822F00A021A6019
:1031D0007B68012283F821207B681B68384A934270
:1031E00029D07B681B68374A934222D07B681B68D2
:1031F000354A93421AD07B681B68344A934212D0F6
:103200007B681B68324A93420AD07B681B68314A4C
:10321000934202D14FF400130EE04FF000730BE025
:103220004FF4003308E04FF4005305E04FF400730F
:1032300002E0202300E00223274A53607B6800223B
:1032400083F820207B689B6A002B34D07B689B6AC4
:10325000786898472FE07B681B6C08229A40FB68CF
:103260001340002B28D0BB6803F00803002B23D0A9
:103270007B681B681A687B681B6822F00E021A6064
:103280007B681A6C7B68DB6B012101FA02F25A60E1
:103290007B6801229A637B68012283F821207B6886
:1032A000002283F820207B681B6B002B04D07B68F6
:1032B0001B6B7868984700BF00BF1037BD4680BDC4
:1032C000080002401C00024030000240440002405E
:1032D000580002406C0002400000024080B485B0FB
:1032E00000AFF860B9607A603B60FB681A6CFB68FD
:1032F000DB6B012101FA02F25A60FB681B683A6835
:103300005A60FB685B68102B08D1FB681B687A6801
:103310009A60FB681B68BA68DA6007E0FB681B68A4
:10332000BA689A60FB681B687A68DA6000BF143775
:10333000BD4680BC7047000080B485B000AF7860A7
:103340007B6803F00703FB600C4BDB68BB60BA686B
:103350004FF6FF031340BB60FB681A02BB681343C0
:1033600043F0BF6343F40033BB60044ABB68D360DF
:1033700000BF1437BD4680BC704700BF00ED00E0C1
:1033800080B400AF044BDB681B0A03F00703184648
:10339000BD4680BC704700BF00ED00E080B483B044
:1033A00000AF0346FB7197F90730002B0BDBFB796D
:1033B00003F01F02064997F907305B09012000FA64
:1033C00002F241F8232000BF0C37BD4680BC704795
:1033D00000E100E080B483B000AF0346FB7197F9D1
:1033E0000730002B12DBFB7903F01F020A4997F923
:1033F00007305B09012000FA02F2203341F8232054
:10340000BFF34F8F00BFBFF36F8F00BF00BF0C37FC
:10341000BD4680BC704700BF00E100E080B483B0CF
:1034200000AF03463960FB7197F90730002B0ADBC8
:103430003B68DAB20C4997F907301201D2B20B445B
:1034400083F800230AE03B68DAB20849FB7903F00D
:103450000F03043B1201D2B20B441A7600BF0C37A3
:10346000BD4680BC704700BF00E100E000ED00E019
:1034700080B489B000AFF860B9607A60FB6803F08F
:103480000703FB61FB69C3F10703042B28BF042377
:10349000BB61FB690433062B02D9FB69033B00E0E7
:1034A00000237B614FF0FF32BB6902FA03F3DA437A
:1034B000BB681A407B699A404FF0FF317B6901FA83
:1034C00003F3D9437B680B40134318462437BD46AA
:1034D00080BC704780B582B000AF78607B68013BEC
:1034E000B3F1807F01D301230FE00A4A7B68013BDF
:1034F00053600F214FF0FF30FFF790FF054B002284
:103500009A60044B07221A60002318460837BD460C
:1035100080BD00BF10E000E080B582B000AF7860F1
:103520007868FFF709FF00BF0837BD4680BD80B54A
:1035300086B000AF0346B9607A60FB7300237B61FD
:10354000FFF71EFF78617A68B9687869FFF790FF26
:10355000024697F90F3011461846FFF75FFF00BF8C
:103560001837BD4680BD80B582B000AF0346FB7101
:1035700097F907301846FFF711FF00BF0837BD461F
:1035800080BD80B582B000AF0346FB7197F907306C
:103590001846FFF71FFF00BF0837BD4680BD80B546
:1035A00082B000AF78607868FFF794FF0346184652
:1035B0000837BD4680BD80B582B000AF78607B68BB
:1035C000002B01D1012376E07B685B6A002B08D1D8
:1035D0007B685B68B3F5827F09D07B680022DA6183
:1035E00005E07B6800221A617B6800225A617B68D3
:1035F00000229A627B6893F85130DBB2002B06D12F
:103600007B68002283F85020786803F063FB7B68B6
:10361000022283F851207B681B681A687B681B684C
:1036200022F040021A607B685B6803F482727B6858
:103630009B6803F404431A437B68DB6803F400636C
:103640001A437B681B6903F002031A437B685B69BA
:1036500003F001031A437B689B6903F400731A4368
:103660007B68DB6903F038031A437B681B6A03F04D
:10367000800342EA03017B689B6A03F400527B6883
:103680001B680A431A607B689B691A0C7B681B687D
:1036900002F004025A607B681B68DA697B681B6869
:1036A00022F40062DA617B6800225A657B6801229D
:1036B00083F85120002318460837BD4680BD80B5E9
:1036C0008AB000AFF860B9607A607B8001237B62CA
:1036D000FEF786FC3862FB6893F85130FB77FB6895
:1036E0005B68BB617B88FB82FB7F012B0CD0BB69D5
:1036F000B3F5827F06D1FB689B68002B02D1FB7F6C
:10370000042B01D002237FE1BB68002B05D07B682E
:10371000002B02D07B88002B01D1012374E1FB68D0
:1037200093F85030012B01D102236DE1FB68012297
:1037300083F85020FB6893F85130DBB2042B03D0A0
:10374000FB68052283F85120FB6800225A65FB685C
:103750007A689A63FB687A88DA87FB687A889A873E
:10376000FB68BA681A63FB687A88DA86FB687A882D
:103770009A86FB6800221A64FB6800225A64FB6880
:103780001B681B6803F04003402B07D0FB681B68D5
:103790001A68FB681B6842F040021A60FB68DB682D
:1037A000B3F5006F7ED1FB685B68002B02D0FB8A0B
:1037B000012B6CD1FB681B6B1A88FB681B68DA60F5
:1037C000FB681B6B9A1CFB681A63FB68DB8E9BB261
:1037D000013B9AB2FB68DA8659E0FB681B689B687C
:1037E00003F00203022B1BD1FB68DB8E9BB2002B84
:1037F00016D07B6A012B13D1FB681B6B1A88FB6800
:103800001B68DA60FB681B6B9A1CFB681A63FB6819
:10381000DB8E9BB2013B9AB2FB68DA8600237B62A7
:10382000FB681B689B6803F00103012B19D1FB683F
:10383000DB8F9BB2002B14D0FB681B68DA68FB6837
:103840009B6B92B21A80FB689B6B9A1CFB689A6315
:10385000FB68DB8F9BB2013B9AB2FB68DA870123DE
:103860007B62FEF7BDFB02463B6AD31A3A6B9A4273
:103870000DD83B6BB3F1FF3F09D0FB68012283F801
:103880005120FB68002283F850200323BCE0FB6832
:10389000DB8E9BB2002BA0D1FB68DB8F9BB2002B91
:1038A0009BD182E0FB685B68002B02D0FB8A012B76
:1038B00071D1FB681A6BFB681B680C3312781A70A5
:1038C000FB681B6B5A1CFB681A63FB68DB8E9BB2A0
:1038D000013B9AB2FB68DA865DE0FB681B689B6877
:1038E00003F00203022B1CD1FB68DB8E9BB2002B82
:1038F00017D07B6A012B14D1FB681A6BFB681B681D
:103900000C3312781A70FB681B6B5A1CFB681A6325
:10391000FB68DB8E9BB2013B9AB2FB68DA86002320
:103920007B62FB681B689B6803F00103012B19D1C4
:10393000FB68DB8F9BB2002B14D0FB681B68DA6836
:10394000FB689B6BD2B21A70FB689B6B5A1CFB68BE
:103950009A63FB68DB8F9BB2013B9AB2FB68DA8704
:1039600001237B62FEF73CFB02463B6AD31A3A6BAB
:103970009A4203D83B6BB3F1FF3F02D13B6B002B64
:1039800009D1FB68012283F85120FB68002283F8EB
:103990005020032338E0FB68DB8E9BB2002B9CD1C8
:1039A000FB68DB8F9BB2002B97D13A6A396BF868C2
:1039B00000F09AF90346002B08D0FB6820225A65D4
:1039C000FB68002283F8502001231DE0FB689B6800
:1039D000002B0AD100233B61FB681B68DB683B615D
:1039E000FB681B689B683B613B69FB68012283F8AD
:1039F0005120FB68002283F85020FB685B6D002B90
:103A000001D0012300E0002318462837BD4680BDC1
:103A100080B586B000AF78600023FB756A4B1B68E9
:103A20006A4AA2FB03235B0A642202FB03F3FB60E6
:103A3000FB683B617B681B685A687B681B6822F0E7
:103A400020025A607B681B685B6803F08003002BD0
:103A500017D07B685E4A5A643B69002B06D17B68AD
:103A60005B6D43F040027B685A6508E03B69013BAF
:103A70003B617B6893F85130DBB2072BECD1FB68DC
:103A80003B617B681B685B6803F04003002B17D029
:103A90007B68504A1A643B69002B06D17B685B6DDA
:103AA00043F040027B685A6508E03B69013B3B619B
:103AB0007B6893F85130DBB2072BECD1FB683B619C
:103AC0007B681B685B6803F00203002B2ED07B68C9
:103AD0009B6C002B2AD07B689B6C00225A637B680E
:103AE0009B6C1846FFF740FA0346002B02D07B6818
:103AF00040225A657B681B685A687B681B6822F005
:103B000002025A603B69002B06D17B685B6D43F073
:103B100040027B685A6509E03B69013B3B617B6879
:103B20001B689B6803F00203002BEBD07B681B68CB
:103B30005B6803F00103002B22D07B68DB6C002B59
:103B40001ED07B68DB6C00225A637B68DB6C1846F6
:103B5000FFF70AFA0346002B02D07B6840225A6521
:103B60007B681B681A687B681B6822F040021A6039
:103B70007B681B685A687B681B6822F001025A60E8
:103B80007B680022DA877B680022DA867B685B6DBF
:103B9000402B02D10123FB7502E07B6800225A65AD
:103BA0000023BB607B681B68DB68BB607B681B68AD
:103BB0009B68BB60BB687B68012283F85120FB7D5A
:103BC00018461837BD4680BD00000020F119760563
:103BD000D93D00084D3D000880B588B000AFF860C1
:103BE000B9603B601346FB71FEF7FAF90246BB6A07
:103BF0009B1A3A681344FB61FEF7F2F9B861394B3E
:103C00001B685B011B0DFA6902FB03F37B6154E047
:103C10003B68B3F1FF3F50D0FEF7E2F90246BB69C3
:103C2000D31AFA699A4202D9FB69002B3DD1FB688D
:103C30001B685A68FB681B6822F0E0025A60FB6848
:103C40005B68B3F5827F11D1FB689B68B3F5004FC9
:103C500004D0FB689B68B3F5806F07D1FB681B68D5
:103C60001A68FB681B6822F040021A60FB689B6AB6
:103C7000B3F5005F0FD1FB681B681A68FB681B680F
:103C800022F400521A60FB681B681A68FB681B6804
:103C900042F400521A60FB68012283F85120FB684D
:103CA000002283F85020032317E07B69002B01D109
:103CB0000023FB617B69013B7B61FB681B689A68A1
:103CC000BB681340BA689A420CBF01230023DBB2E1
:103CD0001A46FB799A429BD1002318462037BD46ED
:103CE00080BD00BF0000002080B586B002AFF86044
:103CF000B9607A607B680093BB6801220221F86892
:103D0000FFF76AFF0346002B07D0FB685B6D43F0AB
:103D10002002FB685A65032313E07B680093BB68AD
:103D200000228021F868FFF757FF0346002B07D0D9
:103D3000FB685B6D43F02002FB685A65032300E0DB
:103D4000002318461037BD4680BD000080B485B002
:103D500000AF78600023FB601D4B1B681D4AA2FB6F
:103D600003235B0A642202FB03F3BB60BB68002BE6
:103D700006D17B685B6D43F040027B685A6509E0C1
:103D8000BB68013BBB607B681B689B6803F0020358
:103D9000002BEBD07B681B681A687B681B6822F0DD
:103DA00040021A607B681B685A687B681B6822F0B7
:103DB000E0025A607B681B68DB68FB60FB687B681D
:103DC000072283F8512000BF1437BD4680BC7047DE
:103DD00000000020F119760580B483B000AF786050
:103DE0007B681B685A687B681B6822F080025A60F7
:103DF0007B681B681A687B681B6822F040021A60A7
:103E00007B68072283F8512000BF0C37BD4680BC79
:103E1000704780B582B000AF78607B68002B01D11D
:103E2000012341E07B6893F83D30DBB2002B06D1E3
:103E30007B68002283F83C20786802F0E1FF7B6811
:103E4000022283F83D207B681A687B680433194698
:103E5000104600F089FA7B68012283F846207B68CF
:103E6000012283F83E207B68012283F83F207B6893
:103E7000012283F840207B68012283F841207B687F
:103E8000012283F842207B68012283F843207B686B
:103E9000012283F844207B68012283F845207B6857
:103EA000012283F83D20002318460837BD4680BD17
:103EB00080B485B000AF78607B6893F83D30DBB2AA
:103EC000012B01D001233AE07B68022283F83D20D8
:103ED0007B681B68DA687B681B6842F00102DA6065
:103EE0007B681B68184A93420ED07B681B68B3F14D
:103EF000804F09D07B681B68144A934204D07B68CA
:103F00001B68134A934211D17B681B689B6803F0BE
:103F10000703FB60FB68062B10D07B681B681A68E0
:103F20007B681B6842F001021A6007E07B681B682F
:103F30001A687B681B6842F001021A600023184669
:103F40001437BD4680BC7047002C0140000400407F
:103F50000008004080B483B000AF78607B681B68C5
:103F6000DA687B681B6822F00102DA607B681B68F4
:103F70001A6A41F211131340002B0FD17B681B68A2
:103F80001A6A40F244431340002B07D17B681B6838
:103F90001A687B681B6822F001021A607B680122A4
:103FA00083F83D20002318460C37BD4680BC70477F
:103FB00080B584B000AF78607B681B68DB68FB600D
:103FC0007B681B681B69BB60BB6803F00203002BA6
:103FD00020D0FB6803F00203002B1BD07B681B681A
:103FE0006FF002021A617B6801221A777B681B68F6
:103FF0009B6903F00303002B03D0786800F098F965
:1040000005E0786800F08BF9786800F09AF97B6831
:1040100000221A77BB6803F00403002B20D0FB6852
:1040200003F00403002B1BD07B681B686FF00402B5
:104030001A617B6802221A777B681B689B6903F40C
:104040004073002B03D0786800F072F905E07868BF
:1040500000F065F9786800F074F97B6800221A773F
:10406000BB6803F00803002B20D0FB6803F00803B3
:10407000002B1BD07B681B686FF008021A617B68FD
:1040800004221A777B681B68DB6903F00303002BAB
:1040900003D0786800F04CF905E0786800F03FF94B
:1040A000786800F04EF97B6800221A77BB6803F04D
:1040B0001003002B20D0FB6803F01003002B1BD053
:1040C0007B681B686FF010021A617B6808221A7700
:1040D0007B681B68DB6903F44073002B03D07868AE
:1040E00000F026F905E0786800F019F9786800F02A
:1040F00028F97B6800221A77BB6803F00103002BC4
:104100000CD0FB6803F00103002B07D07B681B6811
:104110006FF001021A61786802F04AFABB6803F096
:104120008003002B0CD0FB6803F08003002B07D02A
:104130007B681B686FF080021A61786800F07FFA74
:10414000BB6803F04003002B0CD0FB6803F0400376
:10415000002B07D07B681B686FF040021A617868FB
:1041600000F0F8F8BB6803F02003002B0CD0FB68CC
:1041700003F02003002B07D07B681B686FF0200240
:104180001A61786800F052FA00BF1037BD4680BD52
:1041900080B584B000AF786039600023FB737B6822
:1041A00093F83C30012B01D10223B4E07B6801225B
:1041B00083F83C207B68022283F83D207B681B68E3
:1041C0009B68BB60BB6823F07703BB60BB6823F4CC
:1041D0007F43BB607B681B68BA689A603B681B685A
:1041E000B3F5005F3ED0B3F5005F00F28780B3F512
:1041F000805F00F08680B3F5805F7FD8702B1AD087
:10420000702B7BD8602B50D0602B77D8502B3CD0B4
:10421000502B73D8402B58D0402B6FD8302B64D004
:10422000302B6BD8202B60D0202B67D8002B5CD094
:10423000102B5AD062E07B6818683B6899683B682D
:104240005A683B68DB6800F074F97B681B689B6800
:10425000BB60BB6843F07703BB607B681B68BA68D0
:104260009A604FE07B6818683B6899683B685A68B9
:104270003B68DB6800F05DF97B681B689A687B68C7
:104280001B6842F480429A603CE07B6818683B6897
:1042900059683B68DB681A4600F0D4F87B681B68F5
:1042A0005021184600F02BF92CE07B6818683B6819
:1042B00059683B68DB681A4600F0F2F87B681B68B7
:1042C0006021184600F01BF91CE07B6818683B6809
:1042D00059683B68DB681A4600F0B4F87B681B68D5
:1042E0004021184600F00BF90CE07B681A683B6827
:1042F0001B681946104600F002F903E00123FB7326
:1043000000E000BF7B68012283F83D207B6800222B
:1043100083F83C20FB7B18461037BD4680BD80B437
:1043200083B000AF786000BF0C37BD4680BC7047DB
:1043300080B483B000AF786000BF0C37BD4680BC4E
:10434000704780B483B000AF786000BF0C37BD46C3
:1043500080BC704780B483B000AF786000BF0C377A
:10436000BD4680BC7047000080B485B000AF786067
:1043700039607B681B68FB607B682F4A93420BD0D7
:104380007B68B3F1804F07D07B682C4A934203D0FF
:104390007B682B4A934208D1FB6823F07003FB60D3
:1043A0003B685B68FA681343FB607B68224A934270
:1043B0000BD07B68B3F1804F07D07B681F4A9342D4
:1043C00003D07B681E4A934208D1FB6823F44073F4
:1043D000FB603B68DB68FA681343FB60FB6823F013
:1043E00080023B685B691343FB607B68FA681A6074
:1043F0003B689A687B68DA623B681A687B689A62F5
:104400007B680D4A934203D13B681A697B681A6343
:104410007B6801225A617B681B6903F00103002B52
:1044200005D07B681B6923F001027B681A6100BF1D
:104430001437BD4680BC7047002C0140000400408A
:104440000008004080B487B000AFF860B9607A60BF
:10445000FB681B6A7B61FB681B6A23F00102FB6837
:104460001A62FB689B693B613B6923F0F0033B6187
:104470007B681B013A6913433B617B6923F00A03A4
:104480007B617A69BB6813437B61FB683A699A6117
:10449000FB687A691A6200BF1C37BD4680BC704752
:1044A00080B487B000AFF860B9607A60FB681B6ABF
:1044B0007B61FB681B6A23F01002FB681A62FB68D1
:1044C0009B693B613B6923F470433B617B681B0341
:1044D0003A6913433B617B6923F0A0037B61BB68AE
:1044E0001B017A6913437B61FB683A699A61FB6837
:1044F0007A691A6200BF1C37BD4680BC704780B421
:1045000085B000AF786039607B689B68FB60FB68B2
:1045100023F07003FB603A68FB68134343F0070322
:10452000FB607B68FA689A6000BF1437BD4680BCA8
:10453000704780B487B000AFF860B9607A603B60C4
:10454000FB689B687B617B6923F47F437B613B68ED
:104550001A027B681A43BB6813437A6913437B6171
:10456000FB687A699A6000BF1C37BD4680BC704703
:1045700080B485B000AF786039607B6893F83C30D8
:10458000012B01D1022346E07B68012283F83C2005
:104590007B68022283F83D207B681B685B68FB60B8
:1045A0007B681B689B68BB60FB6823F07003FB6043
:1045B0003B681B68FA681343FB607B681B68FA68FA
:1045C0005A607B681B68164A93420ED07B681B6852
:1045D000B3F1804F09D07B681B68124A934204D024
:1045E0007B681B68104A93420CD1BB6823F08003A0
:1045F000BB603B685B68BA681343BB607B681B6841
:10460000BA689A607B68012283F83D207B680022AB
:1046100083F83C20002318461437BD4680BC704701
:10462000002C0140000400400008004080B483B02A
:1046300000AF786000BF0C37BD4680BC704780B4C7
:1046400083B000AF786000BF0C37BD4680BC7047B8
:1046500080B582B000AF78607B68002B01D1012368
:1046600042E07B6893F84130DBB2002B06D17B68D7
:10467000002283F84020786802F052FC7B682422F4
:1046800083F841207B681B68DA687B681B6822F42A
:104690000052DA60786801F001F87B681B681A69DB
:1046A0007B681B6822F490421A617B681B685A6918
:1046B0007B681B6822F02A025A617B681B68DA68F3
:1046C0007B681B6842F40052DA607B6800225A64FF
:1046D0007B68202283F841207B68202283F84220D7
:1046E0007B6800225A63002318460837BD4680BD08
:1046F00080B582B000AF78607B68002B01D10123C8
:1047000024E07B68242283F841207B681B68DA68F8
:104710007B681B6822F40052DA60786802F07EFC45
:104720007B6800225A647B68002283F841207B6802
:10473000002283F842207B6800221A637B680022F3
:104740005A637B68002283F840200023184608370C
:10475000BD4680BD80B58AB002AFF860B9603B60ED
:104760001346FB8000237B61FB6893F84130DBB28A
:10477000202B75D1BB68002B02D0FB88002B01D108
:1047800001236EE0FB6800225A64FB68212283F853
:104790004120FDF725FC7861FB68FA889A84FB6864
:1047A000FA88DA84FB689B68B3F5805F08D1FB6800
:1047B0001B69002B04D10023FB61BB68BB6103E0D4
:1047C000BB68FB610023BB612EE03B6800937B6903
:1047D00000228021F86800F0ACFC0346002B05D0D5
:1047E000FB68202283F8412003233AE0FB69002B79
:1047F0000BD1BB691B881A46FB681B68C2F3080211
:104800005A60BB690233BB6107E0FB691A78FB6839
:104810001B685A60FB690133FB61FB68DB8C9BB250
:10482000013B9AB2FB68DA84FB68DB8C9BB2002BFD
:10483000CBD13B6800937B6900224021F86800F0EF
:1048400078FC0346002B05D0FB68202283F841202A
:10485000032306E0FB68202283F84120002300E0C8
:10486000022318462037BD4680BD80B584B000AF16
:10487000F860B9601346FB80FB6893F84230DBB206
:10488000202B12D1BB68002B02D0FB88002B01D15A
:1048900001230BE0FB6800221A63FB881A46B96803
:1048A000F86800F09FFC034600E00223184610372A
:1048B000BD4680BD80B590B000AF78600023FB633B
:1048C0007B681B685B6903F08003002B14BF012326
:1048D0000023DBB2FB637B6893F84130DBB2212B12
:1048E00028D1FB6B002B25D07B681B6814337B62BF
:1048F0007B6A53E8003F3B623B6A23F08003BB6363
:104900007B681B681433BA6B3A63FB62F96A3A6BD3
:1049100041E80023BB62BB6A002BE5D17B689B6B3F
:10492000002B04D07B689B6B1846FEF71DFB786854
:1049300000F0F2FC7B681B685B6903F04003002B0E
:1049400014BF01230023DBB2FB637B6893F8423082
:10495000DBB2222B28D1FB6B002B25D07B681B6898
:1049600014333B613B6953E8003FFB60FB6823F075
:1049700040037B637B681B6814337A6BFA61BB610D
:10498000B969FA6941E800237B617B69002BE5D1B5
:104990007B68DB6B002B04D07B68DB6B1846FEF773
:1049A000E3FA786800F0DFFC002318464037BD4684
:1049B00080BD000080B5BAB000AF78607B681B682E
:1049C0001B68C7F8E4307B681B68DB68C7F8E03019
:1049D0007B681B685B69C7F8DC300023C7F8D830F8
:1049E0000023C7F8D430D7F8E43003F00F03C7F83A
:1049F000D830D7F8D830002B0FD1D7F8E43003F0F7
:104A00002003002B09D0D7F8E03003F02003002B5F
:104A100003D0786800F084FD5BE2D7F8D830002B33
:104A200000F0DE80D7F8DC3003F00103002B06D164
:104A3000D7F8E03003F49073002B00F0D180D7F862
:104A4000E43003F00103002B0BD0D7F8E03003F47F
:104A50008073002B05D07B685B6C43F001027B68A0
:104A60005A64D7F8E43003F00403002B0BD0D7F8D6
:104A7000DC3003F00103002B05D07B685B6C43F056
:104A800002027B685A64D7F8E43003F00203002B7B
:104A90000BD0D7F8DC3003F00103002B05D07B6886
:104AA0005B6C43F004027B685A64D7F8E43003F08F
:104AB0000803002B11D0D7F8E03003F02003002BBF
:104AC00005D1D7F8DC3003F00103002B05D07B685B
:104AD0005B6C43F008027B685A647B685B6C002B5C
:104AE00000F0F281D7F8E43003F02003002B08D067
:104AF000D7F8E03003F02003002B02D0786800F0F4
:104B00000FFD7B681B685B6903F04003002B14BF3B
:104B100001230023DBB2C7F8D4307B685B6C03F061
:104B20000803002B03D1D7F8D430002B4FD078687E
:104B300000F019FC7B681B685B6903F04003002BE5
:104B400041D07B681B681433C7F89C30D7F89C3081
:104B500053E8003FC7F89830D7F8983023F0400367
:104B6000C7F8D0307B681B681433D7F8D020C7F85B
:104B7000A820C7F8A430D7F8A410D7F8A82041E897
:104B80000023C7F8A030D7F8A030002BD9D17B681C
:104B9000DB6B002B13D07B68DB6B7E4A5A637B6830
:104BA000DB6B1846FEF71CFA0346002B16D07B6819
:104BB000DB6B5B6B7A68D26B104698470EE07868C7
:104BC00000F0A5F90AE0786800F0A1F906E078683D
:104BD00000F09DF97B6800225A6475E100BF73E123
:104BE0007B681B6B012B40F04F81D7F8E43003F05A
:104BF0001003002B00F04881D7F8E03003F01003D9
:104C0000002B00F041810023BB607B681B681B68A0
:104C1000BB607B681B685B68BB60BB687B681B68AC
:104C20005B6903F04003002B00F0B6807B68DB6B10
:104C30001B685B68A7F8BE30B7F8BE30002B00F0E9
:104C400045817B689B8DB7F8BE209A4280F03E81FB
:104C50007B68B7F8BE20DA857B68DB6B9B69202B0D
:104C600000F088807B681B680C33C7F88830D7F861
:104C7000883053E8003FC7F88430D7F8843023F4F5
:104C80008073C7F8B8307B681B680C33D7F8B8203E
:104C9000C7F89420C7F89030D7F89010D7F8942030
:104CA00041E80023C7F88C30D7F88C30002BD9D1DD
:104CB0007B681B6814337B677B6F53E8003F3B675F
:104CC0003B6F23F00103C7F8B4307B681B681433D3
:104CD000D7F8B420C7F88020FB67F96FD7F8802099
:104CE00041E80023BB67BB6F002BE1D17B681B68E9
:104CF00014333B663B6E53E8003FFB65FB6D23F0CE
:104D00004003C7F8B0307B681B681433D7F8B02075
:104D1000FA66BB66B96EFA6E41E800237B667B6E6D
:104D2000002BE3D17B68202283F842207B6800229D
:104D30001A637B681B680C33FB64FB6C53E8003F11
:104D4000BB64BB6C23F01003C7F8AC307B681B68F6
:104D50000C33D7F8AC20BA657B65796DBA6D41E844
:104D600000233B653B6D002BE3D17B68DB6B184672
:104D7000FEF7FAF87B6802225A637B689A8D7B689B
:104D8000DB8D9BB2D31A9BB21946786800F0C8F845
:104D90009CE000BF2B5400087B689A8D7B68DB8DFC
:104DA0009BB2D31AA7F8CE307B68DB8D9BB2002B69
:104DB00000F08E80B7F8CE30002B00F089807B6841
:104DC0001B680C33BB63BB6B53E8003F7B637B6B9F
:104DD00023F49073C7F8C8307B681B680C33D7F88E
:104DE000C8207A643B64396C7A6C41E80023FB6329
:104DF000FB6B002BE3D17B681B6814337B627B6AFF
:104E000053E8003F3B623B6A23F00103C7F8C4301C
:104E10007B681B681433D7F8C4203A63FB62F96AD5
:104E20003A6B41E80023BB62BB6A002BE3D17B688D
:104E3000202283F842207B6800221A637B681B686B
:104E40000C333B613B6953E8003FFB60FB6823F098
:104E50001003C7F8C0307B681B680C33D7F8C0203C
:104E6000FA61BB61B969FA6941E800237B617B693A
:104E7000002BE3D17B6802225A63B7F8CE30194683
:104E8000786800F04DF823E0D7F8E43003F08003B1
:104E9000002B09D0D7F8E03003F08003002B03D0BB
:104EA000786800F0D6FA14E0D7F8E43003F0400355
:104EB000002B0ED0D7F8E03003F04003002B08D0D1
:104EC000786800F015FB04E000BF02E000BF00E0DE
:104ED00000BFE837BD4680BD80B483B000AF7860C6
:104EE00000BF0C37BD4680BC704780B483B000AFB4
:104EF000786000BF0C37BD4680BC704780B483B07B
:104F000000AF786000BF0C37BD4680BC704780B4EE
:104F100083B000AF786000BF0C37BD4680BC7047DF
:104F200080B483B000AF78600B467B8000BF0C3745
:104F3000BD4680BC704780B59CB000AF78607B6890
:104F40005B6AFB667B681B681B6803F02003002B11
:104F500072D1FB6E0022DA85FB6E1B680C33FB649A
:104F6000FB6C53E8003FBB64BB6C23F48073BB66EF
:104F7000FB6E1B680C33BA6EBA657B65796DBA6DD2
:104F800041E800233B653B6D002BE5D1FB6E1B68C0
:104F90001433BB63BB6B53E8003F7B637B6B23F035
:104FA00001037B66FB6E1B6814337A6E7A643B6484
:104FB000396C7A6C41E80023FB63FB6B002BE5D175
:104FC000FB6E1B6814337B627B6A53E8003F3B62D5
:104FD0003B6A23F040033B66FB6E1B6814333A6E5A
:104FE0003A63FB62F96A3A6B41E80023BB62BB6A31
:104FF000002BE5D1FB6E202283F84220FB6E1B6B59
:10500000012B19D1FB6E1B680C333B613B6953E8E4
:10501000003FFB60FB6823F01003FB65FB6E1B6821
:105020000C33FA6DFA61BB61B969FA6941E8002392
:105030007B617B69002BE5D1FB6E00225A63FB6E1E
:105040001B6B012B06D1FB6E9B8D1946F86EFFF78B
:1050500067FF02E0F86EFFF748FF00BF7037BD46FC
:1050600080BD80B584B000AF78607B685B6AFB6010
:10507000FB6801225A63FB681B6B012B08D1FB689C
:105080009B8D5B089BB21946F868FFF749FF02E069
:10509000F868FFF733FF00BF1037BD4680BD80B50D
:1050A00084B000AF78600023FB607B685B6ABB6004
:1050B000BB681B685B6903F08003002B14BF0123EE
:1050C0000023DBB2FB60BB6893F84130DBB2212BDD
:1050D00008D1FB68002B05D0BB680022DA84B868D1
:1050E00000F01AF9BB681B685B6903F04003002BF2
:1050F00014BF01230023DBB2FB60BB6893F842308E
:10510000DBB2222B08D1FB68002B05D0BB68002244
:10511000DA85B86800F027F9BB685B6C43F01002D1
:10512000BB685A64B868FFF7F2FE00BF1037BD468F
:1051300080BD80B586B000AFF860B9603B601346B3
:10514000FB713BE03B6AB3F1FF3F37D0FCF748FF10
:1051500002463B68D31A3A6A9A4202D33B6A002B52
:1051600001D103233AE0FB681B68DB6803F004030A
:10517000002B23D0BB68802B20D0BB68402B1DD0D8
:10518000FB681B681B6803F00803082B16D100237B
:105190007B61FB681B681B687B61FB681B685B6845
:1051A0007B617B69F86800F0DEF8FB6808225A64CE
:1051B000FB68002283F8402001230FE0FB681B6896
:1051C0001A68BB681340BA689A420CBF01230023D7
:1051D000DBB21A46FB799A42B4D00023184618373E
:1051E000BD4680BD80B598B000AFF860B960134689
:1051F000FB80BA68FB689A62FB68FA889A85FB684C
:1052000000225A64FB68222283F84220FB68DB6B91
:105210003E4A9A62FB68DB6B3D4ADA62FB68DB6BF5
:105220003C4A1A63FB68DB6B00225A6307F10803F0
:10523000FB65FB68D86BFB681B6804331946FB6D84
:105240001A68FB88FDF730FE00233B61FB681B6892
:105250001B683B61FB681B685B683B613B69FB68E3
:105260001B69002B19D0FB681B680C333B643B6C3B
:1052700053E8003FFB63FB6B43F48073BB65FB6843
:105280001B680C33BA6DFA64BB64B96CFA6C41E804
:1052900000237B647B6C002BE5D1FB681B68143317
:1052A000FB62FB6A53E8003FBB62BB6A43F0010349
:1052B0007B65FB681B6814337A6DBA637B63796B1B
:1052C000BA6B41E800233B633B6B002BE5D1FB68E5
:1052D0001B681433BB61BB6953E8003F7B617B698A
:1052E00043F040033B65FB681B6814333A6D7A62F8
:1052F0003B62396A7A6A41E80023FB61FB69002B53
:10530000E5D1002318466037BD4680BD374F000801
:10531000635000089F50000880B489B000AF7860E7
:105320007B681B680C33FB60FB6853E8003FBB6085
:10533000BB6823F0C003FB617B681B680C33FA6910
:10534000BA617B617969BA6941E800233B613B69D5
:10535000002BE5D17B68202283F8412000BF243751
:10536000BD4680BC704780B495B000AF78607B6864
:105370001B680C337B637B6B53E8003F3B633B6BE9
:1053800023F49073FB647B681B680C33FA6C3A64FB
:10539000FB63F96B3A6C41E80023BB63BB6B002BEA
:1053A000E5D17B681B6814333B623B6A53E8003FDE
:1053B000FB61FB6923F00103BB647B681B6814334A
:1053C000BA6CFA62BB62B96AFA6A41E800237B628E
:1053D0007B6A002BE5D17B681B6B012B19D17B68A5
:1053E0001B680C33FB60FB6853E8003FBB60BB6885
:1053F00023F010037B647B681B680C337A6CBA6102
:105400007B617969BA6941E800233B613B69002B04
:10541000E5D17B68202283F842207B6800221A6352
:1054200000BF5437BD4680BC704780B584B000AF24
:1054300078607B685B6AFB60FB680022DA85FB684A
:105440000022DA84F868FFF762FD00BF1037BD461E
:1054500080BD80B485B000AF78607B6893F8413040
:10546000DBB2212B3ED17B689B68B3F5805F14D102
:105470007B681B69002B10D17B681B6AFB60FB6893
:105480001B881A467B681B68C2F308025A607B6857
:105490001B6A9A1C7B681A6208E07B681B6A591CAD
:1054A0007A6811621A787B681B685A607B68DB8CAB
:1054B0009BB2013B9BB27A681946D184002B0FD175
:1054C0007B681B68DA687B681B6822F08002DA6000
:1054D0007B681B68DA687B681B6842F04002DA6010
:1054E000002300E0022318461437BD4680BC7047F5
:1054F00080B582B000AF78607B681B68DA687B6833
:105500001B6822F04002DA607B68202283F8412089
:105510007868FFF7E1FC002318460837BD4680BDD8
:1055200080B58CB000AF78607B6893F84230DBB216
:10553000222B40F0AE807B689B68B3F5805F17D16B
:105540007B681B69002B13D10023FB627B689B6A7D
:10555000BB627B681B685B689BB2C3F308039AB2AB
:10556000BB6A1A807B689B6A9A1C7B689A6226E0F9
:105570007B689B6AFB620023BB627B689B68B3F518
:10558000805F07D07B689B68002B0AD17B681B6912
:10559000002B06D17B681B685B68DAB2FB6A1A7065
:1055A00008E07B681B685B68DBB203F07F03DAB25C
:1055B000FB6A1A707B689B6A5A1C7B689A627B68DC
:1055C000DB8D9BB2013B9BB27A681946D185002BDB
:1055D0005DD17B681B68DA687B681B6822F020025B
:1055E000DA607B681B68DA687B681B6822F480726B
:1055F000DA607B681B685A697B681B6822F00102CD
:105600005A617B68202283F842207B6800225A631B
:105610007B681B6B012B35D17B6800221A637B688A
:105620001B680C337B617B6953E8003F3B613B693E
:1056300023F010037B627B681B680C337A6A3A6242
:10564000FB61F9693A6A41E80023BB61BB69002B41
:10565000E5D17B681B681B6803F01003102B0AD18F
:105660000023FB607B681B681B68FB607B681B6812
:105670005B68FB60FB687B689B8D19467868FFF769
:105680004FFC02E07868FFF730FC002302E00023C3
:1056900000E0022318463037BD4680BD80B584B097
:1056A00000AF78607B681B681B6923F440517B68FE
:1056B000DA687B681B680A431A617B689A687B68B2
:1056C0001B691A437B685B691343BB607B681B687B
:1056D000DB6823F4B05323F00C037A681268B968CE
:1056E0000B43D3607B681B685B6923F440717B6864
:1056F0009A697B681B680A435A617B681B682C4A5D
:10570000934203D1FDF778F8F86002E0FDF760F806
:10571000F860FA6813469B0013449A001A447B68A9
:105720005B689B00B2FBF3F3224AA2FB03235B09F5
:105730001901FA6813469B0013449A001A447B68C7
:105740005B689B00B2FBF3F21A4BA3FB02035B09FD
:10575000642000FB03F3D31A1B013233154AA2FB6A
:1057600003235B0903F0F0031944FA6813469B0016
:1057700013449A001A447B685B689B00B2FBF3F207
:105780000C4BA3FB02035B09642000FB03F3D31A59
:105790001B013233074AA2FB03235B0903F00F020C
:1057A0007B681B680A449A6000BF1037BD4680BD05
:1057B000003801401F85EB5180B582B000AF034631
:1057C000FB71104B1B781846FA790F4903465B00B2
:1057D00003445B00134451F82330A3F5000318463B
:1057E000FBF78EF903464FF050511846FBF7DCF9F2
:1057F000034606491846FBF7D7F90346184608370B
:10580000BD4680BDAE010020B001002000401C4517
:10581000B0B584B000AF78600023FB600C4B5B78C0
:10582000DBB2002B18D10023FB600BE0FB689B0070
:105830007A6813441A680749FB6841F82320FB681B
:105840000133FB60FB68052BF0DD00F04FBE00BFAD
:1058500008010020A8000020BB4B5B78DBB2012BC5
:1058600040F00A84B94B1A687B681B6819461046D9
:10587000FBF79AF903461846FAF7CEFDB0A3D3E931
:105880000023FAF74BFF02460B4614461D46AF4B6A
:105890005A687B6804331B6819461046FBF784F985
:1058A00003461846FAF7B8FDA5A3D3E90023FAF793
:1058B00035FF02460B4620462946FAF74FFC0246C2
:1058C0000B4614461D46A14B9A687B6808331B683B
:1058D00019461046FBF768F903461846FAF79CFD8F
:1058E00097A3D3E90023FAF719FF02460B46204697
:1058F0002946FAF733FC02460B4614461D46934BE5
:10590000DA687B680C331B6819461046FBF74CF9C4
:1059100003461846FAF780FD89A3D3E90023FAF776
:10592000FDFE02460B4620462946FAF717FC0246C2
:105930000B4614461D46854B1A697B6810331B685D
:1059400019461046FBF730F903461846FAF764FD8E
:105950007BA3D3E90023FAF7E1FE02460B4620467B
:105960002946FAF7FBFB02460B4614461D46774BC9
:105970005A697B6814331B6819461046FBF714F903
:1059800003461846FAF748FD6DA3D3E90023FAF75A
:10599000C5FE02460B4620462946FAF7DFFB0246C3
:1059A0000B4610461946FAF7A1FF0346684A1360F2
:1059B000664B9A697B681B6819461046FBF7F4F83A
:1059C00003461846FAF728FD5DA3D3E90023FAF74A
:1059D000A5FE02460B4614461D465C4BDA697B6801
:1059E00004331B6819461046FBF7DEF803461846D9
:1059F000FAF712FD52A3D3E90023FAF78FFE02460D
:105A00000B4620462946FAF7A9FB02460B461446E8
:105A10001D464E4B1A6A7B6808331B6819461046B0
:105A2000FBF7C2F803461846FAF7F6FC44A3D3E99D
:105A30000023FAF773FE02460B4620462946FAF782
:105A40008DFB02460B4614461D46404B5A6A7B6846
:105A50000C331B6819461046FBF7A6F80346184698
:105A6000FAF7DAFC36A3D3E90023FAF757FE024629
:105A70000B4620462946FAF771FB02460B461446B0
:105A80001D46324B9A6A7B6810331B6819461046D4
:105A9000FBF78AF803461846FAF7BEFC28A3D3E9B9
:105AA0000023FAF73BFE02460B4620462946FAF74A
:105AB00055FB02460B4614461D46244BDA6A7B68AA
:105AC00014331B6819461046FBF76EF80346184658
:105AD000FAF7A2FC1AA3D3E90023FAF71FFE024645
:105AE0000B4620462946FAF739FB02460B4610467C
:105AF0001946FAF7FBFE0346154A5360134B1A6B1F
:105B00007B681B6819461046FBF74EF8034618469B
:105B1000FAF782FC0AA3D3E90023FAF7FFFD024655
:105B20000B4614461D46094B5A6B7B6804331B68B1
:105B300019461046FBF738F803460BE0AFF3008038
:105B40009A99999999992340080100201C010020F5
:105B5000A80000201846FAF75FFCBFA3D3E9002392
:105B6000FAF7DCFD02460B4620462946FAF7F6FA1C
:105B700002460B4614461D46B94B9A6B7B680833A8
:105B80001B6819461046FBF70FF803461846FAF74C
:105B900043FCB1A3D3E90023FAF7C0FD02460B464C
:105BA00020462946FAF7DAFA02460B4614461D4605
:105BB000AB4BDA6B7B680C331B6819461046FAF75F
:105BC000F3FF03461846FAF727FCA3A3D3E9002303
:105BD000FAF7A4FD02460B4620462946FAF7BEFA1C
:105BE00002460B4614461D469D4B1A6C7B681033CB
:105BF0001B6819461046FAF7D7FF03461846FAF70E
:105C00000BFC95A3D3E90023FAF788FD02460B4667
:105C100020462946FAF7A2FA02460B4614461D46CC
:105C20008F4B5A6C7B6814331B6819461046FAF781
:105C3000BBFF03461846FAF7EFFB87A3D3E900231F
:105C4000FAF76CFD02460B4620462946FAF786FA1B
:105C500002460B4610461946FAF748FE0346814AAB
:105C600093607F4B9A6C7B681B6819461046FAF765
:105C70009BFF03461846FAF7CFFB77A3D3E900232F
:105C8000FAF74CFD02460B4614461D46744BDA6C7F
:105C90007B6804331B6819461046FAF785FF0346F4
:105CA0001846FAF7B9FB6CA3D3E90023FAF736FDDF
:105CB00002460B4620462946FAF750FA02460B46A2
:105CC00014461D46664B1A6D7B6808331B681946DF
:105CD0001046FAF769FF03461846FAF79DFB5EA3E4
:105CE000D3E90023FAF71AFD02460B46204629465F
:105CF000FAF734FA02460B4614461D46584B5A6DC5
:105D00007B680C331B6819461046FAF74DFF0346B3
:105D10001846FAF781FB50A3D3E90023FAF7FEFCFB
:105D200002460B4620462946FAF718FA02460B4669
:105D300014461D464A4B9A6D7B6810331B68194602
:105D40001046FAF731FF03461846FAF765FB42A3FF
:105D5000D3E90023FAF7E2FC02460B462046294627
:105D6000FAF7FCF902460B4614461D463C4BDA6D29
:105D70007B6814331B6819461046FAF715FF034673
:105D80001846FAF749FB34A3D3E90023FAF7C6FC17
:105D900002460B4620462946FAF7E0F902460B4632
:105DA00010461946FAF7A2FD03462E4AD3602C4B43
:105DB0001A6E7B681B6819461046FAF7F5FE034613
:105DC0001846FAF729FB24A3D3E90023FAF7A6FC27
:105DD00002460B4614461D46214B5A6E7B6804331F
:105DE0001B6819461046FAF7DFFE03461846FAF715
:105DF00013FB19A3D3E90023FAF790FC02460B46E4
:105E000020462946FAF7AAF902460B4614461D46D3
:105E1000134B9A6E7B6808331B6819461046FAF7D5
:105E2000C3FE03461846FAF7F7FA0BA3D3E900239B
:105E3000FAF774FC02460B4620462946FAF78EF91B
:105E400002460B4614461D46054BDA6E7B680C3342
:105E50000AE000BFAFF300809A999999999923407D
:105E60001C010020A80000201B6819461046FAF704
:105E70009BFE03461846FAF7CFFA7BA3D3E900232B
:105E8000FAF74CFC02460B4620462946FAF766F91B
:105E900002460B4614461D46754B1A6F7B6810333D
:105EA0001B6819461046FAF77FFE03461846FAF7B4
:105EB000B3FA6DA3D3E90023FAF730FC02460B4690
:105EC00020462946FAF74AF902460B4614461D4673
:105ED000674B5A6F7B6814331B6819461046FAF7F4
:105EE00063FE03461846FAF797FA5FA3D3E9002347
:105EF000FAF714FC02460B4620462946FAF72EF91B
:105F000002460B4610461946FAF7F0FC0346594A7A
:105F10001361574B9A6F7B681B6819461046FAF756
:105F200043FE03461846FAF777FA4FA3D3E9002356
:105F3000FAF7F4FB02460B4614461D464C4BDA6F4B
:105F40007B6804331B6819461046FAF72DFE03469A
:105F50001846FAF761FA44A3D3E90023FAF7DEFB07
:105F600002460B4620462946FAF7F8F802460B4649
:105F700014461D463E4BD3F880207B6808331B68CF
:105F800019461046FAF710FE03461846FAF744FA87
:105F900035A3D3E90023FAF7C1FB02460B4620469E
:105FA0002946FAF7DBF802460B4614461D46304BED
:105FB000D3F884207B680C331B6819461046FAF727
:105FC000F3FD03461846FAF727FA27A3D3E900237F
:105FD000FAF7A4FB02460B4620462946FAF7BEF81C
:105FE00002460B4614461D46214BD3F888207B6899
:105FF00010331B6819461046FAF7D6FD03461846BB
:10600000FAF70AFA18A3D3E90023FAF787FB024646
:106010000B4620462946FAF7A1F802460B461446DD
:106020001D46134BD3F88C207B6814331B6819462C
:106030001046FAF7B9FD03461846FAF7EDF90AA338
:10604000D3E90023FAF76AFB02460B4620462946AD
:10605000FAF784F802460B4610461946FAF746FC52
:106060000346044A536141E29A99999999992340C8
:106070001C010020A8000020944B5B78DBB2022BAF
:1060800040F03482924B1A687B681B6819461046B0
:10609000FAF78AFD03461C468D4B5A687B68043329
:1060A0001B6819461046FAF77FFD0346194620463D
:1060B000FAF772FC03461C46854B9A687B680833E6
:1060C0001B6819461046FAF76FFD0346194620462D
:1060D000FAF762FC03461C467D4BDA687B680C339A
:1060E0001B6819461046FAF75FFD0346194620461D
:1060F000FAF752FC03461C46754B1A697B6810334D
:106100001B6819461046FAF74FFD0346194620460C
:10611000FAF742FC03461C466D4B5A697B68143300
:106120001B6819461046FAF73FFD034619462046FC
:10613000FAF732FC03461A46664B1A60644B9A69BA
:106140007B681B6819461046FAF72EFD03461C466D
:106150005F4BDA697B6804331B6819461046FAF70F
:1061600023FD034619462046FAF716FC03461C4653
:10617000574B1A6A7B6808331B6819461046FAF7B2
:1061800013FD034619462046FAF706FC03461C4653
:106190004F4B5A6A7B680C331B6819461046FAF756
:1061A00003FD034619462046FAF7F6FB03461C4654
:1061B000474B9A6A7B6810331B6819461046FAF7FA
:1061C000F3FC034619462046FAF7E6FB03461C4655
:1061D0003F4BDA6A7B6814331B6819461046FAF79E
:1061E000E3FC034619462046FAF7D6FB03461A4657
:1061F000384B5A60364B1A6B7B681B681946104641
:10620000FAF7D2FC03461C46314B5A6B7B680433C9
:106210001B6819461046FAF7C7FC03461946204684
:10622000FAF7BAFB03461C46294B9A6B7B68083386
:106230001B6819461046FAF7B7FC03461946204674
:10624000FAF7AAFB03461C46214BDA6B7B680C333A
:106250001B6819461046FAF7A7FC03461946204664
:10626000FAF79AFB03461C46194B1A6C7B681033ED
:106270001B6819461046FAF797FC03461946204654
:10628000FAF78AFB03461C46114B5A6C7B681433A1
:106290001B6819461046FAF787FC03461946204644
:1062A000FAF77AFB03461A460A4B9A60084B9A6C37
:1062B0007B681B6819461046FAF776FC03461C46B5
:1062C000034BDA6C7B68043306E000BF0801002052
:1062D0001C010020A80000201B6819461046FAF790
:1062E00063FC034619462046FAF756FB03461C4654
:1062F0008D4B1A6D7B6808331B6819461046FAF7F8
:1063000053FC034619462046FAF746FB03461C4653
:10631000854B5A6D7B680C331B6819461046FAF79B
:1063200043FC034619462046FAF736FB03461C4653
:106330007D4B9A6D7B6810331B6819461046FAF73F
:1063400033FC034619462046FAF726FB03461C4653
:10635000754BDA6D7B6814331B6819461046FAF7E3
:1063600023FC034619462046FAF716FB03461A4655
:106370006E4BDA606C4B1A6E7B681B6819461046D0
:10638000FAF712FC03461C46674B5A6E7B680433CF
:106390001B6819461046FAF707FC034619462046C3
:1063A000FAF7FAFA03461C465F4B9A6E7B6808338D
:1063B0001B6819461046FAF7F7FB034619462046B4
:1063C000FAF7EAFA03461C46574BDA6E7B680C3341
:1063D0001B6819461046FAF7E7FB034619462046A4
:1063E000FAF7DAFA03461C464F4B1A6F7B681033F4
:1063F0001B6819461046FAF7D7FB03461946204694
:10640000FAF7CAFA03461C46474B5A6F7B681433A7
:106410001B6819461046FAF7C7FB03461946204683
:10642000FAF7BAFA03461A46404B1A613E4B9A6F86
:106430007B681B6819461046FAF7B6FB03461C46F4
:10644000394BDA6F7B6804331B6819461046FAF73C
:10645000ABFB034619462046FAF79EFA03461C4654
:10646000314BD3F880207B6808331B6819461046EF
:10647000FAF79AFB034619462046FAF78DFA0346C7
:106480001C46294BD3F884207B680C331B681946C3
:106490001046FAF789FB034619462046FAF77CFABC
:1064A00003461C46204BD3F888207B6810331B68BA
:1064B00019461046FAF778FB034619462046FAF7C4
:1064C0006BFA03461C46184BD3F88C207B681433B8
:1064D0001B6819461046FAF767FB03461946204623
:1064E000FAF75AFA03461A46104B5A610023FB602A
:1064F00011E0FB68DAB20D49FB6851F82330194608
:10650000104602F0D5FE02460849FB6841F82320F8
:10651000FB680133FB60FB68052BEADD00BF00BFB1
:106520001037BD46B0BD00BF1C010020A8000020F0
:1065300080B582B000AF78607868FAF785FC0346D2
:106540009AB2642379680348FEF704F900BF08375C
:10655000BD4680BDA809002080B582B000AF134BB6
:106560001B681B6803F01003102B17D100233B603E
:106570000E4B1B681B683B600C4B1B685B683B60E9
:106580003B680A4BDB6B002B08D0084BDB6B1B68AE
:106590005B68FB80FB88184601F0B6F80348FEF7FD
:1065A00009FA00BF0837BD4680BD00BFA80900201A
:1065B00090B58BB000AF78607B681B68B3F1804FFB
:1065C00046D1254B1B680133234A1360224B1968BF
:1065D000224BA3FB01235A0813465B001344CA1A3B
:1065E000002A35D107F10C03184602F09BFC034644
:1065F000002B20D1002387F8273018E097F82730A8
:10660000174A1278144697F827109B0028333B440A
:1066100053F81C2C134823465B0023445B000B44B7
:1066200040F8232097F82730013387F8273097F870
:106630002730052BE2D90A4B1B780133DAB2084B1D
:106640001A70074B1B783F2B02D9054B00221A709A
:1066500000BF2C37BD4690BDA4000020ABAAAAAA5B
:10666000AD010020B001002080B588B000AF4E4BD6
:106670009B78DBB2002B01D1022300E001237B6178
:106680004A4B1A684A4B1B68D31A7A699A4200F23D
:106690008780464B1B68464A1360434BDB78DBB26E
:1066A000002B3AD1434B1B78012B79D1424B02226C
:1066B0001A700023FB6128E0404AFB6952F823303E
:1066C0003B613B69FB60FA68FB699B000133D1B217
:1066D000394AD154FB681A0AFB699B000233D1B2D4
:1066E000354AD154FB681A0CFB699B000333D1B2C5
:1066F000314AD154FB681A0EFB6901339B00D1B2B9
:106700002D4AD154FB690133FB61FB69052BD3DDB5
:106710001921294801F077F942E0234BDB78DBB2FD
:10672000012B3DD10023BB6127E0244ABB6952F80D
:106730002330BB60BB687B607A68BB699B00D1B2C9
:106740001D4AD1547B681A0ABB699B000133D1B240
:10675000194AD1547B681A0CBB699B000233D1B231
:10676000154AD1547B681A0EBB699B000333D1B222
:10677000114AD154BB690133BB61BB69052BD4DD20
:106780000D4B00221A760C4B00225A760A4B8022BF
:106790009A76094B7F22DA761C21074801F0C0F96E
:1067A00000BF2037BD4680BD08010020A4000020A6
:1067B000B0070020AC010020B4070020A800002092
:1067C00090B58BB000AFFBF7B3FB00F005F900F01C
:1067D0004FF900F0BDF900F079FB00F0C5FA00F0C8
:1067E000D5F900F041FA0023BB6100233B6207F1B9
:1067F000180304221946782000F0F8FE3B7E1A4662
:106800007B7E1B021A43BB7E1B041A43FB7E1B06C6
:1068100013433B623B6AB3F5E12F0FD03B6AB3F5FC
:106820007A3F0BD03B6AB3F5E13F07D03B6AB3F543
:10683000964F03D03B6AB3F5165F03D1554A3B6AC6
:10684000136003E0534B4FF4E1221A6000F012FB97
:1068500001F0C4FD5048FFF76BFE02F0E5FC4F4825
:10686000FFF766FE032002F07DFB4D48FFF760FE58
:106870004C48FFF75DFE4C494C4800F0F7FE02F033
:1068800079FCF861FB69002B01D1494B00E0494BD1
:106890001846FFF74DFE01F0C1FC474B02225A702B
:1068A0004648FDF705FB3B4600221A605A609A6095
:1068B000DA601A615A61424B1A78424B1B789A424D
:1068C00049D0404B1A783E4B1A70002387F8273086
:1068D00030E097F8274097F827301846FEF76CFF0E
:1068E0000246A30028333B4443F8282C324B1B7943
:1068F000DBB2002B19D197F82730334A123352F804
:10690000232097F827309B0028333B4453F8283C3A
:1069100097F8274011461846FAF73CF803461A46FE
:10692000A30028333B4443F8282C97F82730013341
:1069300087F8273097F82730052BCAD91E4B1B79CB
:10694000DBB2012B03D13B46184601F087FD3B46E5
:106950001846FEF75DFF01F0EBFD0346002B09D062
:10696000154B00221A7101F0D7FD01F02BFD1748DD
:10697000FFF7DEFD104B1B78DBB2012B02D1FFF7D6
:1069800073FE03E0124B1B68124A136000F0E0FE36
:1069900089E700BF240000201CA3000840A30008D2
:1069A00058A3000868A30008B17D0008A8090020CA
:1069B00084A300089CA300080801002060090020AF
:1069C000AE010020AD010020A8000020ACA300080B
:1069D000A4000020B007002080B590B000AF07F100
:1069E000180328220021184602F018FE3B1D002241
:1069F0001A605A609A60DA601A610123BB614FF431
:106A00008033FB6100233B620123BB6202237B6373
:106A10004FF48033BB634FF4E013FB6307F11803BB
:106A20001846FBF70BFB0346002B01D000F019F8CA
:106A30000F237B600223BB600023FB604FF4806365
:106A40003B6100237B613B1D02211846FBF778FD6B
:106A50000346002B01D000F004F800BF4037BD46CC
:106A600080BD80B400AF72B600BF00BFFDE700007C
:106A700080B588B000AF07F1100300221A605A6099
:106A80009A60DA602F4B9B692E4A43F02003936192
:106A90002C4B9B6903F02003FB60FB68294B9B692F
:106AA000284A43F004039361264B9B6903F00403D7
:106AB000BB60BB68234B9B69224A43F00803936188
:106AC000204B9B6903F008037B607B68002241F246
:106AD00010111D48FCF702F9002201211B48FCF7A8
:106AE000FDF84FF488733B6101237B610023BB6198
:106AF0000323FB6107F1100319461348FBF7AEFEB1
:106B000001233B6101237B610023BB610323FB6104
:106B100007F1100319460D48FBF7A0FE4FF4805310
:106B20003B6101237B610023BB610223FB6107F111
:106B3000100319460448FBF791FE00BF2037BD46FD
:106B400080BD00BF0010024000080140000C014061
:106B500080B582B000AF0C4B5B690B4A43F0010378
:106B60005361094B5B6903F001037B607B68002282
:106B700000210F20FCF7DBFC0F20FCF7F4FC00BF2A
:106B80000837BD4680BD00BF0010024080B500AF91
:106B9000124B134A1A60114B124A5A600F4B0022D3
:106BA0009A600E4B0022DA600C4B4FF480421A615F
:106BB0000A4B00225A61094B00229A61074B0022BE
:106BC000DA61064B00221A620448FAF74BF90346D1
:106BD000002B01D0FFF745FF00BF80BDB4080020A7
:106BE00000580040A086010080B588B000AF7860F2
:106BF00007F1100300221A605A609A60DA607B681D
:106C00001B68164A934224D1154B9B69144A43F0E2
:106C100008039361124B9B6903F00803FB60FB6858
:106C20004FF440633B6112237B610323FB6107F157
:106C3000100319460B48FBF711FE094BDB69084AA4
:106C400043F48003D361064BDB6903F48003BB602C
:106C5000BB6800BF2037BD4680BD00BF0058004064
:106C600000100240000C014080B500AF174B184ADD
:106C70001A60164B4FF482725A60144B00229A60CD
:106C8000124B0022DA60114B00221A610F4B0022D6
:106C90005A610E4B4FF400729A610C4B2822DA6154
:106CA0000A4B00221A62094B00225A62074B00224B
:106CB0009A62064B0A22DA620448FCF77CFC03461F
:106CC000002B01D0FFF7CDFE00BF80BD08090020DA
:106CD0000030014080B588B000AF786007F1100344
:106CE00000221A605A609A60DA607B681B681B4A4F
:106CF00093422FD11A4B9B69194A43F480539361F5
:106D0000174B9B6903F48053FB60FB68144B9B6932
:106D1000134A43F004039361114B9B6903F004038E
:106D2000BB60BB68A0233B6102237B610323FB6143
:106D300007F1100319460B48FBF790FD40233B6118
:106D400000237B610023BB6107F11003194605484E
:106D5000FBF784FD00BF2037BD4680BD00300140F9
:106D6000001002400008014080B586B000AF07F176
:106D7000080300221A605A609A60DA603B460022DB
:106D80001A605A601D4B4FF080421A601B4B47221D
:106D90005A601A4B00229A60184B40F2E732DA60D0
:106DA000164B00221A61154B00229A611348FDF719
:106DB00030F80346002B01D0FFF753FE4FF4805309
:106DC000BB6007F1080319460C48FDF7E1F90346DB
:106DD000002B01D0FFF745FE00233B6000237B60C2
:106DE0003B4619460548FDF7C3FB0346002B01D07F
:106DF000FFF737FE00BF1837BD4680BD6009002091
:106E000080B584B000AF78607B681B68B3F1804FB9
:106E100013D10C4BDB690B4A43F00103D361094BDF
:106E2000DB6903F00103FB60FB68002200211C20EA
:106E3000FCF77DFB1C20FCF796FB00BF1037BD461E
:106E400080BD00BF0010024080B584B000AFF86084
:106E5000B9607A607B689AB24FF4FA73B9680448F3
:106E6000FDF778FC7B6818461037BD4680BD00BF33
:106E7000A809002080B500AF114B124A1A60124BCE
:106E80001B680F4A53600E4B00229A600C4B002285
:106E9000DA600B4B00221A61094B0C225A61084B35
:106EA00000229A61064B0022DA610548FDF7D0FB0B
:106EB0000346002B01D0FFF7D4FD00BF80BD00BF0B
:106EC000A8090020003801402400002080B500AF50
:106ED000114B124A1A60104B4FF4E1325A600E4BBC
:106EE00000229A600C4B0022DA600B4B00221A61E0
:106EF000094B0C225A61084B00229A61064B002272
:106F0000DA610548FDF7A4FB0346002B01D0FFF72B
:106F1000A8FD00BF80BD00BFA809002000380140C7
:106F200080B588B000AF786007F1100300221A60C6
:106F30005A609A60DA607B681B68334A93425FD17B
:106F4000324B9B69314A43F4804393612F4B9B69D9
:106F500003F48043FB60FB682C4B9B692B4A43F096
:106F600004039361294B9B6903F00403BB60BB6876
:106F70004FF400733B6102237B610323FB6107F144
:106F8000100319462248FBF769FC4FF480633B610C
:106F900000237B610023BB6107F1100319461C48E5
:106FA000FBF75CFC1B4B1C4A1A601A4B00225A6010
:106FB000184B00229A60174B8022DA60154B002292
:106FC0001A61144B00225A61124B20229A61114B14
:106FD0000022DA610F48FBF7B1FE0346002B01D017
:106FE000FFF73FFD7B680B4ADA630A4A7B6853620E
:106FF000002200212520FCF79AFA2520FCF7B3FA9D
:1070000000BF2037BD4680BD00380140001002405F
:1070100000080140F00900205800024080B582B00D
:1070200000AF78607B681B680C4A934212D10C4B0E
:107030009B690B4A23F4804393614FF4C061094874
:10704000FBF790FD7B68DB6B1846FBF7D1FE252034
:10705000FCF797FA00BF0837BD4680BD00380140F5
:10706000001002400008014080B500AF4020FBF74F
:107070004DFE00BF80BD80B483B000AF0346FB80EF
:1070800000BF0C37BD4680BC704780B400AF00BF66
:10709000FDE780B400AF00BFFDE780B400AF00BFE4
:1070A000FDE780B400AF00BFFDE780B400AF00BFD4
:1070B000FDE780B400AF00BFBD4680BC704780B420
:1070C00000AF00BFBD4680BC704780B400AF00BFBA
:1070D000BD4680BC704780B500AFFAF76FFF00BFB8
:1070E00080BD000080B500AF0248FBF7F1FF00BF94
:1070F00080BD00BFF009002080B500AF0248FCF75A
:1071000057FF00BF80BD00BF6009002080B485B07C
:1071100000AF154B9B69144A43F001039361124B76
:107120009B6903F00103BB60BB680F4BDB690E4A30
:1071300043F08053D3610C4BDB6903F080537B60D9
:107140007B680A4B5B68FB60FB6823F0E063FB60D5
:10715000FB6843F00073FB60044AFB68536000BFA8
:107160001437BD4680BC704700100240000001404B
:1071700080B586B000AF7860144A154BD31A7B6196
:107180007B693B61134B1B68002B02D1114B124AE8
:107190001A60104B1A687B6813443A699A4207D206
:1071A00002F08AFA03460C221A604FF0FF3309E01E
:1071B000084B1B68FB60074B1A687B681344054A41
:1071C0001360FB6818461837BD4680BD005000208C
:1071D00000040000340A00203819002080B400AFF9
:1071E00001231846BD4680BC704780B582B000AF11
:1071F0007860396002F060FA034616221A604FF098
:10720000FF3318460837BD4680BD80B582B000AF59
:1072100078604FF0FF317868FFF7E7FF00BFFDE7C8
:1072200080B586B000AFF860B9607A6000237B61FA
:107230000AE0AFF300800146BB685A1CBA60CAB2CC
:107240001A707B6901337B617A697B689A42F0DB53
:107250007B6818461837BD4680BD80B483B000AF48
:1072600078604FF0FF3318460C37BD4680BC70473E
:1072700080B483B000AF786039603B684FF400524F
:107280005A60002318460C37BD4680BC704780B456
:1072900083B000AF7860012318460C37BD4680BC30
:1072A000704780B485B000AFF860B9607A600023A1
:1072B00018461437BD4680BC70470000F9F7CCFD76
:1072C0000B480C490C4A002302E0D458C450043344
:1072D000C4188C42F9D3094A094C002301E0136019
:1072E0000432A242FBD302F0EDF9FFF769FA7047CE
:1072F000000000208400002040A500088400002039
:1073000038190020FEE780B483B000AF78607B6856
:107310009B889BB2013B9BB218460C37BD4680BC94
:10732000704780B485B000AFF860B9601346FB8049
:10733000FB68BA681A60FB68FA889A80FB680022CA
:10734000DA80FB6800221A8100BF1437BD4680BC7A
:10735000704780B483B000AF78607B68DB889AB2F6
:107360007B681B899BB2D31A9BB218460C37BD466B
:1073700080BC7047B0B584B000AF78607B681C6893
:107380007B681B899DB27868FFF7BDFF03462B40E1
:107390009BB223441B78FB737B681B899BB2013330
:1073A0009AB27B681A81FB7B18461037BD46B0BD88
:1073B000B0B582B000AF78600B467B807B681C68FC
:1073C0007B681B899AB27B8813449DB27868FFF76B
:1073D0009AFF03462B409BB223441B78DBB218462E
:1073E0000837BD46B0BD80B586B000AFF860B96063
:1073F0001346FB80F868FFF786FF0346FB821BE01D
:10740000FB68DB889BB20133BB82FB681B899BB2A4
:10741000BA8A9A4216D0BB685A1CBA60FA681268D7
:10742000F968C98888B2F98A014089B20A441B7890
:107430001370FB68BA8ADA80FB885A1EFA80002B28
:10744000DED100E000BF1837BD4680BD80B586B0F4
:1074500000AFF860B9601346FB80F868FFF753FF90
:107460000346BB82F868FFF774FF03467B82FA8805
:107470007B8A9A4201D97B8AFB800023FB8218E039
:10748000FB681B68FA68128991B2BA8A0A4092B204
:107490001A44FB8AB9680B441278D2B21A70FB689E
:1074A0001B899BB201339AB2FB681A81FB8A0133B4
:1074B000FB82FA8AFB889A42E2D3FB881846183787
:1074C000BD4680BD80B584B000AF78600B467B8040
:1074D0007868FFF73EFF0346FB817A88FB899A4272
:1074E00001D9FB897B807B681B899AB27B88134416
:1074F0009AB27B681A8100BF1037BD4680BD80B448
:1075000085B000AF03460A46FB8013467B71A0237B
:10751000FB81FB88DB099BB25B009BB203F002039B
:10752000BB81FA89BB8913439BB21AB27B79002BCA
:107530000CBF01230023DBB21BB213431BB29BB26F
:1075400018461437BD4680BC7047000080B58AB02D
:1075500004AF03463960FB801346BB800023FB82E7
:1075600038E0FB8803F00F039BB2C3F11003BB822A
:10757000BA8AB988FB8ACB1A9342A8BF13467B828A
:10758000FB8801211846FFF7BAFF03463B82FB88C0
:10759000DBB298B2FB8A3A681344398A64220292B9
:1075A0007A8A01920093012302460F48F9F79EFD63
:1075B0000346FB73FB7B002B01D0FB7B0FE0FA8AB9
:1075C0007B8A1344FB82FA887B8A1344FB80052064
:1075D000FAF710FDFA8ABB889A42C2D300231846F4
:1075E0001837BD4680BD00BFB408002080B588B004
:1075F00004AF03463960FB801346BB80FB88002143
:107600001846FFF77CFF0346FB81FB88DBB29AB28A
:10761000F98964230293BB8801933B68009301239B
:107620000348F9F75DFE034618461037BD4680BD96
:10763000B408002080B582B000AF78600B467B8034
:1076400000BF094B1B681B681B6803F04003402BFD
:10765000F7D1054B18687A8864237968FDF77AF8C2
:1076600000BF0837BD4680BD380A002080B582B013
:1076700000AF786039600E4A7B6813600D4A3B6842
:1076800013600D4B00221A704FF480620B490C48B6
:10769000FFF747FE7B681B68DA687B681B6842F06F
:1076A0001002DA6000F00EF800BF0837BD4680BD5A
:1076B000380A00203C0A00204C1000204C0C00200E
:1076C000400C002080B500AF0C4B1B68DB6B002B1F
:1076D00004D00A4B1B681846FDF7ECF8084B002253
:1076E0001A70064B1B684FF4007206491846FDF7E6
:1076F000BCF8034B01221A7000BF80BD380A00207D
:107700004C100020400A002080B584B000AF034632
:10771000FB804FF40073FB81FA89FB88D31ABB818D
:10772000BB89002B09D0BA89FB899A4205D8BB894D
:107730001A4605490548FFF756FEFFF7C3FF00BF8D
:107740001037BD4680BD00BF400A0020400C00201D
:1077500080B5C4B000AF1CE000215E48FFF728FEF2
:10776000034687F8073197F80731AA2B03D0594809
:10777000FFF700FE0DE001215648FFF719FE034612
:1077800087F8063197F80631552B09D05148FFF795
:10779000F1FD5048FFF7DDFD0346032BDCD800E088
:1077A00000BF4C48FFF7D5FD0346032B40F28A800B
:1077B0004848FFF7CEFD0346A7F804314FF6FF73A4
:1077C000A7F80E310323A7F80C311DE0B7F80C31F0
:1077D00019464048FFF7ECFD03460D2B0FD1B7F8D3
:1077E0000C3101339BB219463A48FFF7E1FD0346DD
:1077F0000A2B04D1B7F80C31A7F80E310BE0B7F81B
:107800000C310133A7F80C31B7F80C315A1CB7F81A
:1078100004319A42DADBB7F90E31022B54DDB7F8A6
:107820000E310233A7F80231B7F80231042B06D12A
:10783000FF2387F80B310023A7F808310BE0022162
:107840002448FFF7B5FD034687F80B31B7F802313E
:10785000053BA7F8083102211E48FFF733FE97F8D1
:107860000B31FF2B02D01B48FFF784FDB7F808311E
:10787000002B0AD0B7F80831FA2B06D8B7F8082140
:107880003B1D19461348FFF7E1FD1248FFF772FD53
:10789000034687F801310F48FFF76CFD034687F870
:1078A000003197F80B31FF2B0FD00B4B1B68002BCF
:1078B0000BD0094B1B68B7F80821391D97F80B014D
:1078C000984702E000BF00E000BF07F58877BD469B
:1078D00080BD00BF400C00203C0A002080B5C4B031
:1078E00000AF07F58873A3F588731960114607F593
:1078F0008873A3F2091302461A7007F58873A3F57B
:1079000086730A461A800023A7F80E31B7F80E31A5
:107910005A1CA7F80E211A4607F58873A3F582733F
:10792000AA219954B7F80E315A1CA7F80E211A460D
:1079300007F58873A3F5827355219954B7F80E3172
:107940005A1CA7F80E21194607F58873A3F5827310
:1079500007F58872A2F2091212785A5407F5887353
:10796000A3F588731B68002B28D007F58873A3F54F
:1079700086731B88002B21D007F58873A3F58673C7
:107980001B88FB2B1AD8B7F80E3107F10C02D01860
:1079900007F58873A3F586731A8807F58873A3F52E
:1079A0008873196801F0B5FE07F58873A3F586732F
:1079B000B7F80E211B881344A7F80E31B7F80E3123
:1079C0005A1CA7F80E211A4607F58873A3F582738F
:1079D0000D219954B7F80E315A1CA7F80E211A46FA
:1079E00007F58873A3F582730A219954B7F80E211D
:1079F00007F10C0311461846FFF71CFE00BF07F500
:107A00008877BD4680BD80B5C4B000AF07F58873E8
:107A1000A3F5867318600A4607F58873A3F5877384
:107A20001A800023A7F80E31B7F80E315A1CA7F8B8
:107A30000E211A4607F58873A3F58273AA2199547B
:107A4000B7F80E315A1CA7F80E211A4607F58873AD
:107A5000A3F582735521995407F58873A3F58673AE
:107A60001B68002B28D007F58873A3F587731B8844
:107A7000002B21D007F58873A3F587731B88FC2B97
:107A80001AD8B7F80E3107F10C02D01807F5887331
:107A9000A3F587731A8807F58873A3F586731968A9
:107AA00001F037FE07F58873A3F58773B7F80E2149
:107AB0001B881344A7F80E31B7F80E315A1CA7F8EB
:107AC0000E211A4607F58873A3F582730D21995488
:107AD000B7F80E315A1CA7F80E211A4607F588731D
:107AE000A3F582730A219954B7F80E2107F10C030C
:107AF00011461846FFF79EFD00BF07F58877BD4683
:107B000080BD80B582B000AF78600B467B807B88FB
:107B100019467868FFF78EFD00BF0837BD4680BD67
:107B200080B5C4B000AF07F58873A3F586731860FD
:107B30000A4607F58873A3F587731A800023A7F810
:107B40000E3107F58873A3F586731B68002B28D0C8
:107B500007F58873A3F587731B88002B21D007F5E1
:107B60008873A3F587731B88FC2B1AD8B7F80E31DE
:107B700007F10C02D01807F58873A3F587731A88EC
:107B800007F58873A3F58673196801F0C2FD07F540
:107B90008873A3F58773B7F80E211B881344A7F8E1
:107BA0000E31B7F80E2107F10C0311461846FFF706
:107BB00041FD00BF07F58877BD4680BD80B485B024
:107BC00000AF786039603B68FB60FB68DAB27B68C5
:107BD0001A70FB681A0A7B680133D2B21A70FB680C
:107BE0001A0C7B680233D2B21A70FB681A0E7B68DB
:107BF0000333D2B21A7000BF1437BD4680BC704741
:107C000080B485B000AF78607B6803331B781A4678
:107C10007B6802331B781B021A437B6801331B7895
:107C20001B041A437B681B781B061343FB60FB682D
:107C3000BB60BB6818461437BD4680BC704780B532
:107C400082B000AF03463960FB711346BB80FB79FD
:107C500063F07F03DBB2BA8839681846FFF73EFE4F
:107C600000BF0837BD4680BD80B582B000AF034677
:107C7000FB71FB79002200211846FFF7E0FF00BFEF
:107C80000837BD4680BD000080B483B000AF034616
:107C9000FB71FB79013B042B1BD801A252F823F0A6
:107CA000B57C0008BB7C0008C17C0008C77C0008CC
:107CB000CD7C00084FF4E1230CE04FF47A3309E067
:107CC0004FF4E13306E04FF4964303E04FF41653CC
:107CD00000E0002318460C37BD4680BC704700BF4B
:107CE00080B584B000AF78602E4A7B6813600023B3
:107CF000FB810CE0FB89DB007A68DA40FB89D2B2B9
:107D000010333B4403F8082CFB890133FB81FB89CA
:107D1000032BEFD907F10803042219467820FFF757
:107D200015FC00BF204B1B681B6803F04003402B71
:107D3000F8D11D4B1B686FF040021A601A4BDB6BC9
:107D4000002B02D01848FCF7B5FD1748FCF7D0FC13
:107D5000154B164A1A60144A7B685360124B002276
:107D60009A60114B0022DA600F4B00221A610E4B11
:107D70000C225A610C4B00229A610B4B0022DA61F3
:107D80000948FCF765FC084B1B68DA68064B1B6862
:107D900042F01002DA60FFF795FC00BF1037BD46D5
:107DA00080BD00BF24000020A80900200038014049
:107DB00090B5ADB000AF03463960FB711346BB8090
:107DC000FB79013B402B00F2198201A252F823F00B
:107DD000D57E0008EB7E0008077F0008877F00083B
:107DE000098000081D80000841800008D57F000838
:107DF000FD810008FD810008FD810008FD8100086B
:107E0000FD810008FD810008FD810008FD8100085A
:107E1000FD810008FD810008FD810008FD8100084A
:107E2000FD810008FD810008FD810008FD8100083A
:107E3000FD810008FD810008FD810008FD8100082A
:107E4000FD810008FD810008FD81000869810008AE
:107E5000FD810008FD810008FD810008FD8100080A
:107E6000FD810008FD810008FD810008FD810008FA
:107E7000FD810008FD810008FD810008FD810008EA
:107E8000FD810008FD810008FD810008A180000837
:107E9000BB800008CB800008FD800008E980000856
:107EA00011810008DB800008FD810008FD810008C9
:107EB000FD810008FD810008FD810008FD810008AA
:107EC000FD810008FD810008FD8100082581000872
:107ED00047810008AC4B00221A70AC4B00221A708C
:107EE000FB791846FFF7C0FE90E1A948FBF7E0FFD9
:107EF000A54B01221A70A54B01221A70FB79184676
:107F0000FFF7B2FE82E1A04B1B695A1C9E490A6131
:107F1000C7F8A03002233B72D7F8A030DBB27B72E7
:107F2000D7F8A0301B0ADBB2BB72D7F8A0301B0C0D
:107F3000DBB2FB72D7F8A0301B0EDBB23B73002321
:107F4000C7F8AC3014E0D7F8AC309B00053307F12C
:107F500008021A448F49D7F8AC3051F8233019463B
:107F60001046FFF72BFED7F8AC300133C7F8AC3022
:107F7000D7F8AC30052BE6DD07F108031D211846C4
:107F8000FFF741FD42E1BB88002B07D17E4B9B8967
:107F90009BB201339AB27C4B9A8137E13B681B78E4
:107FA0001846FFF771FEC7F8A400D7F8A430002BDD
:107FB00007D1754B9B899BB201339AB2724B9A8160
:107FC00024E1FB791846FFF74FFED7F8A400FFF72E
:107FD00087FE1BE1BB88002B07D16B4B9B899BB2B3
:107FE00001339AB2684B9A8110E13B681B78002BF1
:107FF00014BF01230023DBB21A46634B9A70FB794E
:108000001846FFF731FE01E16348F8F71DFF03460C
:108010009BB219466048FFF774FDF7E05E4B1B8A80
:108020001B0A9BB2DBB23B725B4B1B8ADBB27B72DF
:1080300007F10801FB7902221846FFF700FEE5E090
:10804000514B1B78DBB23B724F4B5B78DBB27B72E0
:108050004D4B9B78DBB2BB724B4BDB78DBB2FB72D8
:10806000494B5B899BB2DBB23B73474B5B899BB24D
:108070001B0A9BB2DBB27B73434B9B899BB2DBB287
:10808000BB73414B9B899BB21B0A9BB2DBB2FB7358
:1080900007F10801FB7908221846FFF7D0FDB5E08B
:1080A0003B48FBF705FF00F0ADF9374B01221A7191
:1080B000FB791846FFF7D8FDA8E0334B0022DA70B1
:1080C000FB791846FFF7D0FDA0E02F4B0122DA70B4
:1080D000FB791846FFF7C8FD98E000F039FAFB7904
:1080E0001846FFF7C1FD91E0274B00225A7001F0BE
:1080F0009BF8FB791846FFF7B7FD87E0224B01227A
:108100005A7001F091F8FB791846FFF7ADFD7DE05C
:108110001D4B02225A7001F087F8FB791846FFF7D1
:10812000A3FD73E01D4B00221A701948FBF712FFE4
:108130001720FBF726FA2820FBF723FAFB791846CD
:10814000FFF792FD62E0154B01221A701048FBF711
:10815000AFFE1720FBF707FA2820FBF704FAFB799C
:108160001846FFF781FD51E0BB88182B07D8064B56
:108170009B899BB201339AB2034B9A8146E000235C
:10818000C7F8A83028E000BF08010020AC0100209B
:1081900060090020A80000200C0000202000002022
:1081A000D7F8A8309B0001333A681A443B681B7823
:1081B0001C461046FFF724FD0146164823465B0087
:1081C00023445B00D7F8A820134440F82310D7F8C5
:1081D000A8300133C7F8A830D7F8A830052BDFDD69
:1081E0003B681B78184600F0B9F83B681A78FB79B1
:1081F0001343DBB21846FFF737FD07E0064B9B89B8
:108200009BB201339AB2044B9A8100BF00BFB437CE
:10821000BD4690BD1C0100200801002080B592B031
:1082200000AF00237B6400233B640023FB63002337
:10823000BB6307F1180320220021184601F0EEF974
:108240003B4600221A605A609A60DA601A615A61ED
:1082500000237B6472E07B6C052B0DD07B6C9BB2A2
:108260001A4652001344DB009BB207F11801182292
:108270001846FFF7BBF906E007F118031822194664
:108280008020FFF7B3F900233B6438E03B6C002B00
:1082900000DA03339B10FB633B6C5A4203F0030389
:1082A00002F0030258BF5342BB63BB6B032B05DDD7
:1082B000264B274A6521274801F078F8FB6B9B0085
:1082C00048333B4453F8482CBB6BDB00FF2101FAD9
:1082D00003F3DB431A4007F118013B6C0B441B7896
:1082E0001946BB6BDB0001FA03F31A43FB6B9B00DF
:1082F00048333B4443F8482C3B6C01333B643B6CB4
:10830000172BC3DD00233B6412E03B6C9B0048331A
:108310003B4453F8481C10487A6C13465B001344E6
:108320005B003A6C134440F823103B6C01333B6410
:108330003B6C052BE9DD7B6C01337B647B6C052B8F
:1083400089DD012318464837BD4680BDD4A3000807
:1083500078A40008E0A300081C01002080B582B0CA
:1083600000AF0346FB71FB79052B12D0FB799BB262
:108370001A4652001344DB0098B2FA7913465B00A8
:108380001344DB000E4A134418221946FFF7DEF8A7
:1083900011E0FB79052B0CD1FA7913465B001344ED
:1083A000DB00074A1344182219468020FFF7CEF855
:1083B00001E0002300E0012318460837BD4680BDD8
:1083C0001C01002080B500AF182203499820FFF758
:1083D000BDF80123184680BDF000002080B500AF35
:1083E0004FF400720021054801F018F94FF40172B2
:1083F0000021034801F012F900BF80BD5010002099
:108400005012002080B483B000AF134B0022C3F899
:10841000E021114B0022C3F8E4210F4B012283F825
:1084200000220D4B002283F8012200237B6009E02B
:10843000094A7B687A334FF0000142F823107B68C9
:1084400001337B607B68052BF2DD00BF00BF0C377A
:10845000BD4680BC704700BF5012002090B585B06B
:1084600000AF78600023FB730023BB730023FB7312
:1084700017E0FB7B254A7A3352F82300FB7B9B00F5
:108480007A6813441B68FC7B1946F8F785FA0346A3
:1084900019461E4A04F17A0342F82310FB7B01338C
:1084A000FB73FB7B052BE4D9184BD3F8E431013384
:1084B000164AC2F8E431154BD3F8E431132B21DD11
:1084C0000023BB7313E0BB7B104A7A3352F823308E
:1084D000BC7B0F491846F8F71BFC034619460D4AAA
:1084E00004F1120342F82310BB7B0133BB73BB7B47
:1084F000052BE8D9054B002283F80022034B01220B
:1085000083F8012200BF1437BD4690BD50120020F1
:108510000000A041A800002080B400AF034B00225F
:1085200083F8012200BFBD4680BC70475012002076
:1085300080B400AF054B93F80132002B14BF012328
:108540000023DBB21846BD4680BC704750120020A5
:1085500080B483B000AF144B002283F80022124B8A
:10856000002283F80122104B0022C3F8E4210023EB
:108570007B6010E00D4A7B6812334FF0000142F837
:108580002310094A7B687A334FF0000142F8231028
:108590007B6801337B607B68052BEBDD00BF00BF90
:1085A0000C37BD4680BC704750120020A800002048
:1085B00080B582B000AF78607B68114A1A607B6832
:1085C000104A5A607B68104A9A607B680F4ADA60EA
:1085D0007B680F4A1A617B6800225A637B6800221D
:1085E0009A637B680022DA637B6800221A647B68E6
:1085F000DB687868984700BF0837BD4680BD00BF7C
:10860000E58D0008A58D0008C58D00087D8D00084A
:10861000D58C000880B584B000AF78607B680822F4
:10862000A3F844200023FB7307E0FB7B7A68134424
:10863000FF221A75FB7B0133FB73FB7B9AB27B68CD
:10864000B3F844309A42F0D3786800F002FB7B68BC
:108650001B694FF47A70984700BF1037BD4680BD44
:1086600080B582B000AF786001220521786800F003
:1086700025FA7B6893F8253018460837BD4680BD3B
:1086800080B582B000AF78600B46FB707B6800223B
:10869000DA647B68DA6C7B6893F85030D9037B68C6
:1086A00093F851301B0319437B6893F852305B01F8
:1086B0000B43796891F853100B431A437B68DA64D3
:1086C0007B68DA6CF9780223786800F067FA00BFFB
:1086D0000837BD4680BD80B582B000AF78600B46DC
:1086E000FB707B6893F86930022B03D10121786815
:1086F00000F0C3F97B6893F86930122B03D1002195
:10870000786800F0BAF97B6800225A657B685A6D78
:108710007B6893F86430D9027B6893F865301B025C
:1087200019437B6893F86630DB0119437B6893F843
:1087300067309B0119437B6893F868305B011943EC
:108740007B6893F86930DB0003F018030B4379680A
:1087500091F86A100B431A437B685A65FB7819330A
:10876000D9B27B685A6D0223786800F017FA7B68EB
:1087700000229A657B689A6D7B6893F86B301B04C6
:108780007968B1F86C100B431A437B689A65FB78E3
:108790002133D9B27B689A6D0323786800F0FEF923
:1087A00000BF0837BD4680BD80B582B000AF78609D
:1087B00002220121786800F081F902467B681A677D
:1087C0007B681A6F40F63C1313407A6813677B6826
:1087D0001A6F7B6893F8743019037B6893F87630CE
:1087E0009B0219437B6893F877305B0219437B68DF
:1087F00093F879309B010B43796891F87B100B4318
:108800001A437B681A677B681A6F02230121786814
:1088100000F0C4F900BF0837BD4680BD80B582B006
:1088200000AF78600B46FB70FB781946786800F063
:10883000DCF87B685B687A68506B7A68926B1146EB
:1088400098477B689B687A68506B7A68926B114690
:10885000984700BF0837BD4680BD80B582B000AFE5
:1088600078600421786800F0C0F87B685B687A68FB
:10887000506B7A68926B1146984700BF0837BD4627
:1088800080BD80B584B000AF78607B6893F87A30A3
:10889000102B59D0102B00F3A480012B02DC002BED
:1088A00005DA9EE0023B062B00F29B8099E07B6894
:1088B00002221A757B681B7D03F07F03DAB27B68A6
:1088C0001A757B681B7D43F04003DAB27B681A752A
:1088D0007B680422A3F844207B6893F87630012B50
:1088E00007D17B68B3F8443001339AB27B68A3F8B0
:1088F00044200023FB7307E0FB7B7A681344FF22CC
:108900005A75FB7B0133FB73FB7B9AB27B68B3F830
:1089100044309A42F0D3786800F0BFF97B6893F84E
:1089200025301A047B6893F826301B0213437A68BB
:1089300092F827201A437B689A647B6893F8282072
:108940007B6883F846204CE07B6800221A757B68C0
:108950000322A3F844207B6893F87630012B07D1DB
:108960007B68B3F8443001339AB27B68A3F84420A3
:108970007B68B3F8443001339AB27B68A3F8442093
:108980000023BB7307E0BB7B7A68134400225A754F
:10899000BB7B0133BB73BB7B9AB27B68B3F84430BB
:1089A0009A42F0D3786800F078F97B6893F8243025
:1089B0001A047B6893F825301B0213437A6892F8F7
:1089C00026201A437B689A647B6893F827207B688B
:1089D00083F846207B6893F828207B6883F847203B
:1089E00000BF00BF1037BD4680BD80B586B000AF68
:1089F00078600B46FB7002220121786800F05EF877
:108A00000346FB60FB6823F4036323F00C03FB6065
:108A1000FA68FB789B0003F03C01FB78DB0103F470
:108A200000630B431343FB607B68FA7883F87A207A
:108A3000FA6802230121786800F0B0F800BF183707
:108A4000BD4680BD80B584B000AF78600B46FB703A
:108A500001220021786800F031F80346DBB23B7355
:108A60003A7BFB781340DBB2002B01D0012300E0FE
:108A7000002318461037BD4680BD80B586B000AFD4
:108A800078600B46FB7002220121786800F016F82E
:108A90000346FB60FB6823F48073FB60FA68FB7895
:108AA0001B021343FB60FA6802230121786800F07F
:108AB00075F800BF1837BD4680BD000080B586B090
:108AC00000AF78600B46FB701346BB707B68FA788A
:108AD0001A757B681B7D03F07F03DAB27B681A7519
:108AE0007B681B7D43F04003DAB27B681A75BB7864
:108AF0009BB201339AB27B68A3F844207B68B3F839
:108B0000443001339AB27B68A3F844200023FB75FC
:108B100007E0FB7D7A681344FF225A75FB7D013321
:108B2000FB75FA7DBB789A42F3D3786800F091F830
:108B30007B68DB6F03F00403002B0AD0FB78164A36
:108B4000D35C01337A68134493F824207B6883F85C
:108B500047207B681A7D7B6883F8242000233B61D3
:108B60000023FB730FE03B691B023B61FB7B01337E
:108B70007A68134493F824301A463B6913433B61E7
:108B8000FB7B0133FB73FA7BBB789A42EBD33B69E7
:108B900018461837BD4680BD88A4000890B587B038
:108BA00000AFF8607A601A460B46FB721346BB7240
:108BB000FB68FA7A1A75FB681B7D03F07F03DAB253
:108BC000FB681A75FB681B7D23F04003DAB2FB6873
:108BD0001A75BB7A9BB201339AB2FB68A3F84420A2
:108BE0007B687B610023FB740FE0BA7AFB7C013366
:108BF000D31A7A69D1B2FA6813440A465A757B6966
:108C00001B0A7B61FB7C0133FB74FA7CBB7A9A42C2
:108C1000EBD3FB6803F11402FB68B3F84430DBB21A
:108C2000BC7A1946104600F071F803461A46FB68F4
:108C300023445A75FB68B3F8443001339AB2FB6899
:108C4000A3F84420F86800F004F800BF1C37BD46C4
:108C500090BD80B582B000AF78607B689B687A6811
:108C6000506B7A68926B114698477B681B687A68EC
:108C700002F114007A6802F124017A68B2F8442003
:108C800098477B685B687A68506B7A68926B11468C
:108C9000984700BF0837BD4680BD80B582B000AFA1
:108CA00078607B689B687A68506B7A68926B114633
:108CB00098477B681B687A6802F114007A6802F1B1
:108CC00024017A68B2F84420984700BF0837BD46AF
:108CD00080BD000080B483B000AF78607B68C8229C
:108CE00002FB03F3084AA2FB0323DB087B60FFE7D8
:108CF0007B685A1E7A60002BFAD100BF00BF0C3788
:108D0000BD4680BC704700BFCDCCCCCC80B485B014
:108D100000AF78600B46FB700023FB730023BB732E
:108D200022E0BB7B7A6813441A78FB7B5340FB73C9
:108D300000237B7312E097F90F30002B08DA97F9C4
:108D40000F305B005BB283F007035BB2FB7302E0A2
:108D5000FB7B5B00FB737B7B01337B737B7B072B94
:108D6000E9D9BB7B0133BB73BA7BFB789A42D8D37A
:108D7000FB7B18461437BD4680BC704780B485B075
:108D800000AF78607B68FB60FB68054A5A63FB684C
:108D900010229A6300BF1437BD4680BC704700BFE5
:108DA0000008014080B582B000AF786039603B6850
:108DB0009BB2012219467868F9F790FF00BF083787
:108DC000BD4680BD80B582B000AF786039603B6839
:108DD0009BB2002219467868F9F780FF00BF083778
:108DE000BD4680BD80B586B002AFF860B96013465D
:108DF000FB80FB8864220092BA68F9680848FAF799
:108E00005EFC0346002B05D00548FAF701FE4FF043
:108E1000FF3300E0002318461037BD4680BD00BF79
:108E20000809002080B58EB000AFF860B9607A60A4
:108E30003B60BB687B617B68BB613B68FB613B6CF3
:108E40003B627B6C7B62BB6CBB62002387F8373074
:108E50000121F868FFF7E2FC002387F82F3057E084
:108E60004FF4FA733B6300BF8021F868FFF7EAFD17
:108E70000346012B05D13B6B013B3B633B6B002B56
:108E8000F2D13B6B002B02D14FF0FF3346E0F86884
:108E9000FFF7F7FCFB6893F8463003F00F0387F801
:108EA0002E3097F82E30052B2DD897F8372097F8CD
:108EB0002E3022FA03F303F00103002B23D197F89D
:108EC0002E309B0038333B4453F8243C002B09D010
:108ED00097F82E309B0038333B4453F8243CFA6813
:108EE000926C1A6097F82E30012202FA03F3DAB27C
:108EF00097F83730134387F8373097F837303F2BE0
:108F000001D100230AE097F82F30013387F82F3082
:108F100097F82F300B2BA3D94FF0FF331846383773
:108F2000BD4680BD90B587B004AF78607B68181DE2
:108F30007B6803F108047B680C337A681032796827
:108F40001431029101920093234602467968044845
:108F5000FFF768FF034618460C37BD4690BD00BFBB
:108F60005814002080B584B000AF0346FB717D48E3
:108F7000FFF704FF7B48FFF71BFB7A48FFF74AFB2C
:108F8000FF23FB73784B00221A707648FFF768FBCB
:108F90000346FB73FB7B282B0DD0734B1B780133EF
:108FA000DAB2714B1A707148FDF7C2FA01216E48AE
:108FB000FEF7A7FDE9E700BF6A48FFF74EFC694BE3
:108FC000012283F85020674B002283F85120654B23
:108FD000002283F85220634B012283F85320092199
:108FE0006048FFF74DFB5F4B012283F850205D4B3B
:108FF000002283F851205B4B022283F85220594B08
:10900000032283F853200A215648FFF739FB554BBA
:10901000012283F85020534B002283F85120514BFA
:10902000042283F852204F4B052283F853200B2152
:109030004C48FFF725FB4B4B012283F85020494B4E
:10904000002283F85120474B062283F85220454BDB
:10905000072283F853200C214248FFF711FB414BB4
:10906000012283F850203F4B002283F851203D4BD2
:10907000082283F852203B4B092283F853200D210C
:109080003848FFF7FDFA374B012283F85020354B63
:10909000002283F85120334B0A2283F85220314BAF
:1090A0000B2283F853200E212E48FFF7E9FA2D4BAF
:1090B000012283F864202B4B012283F86720294B7F
:1090C000012283F86820274B002283F86920254B72
:1090D000002283F86520234B002283F86620214B71
:1090E000072283F86A201F4B402283F86B20FB790C
:1090F0009AB21C4BA3F86C2000211A48FFF7EBFA38
:1091000001211848FFF7E7FA02211648FFF7E3FAB2
:1091100003211448FFF7DFFA04211248FFF7DBFAB6
:1091200005211048FFF7D7FA0E4B022283F8792069
:109130000C4B002283F87B200A4B012283F8762017
:10914000084B002283F87720064B002283F8742016
:109150000448FFF729FB0648FDF7EAF900BF10377E
:10916000BD4680BD58140020541400201CA40008E3
:1091700030A4000880B483B000AF00237B60284B8C
:109180001B68002B12D0264B1B68DB6803F40053CE
:10919000002B03D0234B01221A730EE0214B002237
:1091A0001A737B6843F480337B6006E01D4B00221A
:1091B0001A737B6843F480337B60194BDB6B002BA5
:1091C00018D0174BDB6B1B68002B13D0144BDB6BD9
:1091D0001B681B6803F00103002B03D0114B012215
:1091E0005A730EE00F4B00225A737B6843F400332E
:1091F0007B6006E00B4B00225A737B6843F400331C
:109200007B60084B1B6823F470227B681343054A7C
:1092100013607B6818460C37BD4680BC704700BFA2
:10922000A8090020D814002080B483B000AF002328
:109230007B6031E000233B600BE01C497B685A01F6
:109240003B6813444FF0000241F823203B68013390
:109250003B603B681D2BF0DD144A7B68DB01134447
:1092600078334FF000021A60104A7B68DB01134428
:109270007C3300221A700D4A7B68DB0113447D3376
:1092800000221A70094A7B68DB0113447E330022F6
:109290001A707B6801337B607B68052BCADD00BFD9
:1092A00000BF0C37BD4680BC704700BFEC140020E7
:1092B00080B584B000AF03463960FB71FB79052BA4
:1092C00002D94FF0000367E0FB79DB01344A134415
:1092D000BB60BB6893F87E30002B1FD10023FB607E
:1092E00007E0BB68FA68396843F82210FB6801336D
:1092F000FB60FB681D2BF4DD2A493868F7F754FC46
:1093000003461A46BB689A67BB681E2283F87D2015
:10931000BB68012283F87E203B683DE0BB689A6F02
:10932000BB6893F87C301946BB6853F82130194666
:109330001046F7F72FFB03461A46BB689A67BB68CF
:1093400093F87C301946BB683A6843F82120BB6823
:109350009B6F39681846F7F71FFB03461A46BB6830
:109360009A67BB6893F87C305A1C0F4B83FB02133F
:1093700013441911D317C91A0B461B015B1A5B0062
:10938000D11ACAB2BB6883F87C20BB689B6F0549C1
:109390001846F7F7BDFC034618461037BD4680BD9A
:1093A000EC1400200000F041898888881FB514461D
:1093B0001A46094B05461B68D8684CB1074BCDE9E6
:1093C000013400912B46064900F0B4F800F0AFF9E3
:1093D000044B1C46F3E700BF34000020C1A4000882
:1093E000CEA40008FCA40008002310B50446C0E980
:1093F0000033C0E90433836081814366C2818361A5
:10940000194608225C3000F009F90D4B24626362B2
:109410000C4BA3620C4BE3620C4B23630C4B9C4242
:1094200006D003F16802944202D0D0339C4205D1A9
:1094300004F15800BDE8104000F068B910BD00BF4D
:1094400095950008B7950008EF9500081596000857
:10945000EC170020024A0349034800F07DB800BF22
:1094600028000020CD9F00083800002041680C4BE8
:1094700010B59942044601D000F0A8FDA168094B3F
:10948000994202D0204600F0A1FDE168064B9942C6
:1094900004D02046BDE8104000F098BD10BD00BFCC
:1094A000EC17002054180020BC1800200C4B0D4A6B
:1094B00010B504211A600C480022FFF795FF0A4BF3
:1094C00001221C46092103F16800FFF78DFF04F11A
:1094D000D0000222BDE810401221FFF785BF00BF77
:1094E0002419002055940008EC170020014800F0D2
:1094F0000EB900BF2D190020014800F009B900BFC6
:109500002D19002010B50446FFF7F0FF236A1BB1A8
:10951000BDE81040FFF7F0BF044B2362044B1B680B
:10952000002BF5D1FFF7C2FFF2E700BF6D940008F2
:10953000241900200EB403B5014603AB054853F8C7
:10954000042B0068019300F017FA02B05DF804EBF9
:1095500003B07047340000202DE9F84307468846E1
:1095600014460026D4E90195B9F1010905D524680E
:10957000002CF7D13046BDE8F883AB89012B07D921
:10958000B5F90E30013303D029463846C0470643AB
:109590006835E9E710B50C46B1F90E1000F068F82F
:1095A0000028ABBF636DA3891B1823F48053ACBFA5
:1095B0006365A38110BD2DE9F0411F468B890546E7
:1095C000DB050C46164605D502230022B1F90E1024
:1095D00000F03CF8A389324623F48053A381284647
:1095E0003B46B4F90E10BDE8F04100F053B810B599
:1095F0000C46B1F90E1000F029F8B4F90C30421CF9
:109600000BBF23F4805343F48053A381A38118BF7D
:10961000606510BDB1F90E1000F008B803460244B1
:10962000934200D1704703F8011BF9E738B50023D6
:10963000054D044608462B60FDF70FFE431C02D182
:109640002B6803B1236038BD2819002038B50446C3
:10965000084611460022054D2A601A46FDF721FEF4
:10966000431C02D12B6803B1236038BD28190020A8
:1096700038B50446084611460022054D2A601A46B0
:10968000FDF7CEFD431C02D12B6803B1236038BD2A
:109690002819002038B50446084611460022054D19
:1096A0002A601A46FDF7D0FB431C02D12B6803B198
:1096B000236038BD28190020014B1868704700BF8F
:1096C0003400002070B500260C4D0D4B5B1B9C1028
:1096D000A64209D1002600F015FE0A4D0A4B5B1B7D
:1096E0009C10A64205D170BD55F8043B9847013641
:1096F000EEE755F8043B98470136F2E738A5000835
:1097000038A5000838A500083CA500087047704738
:1097100070470A44914200F1FF3300D1704710B501
:1097200011F8014B914203F8014FF9D110BD062009
:1097300008B500F02DFD0120FDF767FD38B50546A1
:10974000002940D051F8043C0C1F002BB8BFE4188E
:1097500000F0DEF81C4A136833B9636014602846D1
:10976000BDE8384000F0DAB8A34208D920682118D3
:109770008B4201BF19685B6809182160EDE71A4642
:109780005B680BB1A342FAD911685018A0420BD103
:1097900020680144501883421160E0D118685B686A
:1097A000084410605360DAE702D90C232B60D6E737
:1097B000206821188B4201BF19685B680918216075
:1097C00063605460CBE738BD3419002070B50F4E8C
:1097D0000C463168054611B900F0F6FC30602146B0
:1097E000284600F0F1FC431C03D14FF0FF34204623
:1097F00070BDC41C24F00304A042F8D0211A2846EE
:1098000000F0E2FC0130F2D1EFE700BF3019002098
:109810002DE9F843CD1C25F0030508350C2D38BF84
:109820000C25002D064601DBA94204D90C23336028
:109830000020BDE8F883DFF8D48000F069F8D8F89C
:1098400000301C4644BB29463046FFF7BFFF431C8F
:10985000044658D1D8F800402746002F43D1002CA9
:109860004BD023683946304604EB030900F0ACFCCA
:10987000814542D1216830466D1A2946FFF7A6FF7F
:1098800001303AD023682B442360D8F800305A685E
:1098900062BBC8F800700FE02268521B20D40B2A6C
:1098A00017D96119A342256018BF5960636808BFC2
:1098B000C8F8001062514B60304600F02FF804F1F8
:1098C0000B00231D20F00700C21A1CBF1B1AA35057
:1098D000AFE76268A3420CBFC8F800205A60EBE70C
:1098E00023466468AEE73C467F68B6E71A465B6885
:1098F000A342FBD100235360DEE70C2330463360E4
:1099000000F00CF894E70560D6E700BF341900209A
:109910000148FFF7FCBE00BF2C1900200148FFF7EB
:10992000F7BE00BF2C190020936810B4013B002B38
:10993000936007DA9469A34201DB0A2902D110BCC3
:1099400000F06CBB1368581C10601970084610BCFE
:109950007047F8B506460F461446D518AC4201D1FB
:10996000002007E03A46304614F8011BFFF7DCFF01
:10997000431CF3D1F8BD00002DE9F0470D46144615
:109980001F4606469CB018B1036A0BB9FFF7BAFD33
:109990006B6ED90705D4AB899A0502D4A86DFFF781
:1099A000B6FEAB891B0701D52B699BB9294630460A
:1099B00000F072FB70B16B6EDC0704D54FF0FF3026
:1099C0001CB0BDE8F087AB899805F7D4A86DFFF708
:1099D0009FFEF3E70023099320238DF829303023DD
:1099E0004FF001080397694F8DF82A3023469946B6
:1099F00013F8012B0AB1252AF9D1B9EB040A0BD0CF
:109A00005346224629463046FFF7A3FF013000F0B7
:109A1000A480099A5244099299F80030002B00F072
:109A20009C8000234FF0FF32CDE9052309F10109A5
:109A3000049307938DF853301A934C46052214F87B
:109A4000011B524800F0D0FB049BD0B9D90644BF9B
:109A500020228DF853201A0744BF2B228DF8532063
:109A600099F800202A2A13D04C4600204FF00A0C07
:109A7000079A214611F8013B303B092B49D968B9B7
:109A800013E0C01B08FA00F01843A1460490D4E785
:109A9000039A111D12680391002A01DB079204E06A
:109AA000524243F002030792049323782E2B0AD1EB
:109AB00063782A2B32D1039B02341A1D1B68039250
:109AC00043EAE3730593DFF8C89003224846217800
:109AD00000F08AFB38B14022049BA0EB09008240D1
:109AE00013430134049314F8011B062229488DF80E
:109AF000281000F079FB00283ED0274818BB039BB4
:109B0000073323F0070308330393099B03440993A6
:109B10006CE70C4601200CFB0232AAE700234FF051
:109B20000A0C194601340593204610F8012B303AEF
:109B3000092A03D9002BC6D00591C4E704460123A6
:109B40000CFB0121F0E703AB00932A463046134B90
:109B500004A9AFF30080431CD7D16B6ED90705D49D
:109B6000AB899A0502D4A86DFFF7D2FDAB895B06DD
:109B70003FF524AF099823E703AB00932A4630460C
:109B8000064B04A900F07EF8E5E700BFFDA400083D
:109B900003A5000807A5000800000000539900086D
:109BA0002DE9F047164698468A680B6907469342A6
:109BB000B8BF1346336091F843200C46DDF820907F
:109BC0000AB1013333602368990642BF3368023318
:109BD0003360256815F0060506D104F1190AE3681B
:109BE00032689B1AAB422BDC94F843302268003B6E
:109BF00018BF0123920630D44146384604F143028F
:109C0000C847013023D02368226903F00603042BE0
:109C100014BF002533684FF0000608BFE56804F163
:109C20001A0408BFED1A54F8123C08BF25EAE5757E
:109C30009342C4BF9B1AED18B5421AD1002008E028
:109C40000123524641463846C847013003D14FF000
:109C5000FF30BDE8F0870135C1E73020E11881F819
:109C600043005A1C94F845102244023382F84310F2
:109C7000C2E70123224641463846C8470130E6D0B4
:109C80000136D9E72DE9F0430D7E85B0782D904659
:109C900007460C4699460C9E01F1430207D8622DF7
:109CA0000AD8002D00F0D780582D00F0BC8004F1B8
:109CB000420684F842503BE0A5F16303152BF6D829
:109CC00001A151F823F000BF219D0008359D000837
:109CD000AF9C0008AF9C0008AF9C0008AF9C000838
:109CE000359D0008AF9C0008AF9C0008AF9C0008A1
:109CF000AF9C00083D9E00085F9D0008EF9D000896
:109D0000AF9C0008AF9C00085F9E0008AF9C000855
:109D10005F9D0008AF9C0008AF9C0008F79D0008FD
:109D200033681A1D1B68326004F1420684F8423021
:109D30000123A1E033682068191D3160060601D5B2
:109D40001D6803E04506FBD5B3F90050002D03DA8A
:109D50002D236D4284F843300A235B4811E02168CB
:109D60003368080653F8045B02D4490648BFADB215
:109D70003360237E54486F2B5CD10823002184F884
:109D800043106668002EA66005DB21682E4321F093
:109D90000401216050D01646B5FBF3F103FB115CC2
:109DA00010F80CC006F801CDAC4663450D46F3D95A
:109DB000082B0BD12368DB0708D52369616899421A
:109DC000DEBF302306F8013C06F1FF36921B22610C
:109DD000434621463846CDF8009003AAFFF7E0FE3F
:109DE00001304ED14FF0FF3005B0BDE8F08323685D
:109DF00043F0200323607825344884F845502368D5
:109E0000316813F0800F51F8045B03D113F0400F59
:109E100018BFADB23160D90744BF43F020032360BF
:109E20001DB11023AAE72848E7E7236823F02003A1
:109E30002360F6E70A23A1E71646B9E733682568E9
:109E4000181D616930602E061B6801D5196002E09B
:109E50006806FBD51980002316462361B8E73368EE
:109E600000211A1D32601E686268304600F0BCF99D
:109E700008B1801B606063682361002384F843306D
:109E8000A6E73246414638462369C8470130A9D083
:109E900023689B0713D4E068039B9842B8BF184619
:109EA000A2E70123324641463846C847013099D0DF
:109EB0000135E36803995B1AAB42F2DCEBE700255E
:109EC00004F11906F5E700BF0EA500081FA500085C
:109ED000B1F90C20F8B5160705460C4651D44B686D
:109EE000002B02DC0B6C002B49DDE66A002E46D00D
:109EF000002312F480522F682B6031D0626DA38949
:109F0000590705D56368D21A636B0BB1236CD21A5B
:109F100000232846E66A216AB047421CB4F90C3097
:109F200006D129681D2945D8274ACA40D60741D5F8
:109F3000002262602269D904226004D5421C01D14A
:109F40002B6803B96065616B2F60C1B104F14403F4
:109F5000994202D02846FFF7F1FB002363630EE02D
:109F600001232846216AB0470246501CC7D12B68FE
:109F7000002BC4D01D2B01D0162B19D12F6000202F
:109F80001DE00F69002FFAD0930718BF00230E6859
:109F900008BF4B69F61B0F608B60002EEFDD334668
:109FA0003A462846216AD4F828C0E047002807DC52
:109FB000B4F90C304FF0FF3043F04003A381F8BDFB
:109FC0000744361AE9E700BF0100402038B50B69A5
:109FD00005460C4613B90025284638BD18B1036A5A
:109FE0000BB9FFF78FFAB4F90C30002BF3D0626E87
:109FF000D00704D4990502D4A06DFFF788FB28464A
:10A000002146FFF765FF636E0546DA07E4D4A389AE
:10A010009B05E1D4A06DFFF77BFBDDE7F8B50E46AD
:10A020001446054618B1036A0BB9FFF76BFAA3692A
:10A03000A360A3891A0701D5236943B9214628469D
:10A0400000F02AF818B14FF0FF373846F8BD236802
:10A050002269F6B2981A63693746834205DC2146C5
:10A060002846FFF7B3FF0028EDD1A368013BA360AA
:10A0700023685A1C22601E706269431C9A4204D0F5
:10A08000A389DB07E1D50A2EDFD121462846FFF759
:10A090009DFF0028D9D0D6E738B5284B054618686B
:10A0A0000C4618B1036A0BB9FFF72CFAB4F90C305F
:10A0B0001A0721D4D80607D409222A6043F04003A6
:10A0C0004FF0FF30A38130E0590712D5616B41B1E9
:10A0D00004F14403994202D02846FFF72FFB0023E6
:10A0E00063630022B4F90C306260226923F0240318
:10A0F000226043F00803A38122693AB99A0501D589
:10A10000180603D52146284600F0A0F8B4F90C3013
:10A1100013F001020AD00022A26062695242A261D9
:10A12000226942B913F08000C8D138BD990758BFE1
:10A130006269A260F4E70020F7E700BF3400002066
:10A140001F2938B505460C4604D9162303604FF085
:10A15000FF3038BDC26B12B152F821304BB92846DE
:10A1600000F030F8224601462846BDE8384000F0AD
:10A1700017B8012B0AD0591C03D116230360012004
:10A18000E7E70021204642F8241098470020E0E746
:10A19000024B01461868FFF7D3BF00BF3400002010
:10A1A00038B50023064D0446084611462B60FDF7DE
:10A1B0001CF8431C02D12B6803B1236038BD00BFDB
:10A1C00028190020FDF70AB838B50023054D0446CC
:10A1D00008462B60FCF7CCFF431C02D12B6803B16F
:10A1E000236038BD28190020034610B5C9B20244C7
:10A1F0009342184601D1002003E0047801338C42D9
:10A20000F6D110BD70B50C46B1F90E1015460029F7
:10A210001E4696B00ADAA18911F0800113D14FF4DD
:10A220008062002031602A6016B070BD6A4600F07E
:10A2300047F80028EFDB019901F47041A1F50053C4
:10A2400059425941EBE700214022EAE78B8973B577
:10A250009E0705460C4607D504F14703236023619A
:10A260000123636102B070BD01AB6A46FFF7CAFF0C
:10A27000009E28463146FFF7CBFAB4F90C3038B9C6
:10A280009A05EFD423F0030343F00203A381E3E72D
:10A2900043F08003A381019BC4E904062060002BE6
:10A2A000E0D02846B4F90E1000F01CF80028D9D0F0
:10A2B000A38923F0030343F00103A381D2E7000045
:10A2C00038B50023064D0446084611462B60FCF7BE
:10A2D000CFFF431C02D12B6803B1236038BD00BF00
:10A2E0002819002038B50023054D044608462B6088
:10A2F000FCF7CDFF431C02D12B6803B1236038BDAE
:10A3000028190020F8B500BFF8BC08BC9E4670476D
:0CA31000F8B500BFF8BC08BC9E467047C2
:10A31C0044617461205472616E73666F726D617406
:10A32C00696F6E204C6179657220496E6974204F9B
:10A33C004B0D0A00466C6F617446696C7465722033
:10A34C00496E6974204F4B0D0A0000004C48413790
:10A35C00363638204F4B0D0A000000002D2D2D20D5
:10A36C0052533438352073656C662D7465737420C4
:10A37C002D2D2D0D0A0000005253343835204F4B33
:10A38C00202855534152542B444D41290D0A0000AD
:10A39C005253343835204641494C0D0A0000000018
:10A3AC005A65726F2063616C696220646F6E652000
:10A3BC00E2809420736176656420746F20466C6132
:10A3CC0073680D0A0000000028746D7029203C2071
:10A3DC0034000000443A2F53542F776F726B737014
:10A3EC006163652F7673636F64652F5937355F4DE5
:10A3FC006F64656C2F436F72652F5372632F666C9D
:10A40C006173685F73746F726167652E630000001F
:10A41C004144435F3120496E6974204661696C6523
:10A42C00640D0A004144435F3120636F6D706C65AD
:10A43C0074656420696E6974204F4B0D0A0000002E
:10A44C0000000000000000000102030406070809D8
:10A45C0000000000010203040203040506070809BA
:10A46C000A0B0C0D0E0F101001020000666C6173CC
:10A47C00685F6C6F61645F616C6C000001020303C8
:10A48C0002010303010202020202020202020202A0
:10A49C00020202020202020202020202020303038D
:10A4AC000303030303030303030303030303030370
:10A4BC0003030303032C2066756E6374696F6E3A95
:10A4CC002000617373657274696F6E20222573228C
:10A4DC00206661696C65643A2066696C652022258A
:10A4EC0073222C206C696E65202564257325730AF4
:10A4FC0000232D302B2000686C4C006566674546A8
:10A50C0047003031323334353637383941424344E1
:10A51C004546003031323334353637383961626371
:04A52C0064656600FC
:08A530001869FF7F0100000023
:04A5380035010008E1
:04A53C001101000801
:10A5400000127A00100000000100000048532D3076
:10A55000313233343536370000000000010100008D
:10A5600001000000000807000000000003000000D8
:10A57000EC1700203800002000000000EC1700203D
:10A5800054180020BC18002000000000000000004B
:10A5900000000000000000000000000000000000BB
:10A5A00000000000000000000000000000000000AB
:10A5B000000000000000000000000000000000009B
:04A5C0000000000097
:04000005080072BDC0
:00000001FF
