:020000040800F2
:100000000050002059720008277000082F70000867
:10001000377000083F7000084770000800000000BB
:100020000000000000000000000000004F70000809
:100030005B70000800000000677000087370000823
:10004000A1720008A1720008A1720008A172000844
:10005000A1720008A1720008A1720008A172000834
:10006000A1720008A1720008A1720008A172000824
:10007000A1720008A1720008A17200088170000836
:10008000A1720008A1720008A1720008A172000804
:10009000A1720008A1720008A17200080570000892
:1000A000A1720008A1720008A1720008A1720008E4
:1000B00095700008A1720008A1720008A1720008E2
:1000C000A1720008A1720008A1720008A1720008C4
:1000D000A172000891650008A1720008A1720008D1
:1000E000A1720008A1720008A172000800000000BF
:1000F0000000000000000000000000000000000000
:0C01000000000000000000005FF808F1A3
:1001100010B5054C237833B9044B13B10448AFF341
:1001200000800123237010BD840000200000000027
:10013000F0A2000808B5034B1BB103490348AFF315
:10014000008008BD0000000088000020F0A2000828
:1001500081F0004102E000BF83F0004330B54FEA78
:1001600041044FEA430594EA050F08BF90EA020FE5
:100170001FBF54EA000C55EA020C7FEA645C7FEA78
:10018000655C00F0E2804FEA5454D4EB5555B8BF9B
:100190006D420CDD2C4480EA020281EA030382EA0C
:1001A000000083EA010180EA020281EA0303362D9E
:1001B00088BF30BD11F0004F4FEA01314FF4801C71
:1001C0004CEA113102D0404261EB410113F0004F83
:1001D0004FEA03334CEA133302D0524263EB43033A
:1001E00094EA050F00F0A780A4F10104D5F1200ED8
:1001F0000DDB02FA0EFC22FA05F2801841F1000133
:1002000003FA0EF2801843FA05F359410EE0A5F106
:1002100020050EF1200E012A03FA0EFC28BF4CF037
:10022000020C43FA05F3C01851EBE37101F00045ED
:1002300007D54FF0000EDCF1000C7EEB00006EEBFA
:100240000101B1F5801F1BD3B1F5001F0CD3490884
:100250005FEA30004FEA3C0C04F101044FEA4452DB
:1002600012F5800F80F09A80BCF1004F08BF5FEA62
:10027000500C50F1000041EB045141EA050130BD42
:100280005FEA4C0C404141EB0101013C28BFB1F554
:10029000801FE9D291F0000F04BF01460020B1FA9F
:1002A00081F308BF2033A3F10B03B3F120020CDA72
:1002B0000C3208DD02F1140CC2F10C0201FA0CF050
:1002C00021FA02F10CE002F11402D8BFC2F1200CB5
:1002D00001FA02F120FA0CFCDCBF41EA0C0190406B
:1002E000E41AA2BF01EB0451294330BD6FEA0404B4
:1002F0001F3C1CDA0C340EDC04F11404C4F120029F
:1003000020FA04F001FA02F340EA030021FA04F3B0
:1003100045EA030130BDC4F10C04C4F1200220FA07
:1003200002F001FA04F340EA0300294630BD21FA45
:1003300004F0294630BD94F0000F83F4801306BF0B
:1003400081F480110134013D4EE77FEA645C18BFFF
:100350007FEA655C29D094EA050F08BF90EA020F96
:1003600005D054EA000C04BF1946104630BD91EA8E
:10037000030F1EBF0021002030BD5FEA545C05D191
:100380004000494128BF41F0004130BD14F58004D0
:100390003CBF01F5801130BD01F0004545F0FE4144
:1003A00041F470014FF0000030BD7FEA645C1ABF79
:1003B000194610467FEA655C1CBF0B46024650EAB0
:1003C000013406BF52EA033591EA030F41F40021DC
:1003D00030BD00BF90F0000F04BF0021704730B562
:1003E0004FF4806404F132044FF000054FF0000137
:1003F00050E700BF90F0000F04BF0021704730B5F8
:100400004FF4806404F1320410F0004548BF4042CC
:100410004FF000013EE700BF42004FEAE2014FEA21
:1004200031014FEA02701FBF12F07F4393F07F4FFC
:1004300081F06051704732F07F4208BF704793F0FF
:100440007F4F04BF41F40021704730B54FF4607412
:1004500001F0004521F000411CE700BF50EA010215
:1004600008BF704730B54FF000050AE050EA0102BE
:1004700008BF704730B511F0004502D5404261EB2E
:1004800041014FF4806404F132045FEA915C3FF46F
:10049000D8AE4FF003025FEADC0C18BF03325FEA0C
:1004A000DC0C18BF033202EBDC02C2F1200300FABD
:1004B00003FC20FA02F001FA03FE40EA0E0021FAE2
:1004C00002F11444BDE600BF70B54FF0FF0C4CF4D0
:1004D000E06C1CEA11541DBF1CEA135594EA0C0F82
:1004E00095EA0C0F00F0DEF82C4481EA030621EABD
:1004F0004C5123EA4C5350EA013518BF52EA0335F8
:1005000041F4801143F4801338D0A0FB02CE4FF0A9
:100510000005E1FB02E506F00042E0FB03E54FF0D9
:100520000006E1FB03569CF0000F18BF4EF0010ED1
:10053000A4F1FF04B6F5007F64F5407404D25FEACD
:100540004E0E6D4146EB060642EAC62141EA555180
:100550004FEAC52040EA5E504FEACE2EB4F1FD0CC2
:1005600088BFBCF5E06F1ED8BEF1004F08BF5FEA40
:10057000500E50F1000041EB045170BD06F00046F2
:1005800046EA010140EA020081EA0301B4EB5C049F
:10059000C2BFD4EB0C0541EA045170BD41F4801197
:1005A0004FF0000E013C00F3AB8014F1360FDEBFBC
:1005B000002001F0004170BDC4F10004203C35DA98
:1005C0000C341BDC04F11404C4F1200500FA05F31B
:1005D00020FA04F001FA05F240EA020001F00042BC
:1005E00021F0004110EBD37021FA04F642EB060132
:1005F0005EEA430E08BF20EAD37070BDC4F10C045C
:10060000C4F1200500FA04F320FA05F001FA04F21F
:1006100040EA020001F0004110EBD37041F100010B
:100620005EEA430E08BF20EAD37070BDC4F1200516
:1006300000FA05F24EEA020E20FA04F301FA05F27E
:1006400043EA020321FA04F001F0004121FA04F226
:1006500020EA020000EBD3705EEA430E08BF20EAF6
:10066000D37070BD94F0000F0FD101F00046400030
:1006700041EB010111F4801F08BF013CF7D041EAB2
:10068000060195F0000F18BF704703F000465200B6
:1006900043EB030313F4801F08BF013DF7D043EA87
:1006A0000603704794EA0C0F0CEA135518BF95EA3D
:1006B0000C0F0CD050EA410618BF52EA4306D1D1C4
:1006C00081EA030101F000414FF0000070BD50EAE3
:1006D000410606BF1046194652EA430619D094EA6D
:1006E0000C0F02D150EA013613D195EA0C0F05D157
:1006F00052EA03361CBF104619460AD181EA0301AB
:1007000001F0004141F0FE4141F470014FF0000062
:1007100070BD41F0FE4141F4780170BD70B54FF0FD
:10072000FF0C4CF4E06C1CEA11541DBF1CEA13557D
:1007300094EA0C0F95EA0C0F00F0A7F8A4EB05045F
:1007400081EA030E52EA03354FEA013100F0888056
:100750004FEA03334FF0805545EA131343EA12631F
:100760004FEA022245EA111545EA10654FEA0026D4
:100770000EF000419D4208BF964244F1FD0404F58D
:10078000407402D25B084FEA3202B61A65EB0305E9
:100790005B084FEA32024FF480104FF4002CB6EBA6
:1007A000020E75EB030E22BFB61A754640EA0C0026
:1007B0005B084FEA3202B6EB020E75EB030E22BF66
:1007C000B61A754640EA5C005B084FEA3202B6EBA7
:1007D000020E75EB030E22BFB61A754640EA9C0066
:1007E0005B084FEA3202B6EB020E75EB030E22BF36
:1007F000B61A754640EADC0055EA060E18D04FEAF4
:10080000051545EA16754FEA06164FEAC30343EA93
:1008100052734FEAC2025FEA1C1CC0D111F4801F60
:100820000BD141EA00014FF000004FF0004CB6E759
:1008300011F4801F04BF01430020B4F1FD0C88BFF8
:10084000BCF5E06F3FF6AFAEB5EB030C04BFB6EB03
:10085000020C5FEA500C50F1000041EB045170BDF6
:100860000EF0004E4EEA113114EB5C04C2BFD4EB23
:100870000C0541EA045170BD41F480114FF0000EA7
:10088000013C90E645EA060E8DE60CEA135594EA23
:100890000C0F08BF95EA0C0F3FF43BAF94EA0C0F26
:1008A0000AD150EA01347FF434AF95EA0C0F7FF49B
:1008B00025AF104619462CE795EA0C0F06D152EAEF
:1008C00003353FF4FDAE1046194622E750EA4106D3
:1008D00018BF52EA43067FF4C5AE50EA41047FF4E4
:1008E0000DAF52EA43057FF4EBAE12E74FEA410247
:1008F000B2F1E04324BFB3F5001CDCF1FE5C0DD97E
:1009000001F0004C4FEAC0024CEA5070B2F1004FC7
:1009100040EB830008BF20F00100704711F0804FCA
:1009200021D113F13872BCBF01F00040704741F48F
:1009300080114FEA5252C2F11802C2F1200C10FA93
:100940000CF320FA02F018BF40F001004FEAC12377
:100950004FEAD32303FA0CFC40EA0C0023FA02F31B
:100960004FEA4303CCE77FEA625307D150EA0133F1
:100970001EBF4FF0FE4040F44000704701F00040C1
:1009800040F0FE4040F40000704700BF80F000409F
:1009900002E000BF81F0004142001FBF5FEA410357
:1009A00092EA030F7FEA226C7FEA236C6AD04FEA57
:1009B0001262D2EB1363C1BFD2184140484041409C
:1009C000B8BF5B42192B88BF704710F0004F40F44E
:1009D000000020F07F4018BF404211F0004F41F46A
:1009E000000121F07F4118BF494292EA030F3FD036
:1009F000A2F1010241FA03FC10EB0C00C3F1200349
:100A000001FA03F100F0004302D5494260EB4000D7
:100A1000B0F5000F13D3B0F1807F06D340084FEA42
:100A2000310102F10102FE2A51D2B1F1004F40EB37
:100A3000C25008BF20F0010040EA0300704749009F
:100A400040EB0000013A28BFB0F5000FEDD2B0FA3C
:100A500080FCACF1080CB2EB0C0200FA0CF0AABF5F
:100A600000EBC25052421843BCBFD04018437047FD
:100A700092F0000F81F4000106BF80F40000013203
:100A8000013BB5E74FEA41037FEA226C18BF7FEADA
:100A9000236C21D092EA030F04D092F0000F08BF1C
:100AA0000846704790EA010F1CBF0020704712F003
:100AB0007F4F04D1400028BF40F00040704712F142
:100AC00000723CBF00F50000704700F0004343F0A7
:100AD000FE4040F4000070477FEA226216BF0846DD
:100AE0007FEA23630146420206BF5FEA412390EAA0
:100AF000010F40F4800070474FF0000304E000BF96
:100B000010F0004348BF40425FEA000C08BF704746
:100B100043F0964301464FF000001CE050EA01020A
:100B200008BF70474FF000030AE000BF50EA01021F
:100B300008BF704711F0004302D5404261EB41010C
:100B40005FEA010C02BF84460146002043F0B64331
:100B500008BFA3F18053A3F50003BCFA8CF2083A56
:100B6000A3EBC25310DB01FA02FC634400FA02FC5F
:100B7000C2F12002BCF1004F20FA02F243EB020066
:100B800008BF20F00100704702F1200201FA02FCC8
:100B9000C2F1200250EA4C0021FA02F243EB0200BB
:100BA00008BF20EADC7070474FF0FF0C1CEAD052FF
:100BB0001EBF1CEAD15392EA0C0F93EA0C0F6FD0C0
:100BC0001A4480EA010C400218BF5FEA41211ED09E
:100BD0004FF0006343EA501043EA5111A0FB01318A
:100BE0000CF00040B1F5000F3EBF490041EAD3715F
:100BF0005B0040EA010062F17F02FD2A1DD8B3F1DB
:100C0000004F40EBC25008BF20F00100704790F049
:100C1000000F0CF0004C08BF49024CEA502040EA9B
:100C200051207F3AC2BFD2F1FF0340EAC250704761
:100C300040F400004FF00003013A5DDC12F1190F9F
:100C4000DCBF00F000407047C2F10002410021FA11
:100C500002F1C2F1200200FA02FC5FEA310040F129
:100C6000000053EA4C0308BF20EADC70704792F0A2
:100C7000000F00F0004C02BF400010F4000F013ADA
:100C8000F9D040EA0C0093F0000F01F0004C02BFD5
:100C9000490011F4000F013BF9D041EA0C018FE744
:100CA0000CEAD15392EA0C0F18BF93EA0C0F0AD04A
:100CB00030F0004C18BF31F0004CD8D180EA010070
:100CC00000F00040704790F0000F17BF90F0004F09
:100CD000084691F0000F91F0004F14D092EA0C0FEB
:100CE00001D142020FD193EA0C0F03D14B0218BF7E
:100CF000084608D180EA010000F0004040F0FE40C4
:100D000040F40000704740F0FE4040F4400070475F
:100D10004FF0FF0C1CEAD0521EBF1CEAD15392EADE
:100D20000C0F93EA0C0F69D0A2EB030280EA010CCE
:100D300049024FEA402037D04FF0805343EA111167
:100D400043EA10130CF000408B4238BF5B0042F1C5
:100D50007D024FF4000C8B4224BF5B1A40EA0C006A
:100D6000B3EB510F24BFA3EB510340EA5C00B3EB9C
:100D7000910F24BFA3EB910340EA9C00B3EBD10F8A
:100D800024BFA3EBD10340EADC001B0118BF5FEADC
:100D90001C1CE0D1FD2A3FF650AF8B4240EBC25005
:100DA00008BF20F0010070470CF0004C4CEA5020C6
:100DB0007F32C2BFD2F1FF0340EAC250704740F415
:100DC00000004FF00003013A37E792F0000F00F007
:100DD000004C02BF400010F4000F013AF9D040EA85
:100DE0000C0093F0000F01F0004C02BF490011F419
:100DF000000F013BF9D041EA0C0195E70CEAD15311
:100E000092EA0C0F08D142027FF47DAF93EA0C0FF7
:100E10007FF470AF084676E793EA0C0F04D14B02DB
:100E20003FF44CAF08466EE730F0004C18BF31F08D
:100E3000004CCAD130F000427FF45CAF31F0004387
:100E40007FF43CAF5FE700BF034613F8012B002A95
:100E5000FBD1181A0138704780B400AF00BFBD46FF
:100E600080BC704780B584B000AF78607B68002B91
:100E700001D101232BE17B6893F83D30DBB2002BDD
:100E800006D17B68002283F83C20786805F07AFE62
:100E90007B68242283F83D207B681B681A687B6886
:100EA0001B6822F001021A607B681B681A687B6865
:100EB0001B6842F400421A607B681B681A687B68F2
:100EC0001B6822F400421A6001F082FCF8607B6823
:100ED0005B68814A934207D8FB68804A934294BF7B
:100EE00001230023DBB206E0FB687D4A934294BFF6
:100EF00001230023DBB2002B01D00123E7E0FB68D4
:100F0000784AA2FB03239B0CBB607B681B685B6871
:100F100023F03F017B681B68BA680A435A607B680C
:100F20001B681B6A23F03F017B685B686A4A934237
:100F300002D8BB68013309E0BB684FF4967202FB2C
:100F400003F3694AA2FB03239B0901337A68126801
:100F50000B4313627B681B68DB6923F44F4222F06A
:100F6000FF027B685B685C498B4219D8FB68591E9D
:100F70007B685B685B00B1FBF3F3591C40F6FC73C4
:100F80000B40002B0AD0FB68591E7B685B685B0036
:100F9000B1FBF3F30133C3F30B0351E004234FE040
:100FA0007B689B68002B11D1FB68581E7B685968D1
:100FB0000B465B000B44B0FBF3F30133C3F30B03AD
:100FC000002B0CBF01230023DBB212E0FB68581E8C
:100FD0007B6859680B469B000B4499000B44B0FB9F
:100FE000F3F30133C3F30B03002B0CBF01230023E6
:100FF000DBB2002B01D0012322E07B689B68002B31
:101000000ED1FB68581E7B6859680B465B000B4489
:10101000B0FBF3F30133C3F30B0343F400430FE0DE
:10102000FB68581E7B6859680B469B000B4499006F
:101030000B44B0FBF3F30133C3F30B0343F440431E
:10104000796809681343CB617B681B681B6823F0D0
:10105000C0017B68DA697B681B6A1A437B681B687E
:101060000A431A607B681B689B6823F4034323F0E0
:10107000FF037A6811697A68D26811437A68126846
:101080000B4393607B681B68DB6823F0FF017B6880
:101090005A697B689B691A437B681B680A43DA605C
:1010A0007B681B681A687B681B6842F001021A6043
:1010B0007B6800221A647B68202283F83D207B68CD
:1010C00000221A637B68002283F83E200023184622
:1010D0001037BD4680BD00BFA08601007F841E0082
:1010E000FF083D0083DE1B43D34D621080B588B0FE
:1010F00002AFF860084611461A4603467B810B464C
:101100003B811346FB8000F06BFF7861FB6893F82E
:101110003D30DBB2202B40F0D9807B69009319234E
:1011200001226D49F86800F0CDFC0346002B01D088
:101130000223CCE0FB6893F83C30012B01D1022361
:10114000C5E0FB68012283F83C20FB681B681B6834
:1011500003F00103012B07D0FB681B681A68FB68CA
:101160001B6842F001021A60FB681B681A68FB6882
:101170001B6822F400621A60FB68212283F83D207C
:10118000FB68402283F83E20FB6800221A64FB685B
:101190003A6A5A62FB68BA8C5A85FB685B8D9AB2D0
:1011A000FB681A85FB684D4ADA62F8883A897989C2
:1011B0007B690193BB6A00930346F86800F004FB67
:1011C0000346002B52D0012381E07A69B96AF8689E
:1011D00000F092FD0346002B0DD0FB681B6C042B26
:1011E00007D1FB681B681A68FB681B6842F4007231
:1011F0001A6001236BE0FB685B6A1A78FB681B6866
:101200001A61FB685B6A5A1CFB685A62FB681B8D9B
:10121000013B9AB2FB681A85FB685B8D9BB2013B70
:101220009AB2FB685A85FB681B685B6903F004038C
:10123000042B1BD1FB681B8D002B17D0FB685B6A4E
:101240001A78FB681B681A61FB685B6A5A1CFB68AA
:101250005A62FB681B8D013B9AB2FB681A85FB68DA
:101260005B8D9BB2013B9AB2FB685A85FB681B8D74
:10127000002BAAD17A69B96AF86800F085FD0346A7
:10128000002B0DD0FB681B6C042B07D1FB681B687F
:101290001A68FB681B6842F400721A60012316E0AA
:1012A000FB681B681A68FB681B6842F400721A60CE
:1012B000FB68202283F83D20FB68002283F83E2053
:1012C000FB68002283F83C20002300E0022318463C
:1012D0001837BD4680BD00BF020010000000FFFFB0
:1012E00080B58CB002AFF860084611461A46034636
:1012F0007B810B463B811346FB8000233B6200F061
:101300006FFE7862FB6893F83D30DBB2202B40F033
:1013100050827B6A0093192301228249F86800F009
:10132000D1FB0346002B01D0022343E2FB6893F874
:101330003C30012B01D102233CE2FB68012283F8FF
:101340003C20FB681B681B6803F00103012B07D0DE
:10135000FB681B681A68FB681B6842F001021A6090
:10136000FB681B681A68FB681B6822F400621A603D
:10137000FB68222283F83D20FB68402283F83E2050
:10138000FB6800221A64FB683A6B5A62FB68BA8EEB
:101390005A85FB685B8D9AB2FB681A85FB68624AC6
:1013A000DA62F8883A8979897B6A0193BB6B00938A
:1013B0000346F86800F09EFA0346002B01D0012393
:1013C000F8E1FB681B8D002B13D10023FB61FB6848
:1013D0001B685B69FB61FB681B689B69FB61FB69C0
:1013E000FB681B681A68FB681B6842F400721A608D
:1013F000CCE1FB681B8D012B1ED1FB681B681A68B2
:10140000FB681B6822F480621A6072B600BF00237A
:10141000BB61FB681B685B69BB61FB681B689B6900
:10142000BB61BB69FB681B681A68FB681B6842F4F8
:1014300000721A6062B635E0FB681B8D022B1ED16C
:10144000FB681B681A68FB681B6842F400621A603C
:1014500072B600BF00237B61FB681B685B697B6120
:10146000FB681B689B697B617B69FB681B681A686A
:10147000FB681B6822F480621A6062B612E0FB68A7
:101480001B681A68FB681B6842F480621A600023BC
:101490003B61FB681B685B693B61FB681B689B6980
:1014A0003B613B6972E1FB681B8D032B00F21F81DE
:1014B000FB681B8D012B23D17A6AB96BF86800F0A9
:1014C000ABFC0346002B01D0012373E1FB681B68D2
:1014D0001A69FB685B6AD2B21A70FB685B6A5A1CB5
:1014E000FB685A62FB681B8D013B9AB2FB681A8548
:1014F000FB685B8D9BB2013B9AB2FB685A8545E164
:10150000FB681B8D022B52D17B6A0093BB6B0022C0
:101510000649F86800F0D6FA0346002B08D00123EC
:1015200048E100BF020010000000FFFF04000100BE
:1015300072B600BFFB681B681A68FB681B6842F440
:1015400000721A60FB681B681A69FB685B6AD2B29A
:101550001A70FB685B6A5A1CFB685A62FB681B8D39
:10156000013B9AB2FB681A85FB685B8D9BB2013B1D
:101570009AB2FB685A8562B600BFFB681B681A699D
:10158000FB685B6AD2B21A70FB685B6A5A1CFB6824
:101590005A62FB681B8D013B9AB2FB681A85FB6897
:1015A0005B8D9BB2013B9AB2FB685A85EEE07B6A89
:1015B0000093BB6B00228149F86800F083FA034670
:1015C000002B01D00123F5E0FB681B681A68FB685B
:1015D0001B6822F480621A6072B600BFFB681B6849
:1015E0001A69FB685B6AD2B21A70FB685B6A5A1CA4
:1015F000FB685A62FB681B8D013B9AB2FB681A8537
:10160000FB685B8D9BB2013B9AB2FB685A856C4BC1
:101610001B68DB086B4AA2FB03231A0A13469B00D4
:101620001344DA00D31A3B623B6A013B3B623B6ADC
:10163000002B18D1FB6800221A63FB68202283F874
:101640003D20FB68002283F83E20FB681B6C43F0C2
:101650002002FB681A6462B600BFFB68002283F8B0
:101660003C200123A6E0FB681B685B6903F00403D0
:10167000042BD9D1FB681B681A68FB681B6842F40D
:1016800000721A60FB681B681A69FB685B6AD2B259
:101690001A70FB685B6A5A1CFB685A62FB681B8DF8
:1016A000013B9AB2FB681A85FB685B8D9BB2013BDC
:1016B0009AB2FB685A8562B600BFFB681B681A695C
:1016C000FB685B6AD2B21A70FB685B6A5A1CFB68E3
:1016D0005A62FB681B8D013B9AB2FB681A85FB6856
:1016E0005B8D9BB2013B9AB2FB685A854EE07A6AE9
:1016F000B96BF86800F090FB0346002B01D0012382
:1017000058E0FB681B681A69FB685B6AD2B21A7002
:10171000FB685B6A5A1CFB685A62FB681B8D013BC5
:101720009AB2FB681A85FB685B8D9BB2013B9AB24B
:10173000FB685A85FB681B685B6903F00403042B94
:1017400024D1FB681B8D032B07D1FB681B681A682B
:10175000FB681B6822F480621A60FB681B681A69C8
:10176000FB685B6AD2B21A70FB685B6A5A1CFB6842
:101770005A62FB681B8D013B9AB2FB681A85FB68B5
:101780005B8D9BB2013B9AB2FB685A85FB681B8D4F
:10179000002B7FF488AEFB68202283F83D20FB6895
:1017A000002283F83E20FB68002283F83C200023BF
:1017B00000E0022318462837BD4680BD0400010022
:1017C0000000002089B5F81480B588B002AFF86039
:1017D000084611461A4603467B810B463B81134659
:1017E000FB80FB681B681A68FB681B6842F4807208
:1017F0001A607B6A00933B6A00224FF00111F8687F
:1018000000F060F90346002B0DD0FB681B681B68D5
:1018100003F48073B3F5807F03D1FB684FF400724B
:101820001A6403235FE07B89DBB21A46FB681B68FE
:1018300002F0FE021A617B6A3A6A2D49F86800F0EC
:10184000BBF90346002B01D001234CE000237B6150
:10185000FB681B685B697B61FB681B689B697B613C
:101860007B697A6A396AF86800F046FA0346002B09
:101870000DD0FB681B6C042B07D1FB681B681A6832
:10188000FB681B6842F400721A6001232BE0FB889E
:10189000012B05D13B89DAB2FB681B681A6121E094
:1018A0003B891B0A9BB2DAB2FB681B681A617A6A31
:1018B000396AF86800F020FA0346002B0DD0FB6867
:1018C0001B6C042B07D1FB681B681A68FB681B683C
:1018D00042F400721A60012305E03B89DAB2FB682A
:1018E0001B681A61002318461837BD4680BD00BF2B
:1018F0000200010080B588B002AFF86008461146CA
:101900001A4603467B810B463B811346FB80FB68EE
:101910001B681A68FB681B6842F480621A60FB68E7
:101920001B681A68FB681B6842F480721A607B6A45
:1019300000933B6A00224FF00111F86800F0C2F8F2
:101940000346002B0DD0FB681B681B6803F48073F3
:10195000B3F5807F03D1FB684FF400721A64032350
:10196000AAE07B89DBB21A46FB681B6802F0FE0224
:101970001A617B6A3A6A5249F86800F01DF9034619
:10198000002B01D0012397E000237B61FB681B68DB
:101990005B697B61FB681B689B697B617B697A6A19
:1019A000396AF86800F0A8F90346002B0DD0FB68EF
:1019B0001B6C042B07D1FB681B681A68FB681B684B
:1019C00042F400721A60012376E0FB88012B05D1F6
:1019D0003B89DAB2FB681B681A6121E03B891B0A6C
:1019E0009BB2DAB2FB681B681A617A6A396AF868D6
:1019F00000F082F90346002B0DD0FB681B6C042B12
:101A000007D1FB681B681A68FB681B6842F4007208
:101A10001A60012350E03B89DAB2FB681B681A6147
:101A20007A6A396AF86800F067F90346002B0DD02E
:101A3000FB681B6C042B07D1FB681B681A68FB68EA
:101A40001B6842F400721A60012335E0FB681B68D2
:101A50001A68FB681B6842F480721A607B6A009304
:101A60003B6A00224FF00111F86800F02BF80346A2
:101A7000002B0DD0FB681B681B6803F48073B3F563
:101A8000807F03D1FB684FF400721A64032313E0D4
:101A90007B89DBB243F00103DAB2FB681B681A6191
:101AA0007B6A3A6A0649F86800F086F80346002B1C
:101AB00001D0012300E0002318461837BD4680BD41
:101AC0000200010080B584B000AFF860B9603B60EF
:101AD0001346FB7148E03B68B3F1FF3F44D000F090
:101AE0007FFA0246BB69D31A3A689A4202D33B682E
:101AF000002B39D1BB681B0CDBB2012B0DD1FB686D
:101B00001B685B69DA43BB6813409BB2002B0CBFB8
:101B100001230023DBB21A460CE0FB681B689B69BB
:101B2000DA43BB6813409BB2002B0CBF0123002398
:101B3000DBB21A46FB799A4216D1FB6800221A637F
:101B4000FB68202283F83D20FB68002283F83E20BA
:101B5000FB681B6C43F02002FB681A64FB680022E0
:101B600083F83C20012323E0BB681B0CDBB2012B74
:101B70000DD1FB681B685B69DA43BB6813409BB2FD
:101B8000002B0CBF01230023DBB21A460CE0FB68DC
:101B90001B689B69DA43BB6813409BB2002B0CBFE8
:101BA00001230023DBB21A46FB799A4293D000232B
:101BB00018461037BD4680BD80B584B000AFF860D0
:101BC000B9607A603B6071E0FB681B685B6903F495
:101BD0008063B3F5806F23D1FB681B681A68FB68CC
:101BE0001B6842F400721A60FB681B686FF4806225
:101BF0005A61FB6800221A63FB68202283F83D20AB
:101C0000FB68002283F83E20FB681B6C43F0040253
:101C1000FB681A64FB68002283F83C20012367E01C
:101C20007B68B3F1FF3F41D000F0DAF902463B6830
:101C3000D31A7A689A4202D37B68002B36D1BB68EC
:101C40001B0CDBB2012B0CD1FB681B685B69DA4310
:101C5000BB6813409BB2002B14BF01230023DBB2EF
:101C60000BE0FB681B689B69DA43BB6813409BB2BF
:101C7000002B14BF01230023DBB2002B16D0FB681E
:101C800000221A63FB68202283F83D20FB680022B3
:101C900083F83E20FB681B6C43F02002FB681A644B
:101CA000FB68002283F83C20012321E0BB681B0C69
:101CB000DBB2012B0CD1FB681B685B69DA43BB68A4
:101CC00013409BB2002B14BF01230023DBB20BE0B7
:101CD000FB681B689B69DA43BB6813409BB2002B0F
:101CE00014BF01230023DBB2002B7FF46DAF002370
:101CF00018461037BD4680BD80B584B000AFF8608F
:101D0000B9607A6034E0F86800F0E3F80346002B2D
:101D100001D0012334E0BB68B3F1FF3F28D000F0CD
:101D20005FF902467B68D31ABA689A4202D3BB684D
:101D3000002B1DD1FB681B685B6903F08003802BBF
:101D400016D0FB6800221A63FB68202283F83D202E
:101D5000FB68002283F83E20FB681B6C43F02002E6
:101D6000FB681A64FB68002283F83C20012307E02B
:101D7000FB681B685B6903F08003802BC3D10023E1
:101D800018461037BD4680BD80B584B000AFF860FE
:101D9000B9607A6034E0F86800F09BF80346002BE5
:101DA00001D0012334E0BB68B3F1FF3F28D000F03D
:101DB00017F902467B68D31ABA689A4202D3BB6805
:101DC000002B1DD1FB681B685B6903F00403042B27
:101DD00016D0FB6800221A63FB68202283F83D209E
:101DE000FB68002283F83E20FB681B6C43F0200256
:101DF000FB681A64FB68002283F83C20012307E09B
:101E0000FB681B685B6903F00403042BC3D1002348
:101E100018461037BD4680BD80B584B000AFF8606D
:101E2000B9607A6049E0FB681B685B6903F01003E6
:101E3000102B19D1FB681B686FF010025A61FB6808
:101E400000221A63FB68202283F83D20FB680022F1
:101E500083F83E20FB681A6CFB681A64FB6800225A
:101E600083F83C20012330E000F0BAF802467B689A
:101E7000D31ABA689A4202D3BB68002B1DD1FB6803
:101E80001B685B6903F04003402B16D0FB680022FF
:101E90001A63FB68202283F83D20FB68002283F848
:101EA0003E20FB681B6C43F02002FB681A64FB6851
:101EB000002283F83C20012307E0FB681B685B6974
:101EC00003F04003402BAED1002318461037BD4627
:101ED00080BD80B483B000AF78607B681B685B69AD
:101EE00003F48063B3F5806F1BD17B681B686FF4CC
:101EF00080625A617B6800221A637B68202283F823
:101F00003D207B68002283F83E207B681B6C43F0F9
:101F100004027B681A647B68002283F83C2001235A
:101F200000E0002318460C37BD4680BC7047000017
:101F300080B500AF084B1B68074A43F010031360DD
:101F4000032001F003FB0F2000F008F805F0ACF8C7
:101F50000023184680BD00BF0020024080B582B03B
:101F600000AF7860124B1A68124B1B7819464FF479
:101F70007A73B3FBF1F3B2FBF3F3184601F029FBDC
:101F80000346002B01D001230EE07B680F2B0AD8FB
:101F9000002279684FF0FF3001F0E3FA064A7B68CF
:101FA0001360002300E0012318460837BD4680BDBA
:101FB00000000020080000200400002080B400AFD2
:101FC000054B1B781A46054B1B681344034A1360E4
:101FD00000BFBD4680BC704708000020A000002064
:101FE00080B400AF024B1B681846BD4680BC7047EA
:101FF000A000002080B584B000AF7860FFF7F0FF4C
:10200000B8607B68FB60FB68B3F1FF3F05D00A4B0B
:102010001B781A46FB681344FB6000BFFFF7E0FF24
:102020000246BB68D31AFA689A42F7D800BF00BFCD
:102030001037BD4680BD00BF0800002080B586B0C7
:1020400000AF78607B68002B01D1012372E27B68CE
:102050001B6803F00103002B00F08780924B5B6844
:1020600003F00C03042B0CD08F4B5B6803F00C03C4
:10207000082B12D18C4B5B6803F48033B3F5803F9F
:102080000BD1894B1B6803F40033002B6CD07B68A9
:102090005B68002B68D101234CE27B685B68B3F579
:1020A000803F06D1804B1B687F4A43F48033136026
:1020B0002EE07B685B68002B0CD17B4B1B687A4A57
:1020C00023F480331360784B1B68774A23F4802312
:1020D00013601DE07B685B68B3F5A02F0CD1724BD9
:1020E0001B68714A43F4802313606F4B1B686E4A70
:1020F00043F4803313600BE06B4B1B686A4A23F494
:1021000080331360684B1B68674A23F48023136095
:102110007B685B68002B13D0FFF762FF386108E033
:10212000FFF75EFF02463B69D31A642B01D90323F4
:1021300000E25D4B1B6803F40033002BF0D014E089
:10214000FFF74EFF386108E0FFF74AFF02463B69A0
:10215000D31A642B01D90323ECE1534B1B6803F41E
:102160000033002BF0D100E000BF7B681B6803F058
:102170000203002B63D04C4B5B6803F00C03002B75
:102180000BD0494B5B6803F00C03082B1CD1464B6A
:102190005B6803F48033002B16D1434B1B6803F0BC
:1021A0000203002B05D07B681B69012B01D00123A2
:1021B000C0E13D4B1B6823F0F8027B685B69DB00E4
:1021C000394913430B603AE07B681B69002B20D030
:1021D000364B01221A60FFF703FF386108E0FFF772
:1021E000FFFE02463B69D31A022B01D90323A1E16A
:1021F0002D4B1B6803F00203002BF0D02A4B1B6809
:1022000023F0F8027B685B69DB00274913430B600E
:1022100015E0264B00221A60FFF7E2FE386108E065
:10222000FFF7DEFE02463B69D31A022B01D90323D6
:1022300080E11D4B1B6803F00203002BF0D17B688B
:102240001B6803F00803002B3AD07B689B69002BC6
:1022500019D0174B01221A60FFF7C2FE386108E05F
:10226000FFF7BEFE02463B69D31A022B01D90323B6
:1022700060E10D4B5B6A03F00203002BF0D00120FC
:1022800000F0CEFA1CE00A4B00221A60FFF7A8FE0D
:1022900038610FE0FFF7A4FE02463B69D31A022B18
:1022A00008D9032346E100BF00100240000042426B
:1022B00080044242924B5B6A03F00203002BE9D197
:1022C0007B681B6803F00403002B00F0A68000234A
:1022D000FB758B4BDB6903F08053002B0DD1884BD2
:1022E000DB69874A43F08053D361854BDB6903F098
:1022F0008053BB60BB680123FB75824B1B6803F4F2
:102300008073002B18D17F4B1B687E4A43F4807387
:102310001360FFF765FE386108E0FFF761FE0246D3
:102320003B69D31A642B01D9032303E1754B1B6866
:1023300003F48073002BF0D07B68DB68012B06D19F
:102340006F4B1B6A6E4A43F0010313622DE07B68FA
:10235000DB68002B0CD16A4B1B6A694A23F001032E
:102360001362674B1B6A664A23F0040313621CE086
:102370007B68DB68052B0CD1614B1B6A604A43F01C
:10238000040313625E4B1B6A5D4A43F00103136250
:102390000BE05B4B1B6A5A4A23F001031362584B54
:1023A0001B6A574A23F0040313627B68DB68002B27
:1023B00015D0FFF715FE38610AE0FFF711FE02465F
:1023C0003B69D31A41F28832934201D90323B1E029
:1023D0004B4B1B6A03F00203002BEED014E0FFF717
:1023E000FFFD38610AE0FFF7FBFD02463B69D31AA7
:1023F00041F28832934201D903239BE0404B1B6A90
:1024000003F00203002BEED1FB7D012B05D13C4BE9
:10241000DB693B4A23F08053D3617B68DB69002B87
:1024200000F08780364B5B6803F00C03082B61D00B
:102430007B68DB69022B46D1334B00221A60FFF721
:10244000CFFD386108E0FFF7CBFD02463B69D31AA8
:10245000022B01D903236DE0294B1B6803F00073A5
:10246000002BF0D17B681B6AB3F5803F08D1244B69
:102470005B6823F400327B689B68214913434B60FF
:102480001F4B5B6823F474127B68196A7B685B6A74
:102490000B431B4913434B601B4B01221A60FFF790
:1024A0009FFD386108E0FFF79BFD02463B69D31AA8
:1024B000022B01D903233DE0114B1B6803F000738D
:1024C000002BF0D035E0104B00221A60FFF788FD9A
:1024D000386108E0FFF784FD02463B69D31A022BFE
:1024E00001D9032326E0064B1B6803F00073002B81
:1024F000F0D11EE07B68DB69012B07D1012319E0D5
:102500000010024000700040600042420B4B5B68CC
:10251000FB60FB6803F480327B681B6A9A4206D139
:10252000FB6803F470127B685B6A9A4201D0012356
:1025300000E0002318461837BD4680BD0010024059
:1025400080B584B000AF786039607B68002B01D122
:102550000123D0E06A4B1B6803F007033A689A42F4
:1025600010D9674B1B6823F0070265493B6813438A
:102570000B60634B1B6803F007033A689A4201D073
:102580000123B8E07B681B6803F00203002B20D016
:102590007B681B6803F00403002B05D0594B5B6874
:1025A000584A43F4E06353607B681B6803F00803F8
:1025B000002B05D0534B5B68524A43F46053536081
:1025C000504B5B6823F0F0027B689B684D491343D6
:1025D0004B607B681B6803F00103002B40D07B68D5
:1025E0005B68012B07D1474B1B6803F40033002BBA
:1025F00015D101237FE07B685B68022B07D1414B3B
:102600001B6803F00073002B09D1012373E03D4BDD
:102610001B6803F00203002B01D101236BE0394B4F
:102620005B6823F003027B685B68364913434B60A9
:10263000FFF7D6FCF8600AE0FFF7D2FC0246FB6821
:10264000D31A41F28832934201D9032353E02D4B30
:102650005B6803F00C027B685B689B009A42EBD1DD
:10266000274B1B6803F007033A689A4210D2244BA9
:102670001B6823F0070222493B6813430B60204B81
:102680001B6803F007033A689A4201D0012332E045
:102690007B681B6803F00403002B08D0194B5B68B0
:1026A00023F4E0627B68DB68164913434B607B6868
:1026B0001B6803F00803002B09D0124B5B6823F45E
:1026C00060527B681B69DB000E4913434B6000F0CE
:1026D00021F802460B4B5B681B0903F00F030A4904
:1026E000CB5C22FA03F3094A1360094B1B681846B6
:1026F000FFF734FC002318461037BD4680BD00BFED
:10270000002002400010024038A400080000002011
:102710000400002080B487B000AF0023FB600023DA
:10272000BB6000237B6100237B6000233B611E4B69
:102730005B68FB60FB6803F00C03042B02D0082BE2
:1027400003D027E0194B3B6127E0FB689B0C03F0AB
:102750000F03174AD35C7B60FB6803F48033002BC4
:1027600010D0114B5B685B0C03F00103114AD35C82
:10277000BB607B680D4A03FB02F2BB68B2FBF3F35C
:102780007B6104E07B680C4A02FB03F37B617B699D
:102790003B6102E0054B3B6100BF3B6918461C37BB
:1027A000BD4680BC704700BF0010024000127A0096
:1027B00050A4000860A4000800093D0080B400AFE8
:1027C000024B1B681846BD4680BC704700000020C5
:1027D00080B500AFFFF7F2FF0246054B5B681B0AAE
:1027E00003F007030349CB5C22FA03F3184680BDCC
:1027F0000010024048A4000880B500AFFFF7DEFFDC
:102800000246054B5B68DB0A03F007030349CB5C18
:1028100022FA03F3184680BD0010024048A40008C5
:1028200080B485B000AF78600A4B1B680A4AA2FBEF
:1028300003235B0A7A6802FB03F3FB6000BFFB68BB
:102840005A1EFA60002BF9D100BF00BF1437BD46F5
:1028500080BC704700000020D34D621080B48BB064
:1028600000AF7860396000237B6200233B6269E13E
:1028700001227B6A02FA03F3FB613B681B68FA6979
:102880001340BB61BA69FB699A4240F058813B68CA
:102890005B689A4A93425ED0984A934275D8984AA8
:1028A000934258D0964A93426FD8964A934252D058
:1028B000944A934269D8944A93424CD0924A9342A4
:1028C00063D8924A934246D0904A93425DD8122BE5
:1028D0002AD8122B59D801A252F823F05729000800
:1028E0003129000843290008852900088B290008A0
:1028F0008B2900088B2900088B2900088B290008E8
:102900008B2900088B2900088B2900088B290008D7
:102910008B2900088B2900088B2900088B290008C7
:10292000392900084D290008794A934213D02CE038
:102930003B68DB683B6229E03B68DB6804333B6251
:1029400024E03B68DB6808333B621FE03B68DB68E0
:102950000C333B621AE03B689B68002B02D10423D6
:102960003B6213E03B689B68012B05D108233B6267
:102970007B68FA691A6109E008233B627B68FA699F
:102980005A6103E000233B6200E000BFBB69FF2BFC
:1029900001D87B6801E07B6804337B61BB69FF2B56
:1029A00002D87B6A9B0002E07B6A083B9B003B618C
:1029B0007B691A680F213B6901FA03F3DB431A4074
:1029C000396A3B6901FA03F31A437B691A603B6871
:1029D0005B6803F08053002B00F0B1804D4B9B6986
:1029E0004C4A43F0010393614A4B9B6903F0010396
:1029F000BB60BB68484A7B6A9B08023352F82330AD
:102A0000FB607B6A03F003039B000F2202FA03F3CF
:102A1000DB43FA681340FB607B68404A934213D063
:102A20007B683F4A93420DD07B683E4A934207D071
:102A30007B683D4A934201D1032306E0042304E06E
:102A4000022302E0012300E000237A6A02F003027D
:102A500092009340FA681343FB602F497B6A9B08FE
:102A60000233FA6841F823203B685B6803F4801363
:102A7000002B06D02D4B9A682C49BB6913438B6001
:102A800006E02A4B9A68BB69DB43284913408B60F8
:102A90003B685B6803F40013002B06D0234BDA6815
:102AA0002249BB691343CB6006E0204BDA68BB695F
:102AB000DB431E491340CB603B685B6803F4003383
:102AC000002B06D0194B5A681849BB6913434B6059
:102AD00006E0164B5A68BB69DB43144913404B6050
:102AE0003B685B6803F48033002B21D00F4B1A68DE
:102AF0000E49BB6913430B6021E000BF0000321098
:102B000000003110000022100000211000001210FF
:102B100000001110001002400000014000080140B8
:102B2000000C01400010014000140140000401406D
:102B30000B4B1A68BB69DB43094913400B607B6A86
:102B400001337B623B681A687B6A22FA03F3002B2D
:102B50007FF48EAE00BF00BF2C37BD4680BC7047EF
:102B60000004014080B489B000AF78603960002370
:102B7000FB619AE00122FB6902FA03F33A68134011
:102B8000BB61BB69002B00F08D804E4AFB699B083E
:102B9000023352F823307B61FB6903F003039B008F
:102BA0000F2202FA03F37A6913407B617B68464A7D
:102BB000934213D07B68454A93420DD07B68444AC8
:102BC000934207D07B68434A934201D1032306E036
:102BD000042304E0022302E0012300E00023FA6959
:102BE00002F00302920093407A699A4232D13A4B42
:102BF0001A68BB69DB43384913400B60364B5A688F
:102C0000BB69DB43344913404B60334BDA68BB6923
:102C1000DB4331491340CB602F4B9A68BB69DB43E0
:102C20002D4913408B60FB6903F003039B000F22C7
:102C300002FA03F37B61234AFB699B08023352F8D3
:102C400023107B69DA431F48FB699B080A40023363
:102C500040F82320BB69FF2B01D87B6801E07B682B
:102C600004333B61BB69FF2B02D8FB699B0002E088
:102C7000FB69083B9B00FB603B691A680F21FB68FE
:102C800001FA03F3DB431A400421FB6801FA03F362
:102C90001A433B691A607B68DA68BB69DB431A40F8
:102CA0007B68DA60FB690133FB613A68FB6922FAF1
:102CB00003F3002B7FF45EAF00BF00BF2437BD4697
:102CC00080BC70470000014000080140000C01403A
:102CD00000100140001401400004014080B483B0A2
:102CE00000AF78600B467B8013467B707B78002BAF
:102CF00003D07A887B681A6103E07B881A047B68BA
:102D00001A6100BF0C37BD4680BC704780B485B0E7
:102D100000AF78600B467B807B68DB68FB607A885D
:102D2000FB6813401A04FB68D9437B880B401A43A5
:102D30007B681A6100BF1437BD4680BC7047000035
:102D400080B582B000AF0346FB80084B5A69FB8810
:102D50001340002B06D0054AFB885361FB881846B8
:102D600004F057F900BF0837BD4680BD000401409C
:102D700080B485B000AF78600023FB607B68002BD7
:102D800001D1012343E07B681B681A46224B1344A0
:102D9000224AA2FB03231B099A007B681A647B6802
:102DA0001F4ADA637B68022283F821207B681B6854
:102DB0001B68FB60FB6823F47F5323F03003FB6048
:102DC0007B685A687B689B681A437B68DB681A4398
:102DD0007B681B691A437B685B691A437B689B6944
:102DE0001A437B68DB691343FA681343FB607B6813
:102DF0001B68FA681A607B6800229A637B6801226C
:102E000083F821207B68002283F8202000231846C5
:102E10001437BD4680BC7047F8FFFDBFCDCCCCCC8D
:102E20000000024080B483B000AF78607B68002B64
:102E300001D1012346E07B681B681A687B681B6828
:102E400022F001021A607B681B6800221A607B680E
:102E50001B6800225A607B681B6800229A607B68AE
:102E60001B680022DA607B681B681A46184B134403
:102E7000184AA2FB03231B099A007B681A647B682B
:102E8000154ADA637B681A6C7B68DB6B012101FAF7
:102E900002F25A607B6800229A627B680022DA6242
:102EA0007B6800221A637B6800225A637B680022D9
:102EB0009A637B68002283F821207B68002283F8D4
:102EC0002020002318460C37BD4680BC704700BF49
:102ED000F8FFFDBFCDCCCCCC0000024080B586B061
:102EE00000AFF860B9607A603B600023FB75FB6857
:102EF00093F82030012B01D102234BE0FB68012223
:102F000083F82020FB6893F82130DBB2012B3AD103
:102F1000FB68022283F82120FB6800229A63FB6889
:102F20001B681A68FB681B6822F001021A603B6884
:102F30007A68B968F86800F0EBF9FB68DB6A002B87
:102F400008D0FB681B681A68FB681B6842F00E0219
:102F50001A600FE0FB681B681A68FB681B6822F0A8
:102F600004021A60FB681B681A68FB681B6842F061
:102F70000A021A60FB681B681A68FB681B6842F04B
:102F800001021A6005E0FB68002283F8202002237A
:102F9000FB75FB7D18461837BD4680BD80B485B0F3
:102FA00000AF78600023FB737B6893F82130DBB2BD
:102FB000022B08D07B6804229A637B68002283F886
:102FC0002020012320E07B681B681A687B681B684F
:102FD00022F00E021A607B681B681A687B681B6807
:102FE00022F001021A607B681A6C7B68DB6B01219E
:102FF00001FA02F25A607B68012283F821207B6883
:10300000002283F82020FB7B18461437BD4680BC85
:103010007047000080B584B000AF78600023FB7378
:103020007B6893F82130DBB2022B05D07B68042249
:103030009A630123FB7351E07B681B681A687B6805
:103040001B6822F00E021A607B681B681A687B6896
:103050001B6822F001021A607B681B68224A9342B7
:1030600029D07B681B68214A934222D07B681B6869
:103070001F4A93421AD07B681B681E4A934212D0A3
:103080007B681B681C4A93420AD07B681B681B4AFA
:10309000934202D14FF480130EE04FF080730BE0A7
:1030A0004FF4803308E04FF4805305E04FF4807311
:1030B00002E0102300E00123114A53607B680122E3
:1030C00083F821207B68002283F820207B685B6BDB
:1030D000002B03D07B685B6B78689847FB7B1846B6
:1030E0001037BD4680BD00BF080002401C000240F2
:1030F0003000024044000240580002406C00024090
:103100000000024080B584B000AF78607B68DB6B64
:103110001B68FB607B681B681B68BB607B681B6C63
:1031200004229A40FB681340002B4FD0BB6803F089
:103130000403002B4AD07B681B681B6803F0200344
:10314000002B07D17B681B681A687B681B6822F01C
:1031500004021A607B681B68664A934229D07B6828
:103160001B68654A934222D07B681B68634A93427E
:103170001AD07B681B68624A934212D07B681B6836
:10318000604A93420AD07B681B685F4A934202D12F
:103190004FF480030EE04FF080630BE04FF4802388
:1031A00008E04FF4804305E04FF4806302E04023E1
:1031B00000E00423554A53607B68DB6A002B00F073
:1031C00094807B68DB6A786898478EE07B681B6C2C
:1031D00002229A40FB681340002B56D0BB6803F0D4
:1031E0000203002B51D07B681B681B6803F020038F
:1031F000002B0BD17B681B681A687B681B6822F068
:103200000A021A607B68012283F821207B681B6810
:10321000384A934229D07B681B68374A934222D0B0
:103220007B681B68354A93421AD07B681B68344A16
:10323000934212D07B681B68324A93420AD07B6863
:103240001B68314A934202D14FF400130EE04FF055
:1032500000730BE04FF4003308E04FF4005305E037
:103260004FF4007302E0202300E00223274A53605A
:103270007B68002283F820207B689B6A002B34D077
:103280007B689B6A786898472FE07B681B6C0822F4
:103290009A40FB681340002B28D0BB6803F008035A
:1032A000002B23D07B681B681A687B681B6822F0A0
:1032B0000E021A607B681A6C7B68DB6B012101FAD5
:1032C00002F25A607B6801229A637B68012283F8CC
:1032D00021207B68002283F820207B681B6B002B59
:1032E00004D07B681B6B7868984700BF00BF10371D
:1032F000BD4680BD080002401C0002403000024074
:1033000044000240580002406C00024000000240AD
:1033100080B485B000AFF860B9607A603B60FB684C
:103320001A6CFB68DB6B012101FA02F25A60FB6840
:103330001B683A685A60FB685B68102B08D1FB6811
:103340001B687A689A60FB681B68BA68DA6007E0F5
:10335000FB681B68BA689A60FB681B687A68DA6069
:1033600000BF1437BD4680BC7047000080B485B0F4
:1033700000AF78607B6803F00703FB600C4BDB68F1
:10338000BB60BA684FF6FF031340BB60FB681A02CC
:10339000BB68134343F0BF6343F40033BB60044A8C
:1033A000BB68D36000BF1437BD4680BC704700BF08
:1033B00000ED00E080B400AF044BDB681B0A03F0B3
:1033C00007031846BD4680BC704700BF00ED00E013
:1033D00080B483B000AF0346FB7197F90730002B30
:1033E0000BDBFB7903F01F02064997F907305B09F5
:1033F000012000FA02F241F8232000BF0C37BD463D
:1034000080BC704700E100E080B483B000AF0346A9
:10341000FB7197F90730002B12DBFB7903F01F02D9
:103420000A4997F907305B09012000FA02F22033BC
:1034300041F82320BFF34F8F00BFBFF36F8F00BF52
:1034400000BF0C37BD4680BC704700BF00E100E004
:1034500080B483B000AF03463960FB7197F9073041
:10346000002B0ADB3B68DAB20C4997F907301201EE
:10347000D2B20B4483F800230AE03B68DAB2084971
:10348000FB7903F00F03043B1201D2B20B441A760E
:1034900000BF0C37BD4680BC704700BF00E100E0B4
:1034A00000ED00E080B489B000AFF860B9607A60E8
:1034B000FB6803F00703FB61FB69C3F10703042BFF
:1034C00028BF0423BB61FB690433062B02D9FB69C7
:1034D000033B00E000237B614FF0FF32BB6902FA3F
:1034E00003F3DA43BB681A407B699A404FF0FF311F
:1034F0007B6901FA03F3D9437B680B4013431846F9
:103500002437BD4680BC704780B582B000AF78607C
:103510007B68013BB3F1807F01D301230FE00A4AAE
:103520007B68013B53600F214FF0FF30FFF790FFA6
:10353000054B00229A60044B07221A6000231846AC
:103540000837BD4680BD00BF10E000E080B582B006
:1035500000AF78607868FFF709FF00BF0837BD4605
:1035600080BD80B586B000AF0346B9607A60FB735A
:1035700000237B61FFF71EFF78617A68B96878697C
:10358000FFF790FF024697F90F3011461846FFF7F4
:103590005FFF00BF1837BD4680BD80B582B000AF69
:1035A0000346FB7197F907301846FFF711FF00BF7C
:1035B0000837BD4680BD80B582B000AF0346FB71C1
:1035C00097F907301846FFF71FFF00BF0837BD46C1
:1035D00080BD80B582B000AF78607868FFF794FF57
:1035E000034618460837BD4680BD80B582B000AF9F
:1035F00078607B68002B01D1012376E07B685B6AF1
:10360000002B08D17B685B68B3F5827F09D07B68AB
:103610000022DA6105E07B6800221A617B680022E3
:103620005A617B6800229A627B6893F85130DBB262
:10363000002B06D17B68002283F85020786803F0C5
:1036400017FB7B68022283F851207B681B681A688D
:103650007B681B6822F040021A607B685B6803F499
:1036600082727B689B6803F404431A437B68DB68BF
:1036700003F400631A437B681B6903F002031A43D7
:103680007B685B6903F001031A437B689B6903F461
:1036900000731A437B68DB6903F038031A437B68C5
:1036A0001B6A03F0800342EA03017B689B6A03F410
:1036B00000527B681B680A431A607B689B691A0C7E
:1036C0007B681B6802F004025A607B681B68DA6939
:1036D0007B681B6822F40062DA617B6800225A650D
:1036E0007B68012283F85120002318460837BD4625
:1036F00080BD80B58AB000AFF860B9607A607B8029
:1037000001237B62FEF76CFC3862FB6893F8513052
:10371000FB77FB685B68BB617B88FB82FB7F012BCF
:103720000CD0BB69B3F5827F06D1FB689B68002B88
:1037300002D1FB7F042B01D002237FE1BB68002B69
:1037400005D07B68002B02D07B88002B01D10123A0
:1037500074E1FB6893F85030012B01D102236DE135
:10376000FB68012283F85020FB6893F85130DBB2EC
:10377000042B03D0FB68052283F85120FB6800224C
:103780005A65FB687A689A63FB687A88DA87FB680F
:103790007A889A87FB68BA681A63FB687A88DA863F
:1037A000FB687A889A86FB6800221A64FB6800220C
:1037B0005A64FB681B681B6803F04003402B07D06A
:1037C000FB681B681A68FB681B6842F040021A60BD
:1037D000FB68DB68B3F5006F7ED1FB685B68002B8C
:1037E00002D0FB8A012B6CD1FB681B6B1A88FB682B
:1037F0001B68DA60FB681B6B9A1CFB681A63FB682A
:10380000DB8E9BB2013B9AB2FB68DA8659E0FB681B
:103810001B689B6803F00203022B1BD1FB68DB8E45
:103820009BB2002B16D07B6A012B13D1FB681B6B5C
:103830001A88FB681B68DA60FB681B6B9A1CFB68C4
:103840001A63FB68DB8E9BB2013B9AB2FB68DA8697
:1038500000237B62FB681B689B6803F00103012B5C
:1038600019D1FB68DB8F9BB2002B14D0FB681B685F
:10387000DA68FB689B6B92B21A80FB689B6B9A1CA0
:10388000FB689A63FB68DB8F9BB2013B9AB2FB68D3
:10389000DA8701237B62FEF7A3FB02463B6AD31A59
:1038A0003A6B9A420DD83B6BB3F1FF3F09D0FB68EE
:1038B000012283F85120FB68002283F85020032363
:1038C000BCE0FB68DB8E9BB2002BA0D1FB68DB8FDA
:1038D0009BB2002B9BD182E0FB685B68002B02D07F
:1038E000FB8A012B71D1FB681A6BFB681B680C33D8
:1038F00012781A70FB681B6B5A1CFB681A63FB6812
:10390000DB8E9BB2013B9AB2FB68DA865DE0FB6816
:103910001B689B6803F00203022B1CD1FB68DB8E43
:103920009BB2002B17D07B6A012B14D1FB681A6B5A
:10393000FB681B680C3312781A70FB681B6B5A1CEF
:10394000FB681A63FB68DB8E9BB2013B9AB2FB6893
:10395000DA8600237B62FB681B689B6803F0010327
:10396000012B19D1FB68DB8F9BB2002B14D0FB68B5
:103970001B68DA68FB689B6BD2B21A70FB689B6BA2
:103980005A1CFB689A63FB68DB8F9BB2013B9AB2BF
:10399000FB68DA8701237B62FEF722FB02463B6A63
:1039A000D31A3A6B9A4203D83B6BB3F1FF3F02D173
:1039B0003B6B002B09D1FB68012283F85120FB6887
:1039C000002283F85020032338E0FB68DB8E9BB293
:1039D000002B9CD1FB68DB8F9BB2002B97D13A6AFE
:1039E000396BF86800F09AF90346002B08D0FB68A1
:1039F00020225A65FB68002283F8502001231DE035
:103A0000FB689B68002B0AD100233B61FB681B68A5
:103A1000DB683B61FB681B689B683B613B69FB683B
:103A2000012283F85120FB68002283F85020FB68B4
:103A30005B6D002B01D0012300E0002318462837DE
:103A4000BD4680BD80B586B000AF78600023FB75B1
:103A50006A4B1B686A4AA2FB03235B0A642202FBCF
:103A600003F3FB60FB683B617B681B685A687B68FB
:103A70001B6822F020025A607B681B685B6803F0B9
:103A80008003002B17D07B685E4A5A643B69002B89
:103A900006D17B685B6D43F040027B685A6508E0A5
:103AA0003B69013B3B617B6893F85130DBB2072BEC
:103AB000ECD1FB683B617B681B685B6803F04003EB
:103AC000002B17D07B68504A1A643B69002B06D143
:103AD0007B685B6D43F040027B685A6508E03B6998
:103AE000013B3B617B6893F85130DBB2072BECD193
:103AF000FB683B617B681B685B6803F00203002B7B
:103B00002ED07B689B6C002B2AD07B689B6C00229C
:103B10005A637B689B6C1846FFF740FA0346002BFC
:103B200002D07B6840225A657B681B685A687B68B4
:103B30001B6822F002025A603B69002B06D17B68A9
:103B40005B6D43F040027B685A6509E03B69013BCD
:103B50003B617B681B689B6803F00203002BEBD082
:103B60007B681B685B6803F00103002B22D07B6835
:103B7000DB6C002B1ED07B68DB6C00225A637B68F9
:103B8000DB6C1846FFF70AFA0346002B02D07B686D
:103B900040225A657B681B681A687B681B6822F0A4
:103BA00040021A607B681B685A687B681B6822F0B9
:103BB00001025A607B680022DA877B680022DA867D
:103BC0007B685B6D402B02D10123FB7502E07B68B3
:103BD00000225A650023BB607B681B68DB68BB6002
:103BE0007B681B689B68BB60BB687B68012283F8AD
:103BF0005120FB7D18461837BD4680BD00000020CF
:103C0000F11976050D3E0008813D000880B588B0A9
:103C100000AFF860B9603B601346FB71FEF7E0F956
:103C20000246BB6A9B1A3A681344FB61FEF7D8F957
:103C3000B861394B1B685B011B0DFA6902FB03F38A
:103C40007B6154E03B68B3F1FF3F50D0FEF7C8F909
:103C50000246BB69D31AFA699A4202D9FB69002B62
:103C60003DD1FB681B685A68FB681B6822F0E002C4
:103C70005A60FB685B68B3F5827F11D1FB689B6873
:103C8000B3F5004F04D0FB689B68B3F5806F07D194
:103C9000FB681B681A68FB681B6822F040021A6008
:103CA000FB689B6AB3F5005F0FD1FB681B681A685D
:103CB000FB681B6822F400521A60FB681B681A68D4
:103CC000FB681B6842F400521A60FB68012283F80B
:103CD0005120FB68002283F85020032317E07B6902
:103CE000002B01D10023FB617B69013B7B61FB68F9
:103CF0001B689A68BB681340BA689A420CBF0123DC
:103D00000023DBB21A46FB799A429BD10023184666
:103D10002037BD4680BD00BF0000002080B586B0C2
:103D200002AFF860B9607A607B680093BB680122DB
:103D30000221F868FFF76AFF0346002B07D0FB68F3
:103D40005B6D43F02002FB685A65032313E07B6838
:103D50000093BB6800228021F868FFF757FF0346F5
:103D6000002B07D0FB685B6D43F02002FB685A65AF
:103D7000032300E0002318461037BD4680BD000035
:103D800080B485B000AF78600023FB601D4B1B68DA
:103D90001D4AA2FB03235B0A642202FB03F3BB6000
:103DA000BB68002B06D17B685B6D43F040027B68EB
:103DB0005A6509E0BB68013BBB607B681B689B6878
:103DC00003F00203002BEBD07B681B681A687B684A
:103DD0001B6822F040021A607B681B685A687B6887
:103DE0001B6822F0E0025A607B681B68DB68FB609E
:103DF000FB687B68072283F8512000BF1437BD465B
:103E000080BC704700000020F119760580B483B0B3
:103E100000AF78607B681B685A687B681B6822F07B
:103E200080025A607B681B681A687B681B6822F0F6
:103E300040021A607B68072283F8512000BF0C37CC
:103E4000BD4680BC704780B582B000AF78607B68AB
:103E5000002B01D1012341E07B6893F83D30DBB2B8
:103E6000002B06D17B68002283F83C20786802F0A2
:103E700095FF7B68022283F83D207B681A687B6887
:103E800004331946104600F089FA7B68012283F852
:103E900046207B68012283F83E207B68012283F85C
:103EA0003F207B68012283F840207B68012283F851
:103EB00041207B68012283F842207B68012283F83D
:103EC00043207B68012283F844207B68012283F829
:103ED00045207B68012283F83D20002318460837DF
:103EE000BD4680BD80B485B000AF78607B6893F834
:103EF0003D30DBB2012B01D001233AE07B68022286
:103F000083F83D207B681B68DA687B681B6842F099
:103F10000102DA607B681B68184A93420ED07B6806
:103F20001B68B3F1804F09D07B681B68144A934229
:103F300004D07B681B68134A934211D17B681B68CD
:103F40009B6803F00703FB60FB68062B10D07B68BF
:103F50001B681A687B681B6842F001021A6007E060
:103F60007B681B681A687B681B6842F001021A6054
:103F7000002318461437BD4680BC7047002C014012
:103F8000000400400008004080B483B000AF7860B7
:103F90007B681B68DA687B681B6822F00102DA60C4
:103FA0007B681B681A6A41F211131340002B0FD172
:103FB0007B681B681A6A40F244431340002B07D108
:103FC0007B681B681A687B681B6822F001021A6014
:103FD0007B68012283F83D20002318460C37BD463C
:103FE00080BC704780B584B000AF78607B681B6888
:103FF000DB68FB607B681B681B69BB60BB6803F008
:104000000203002B20D0FB6803F00203002B1BD01F
:104010007B681B686FF002021A617B6801221A77C5
:104020007B681B689B6903F00303002B03D078684F
:1040300000F098F905E0786800F08BF9786800F0F6
:104040009AF97B6800221A77BB6803F00403002BFF
:1040500020D0FB6803F00403002B1BD07B681B6897
:104060006FF004021A617B6802221A777B681B6872
:104070009B6903F44073002B03D0786800F072F959
:1040800005E0786800F065F9786800F074F97B68FD
:1040900000221A77BB6803F00803002B20D0FB68CE
:1040A00003F00803002B1BD07B681B686FF008022D
:1040B0001A617B6804221A777B681B68DB6903F04E
:1040C0000303002B03D0786800F04CF905E0786812
:1040D00000F03FF9786800F04EF97B6800221A770B
:1040E000BB6803F01003002B20D0FB6803F0100323
:1040F000002B1BD07B681B686FF010021A617B6875
:1041000008221A777B681B68DB6903F44073002B75
:1041100003D0786800F026F905E0786800F019F916
:10412000786800F028F97B6800221A77BB6803F0F2
:104130000103002B0CD0FB6803F00103002B07D018
:104140007B681B686FF001021A61786802F04CFA14
:10415000BB6803F08003002B0CD0FB6803F08003E6
:10416000002B07D07B681B686FF080021A617868AB
:1041700000F07FFABB6803F04003002B0CD0FB6813
:1041800003F04003002B07D07B681B686FF04002F0
:104190001A61786800F0F8F8BB6803F02003002B80
:1041A0000CD0FB6803F02003002B07D07B681B6852
:1041B0006FF020021A61786800F052FA00BF1037E1
:1041C000BD4680BD80B584B000AF78603960002303
:1041D000FB737B6893F83C30012B01D10223B4E0E0
:1041E0007B68012283F83C207B68022283F83D2013
:1041F0007B681B689B68BB60BB6823F07703BB6070
:10420000BB6823F47F43BB607B681B68BA689A6015
:104210003B681B68B3F5005F3ED0B3F5005F00F26A
:104220008780B3F5805F00F08680B3F5805F7FD82C
:10423000702B1AD0702B7BD8602B50D0602B77D886
:10424000502B3CD0502B73D8402B58D0402B6FD8DC
:10425000302B64D0302B6BD8202B60D0202B67D82C
:10426000002B5CD0102B5AD062E07B6818683B684A
:1042700099683B685A683B68DB6800F074F97B68B2
:104280001B689B68BB60BB6843F07703BB607B68BF
:104290001B68BA689A604FE07B6818683B68996849
:1042A0003B685A683B68DB6800F05DF97B681B6817
:1042B0009A687B681B6842F480429A603CE07B68A5
:1042C00018683B6859683B68DB681A4600F0D4F808
:1042D0007B681B685021184600F02BF92CE07B68A6
:1042E00018683B6859683B68DB681A4600F0F2F8CA
:1042F0007B681B686021184600F01BF91CE07B6896
:1043000018683B6859683B68DB681A4600F0B4F8E7
:104310007B681B684021184600F00BF90CE07B68B5
:104320001A683B681B681946104600F002F903E062
:104330000123FB7300E000BF7B68012283F83D206E
:104340007B68002283F83C20FB7B18461037BD4673
:1043500080BD80B483B000AF786000BF0C37BD462D
:1043600080BC704780B483B000AF786000BF0C376A
:10437000BD4680BC704780B483B000AF786000BF9A
:104380000C37BD4680BC704780B483B000AF786006
:1043900000BF0C37BD4680BC7047000080B485B0BC
:1043A00000AF786039607B681B68FB607B682F4AD0
:1043B00093420BD07B68B3F1804F07D07B682C4AC7
:1043C000934203D07B682B4A934208D1FB6823F0C9
:1043D0007003FB603B685B68FA681343FB607B68B3
:1043E000224A93420BD07B68B3F1804F07D07B68A1
:1043F0001F4A934203D07B681E4A934208D1FB6850
:1044000023F44073FB603B68DB68FA681343FB608E
:10441000FB6823F080023B685B691343FB607B68A9
:10442000FA681A603B689A687B68DA623B681A68C7
:104430007B689A627B680D4A934203D13B681A6994
:104440007B681A637B6801225A617B681B6903F0F1
:104450000103002B05D07B681B6923F001027B68F8
:104460001A6100BF1437BD4680BC7047002C014064
:10447000000400400008004080B487B000AFF8603E
:10448000B9607A60FB681B6A7B61FB681B6A23F07A
:104490000102FB681A62FB689B693B613B6923F080
:1044A000F0033B617B681B013A6913433B617B6905
:1044B00023F00A037B617A69BB6813437B61FB6865
:1044C0003A699A61FB687A691A6200BF1C37BD4677
:1044D00080BC704780B487B000AFF860B9607A6084
:1044E000FB681B6A7B61FB681B6A23F01002FB6898
:1044F0001A62FB689B693B613B6923F470433B6133
:104500007B681B033A6913433B617B6923F0A0037B
:104510007B61BB681B017A6913437B61FB683A6965
:104520009A61FB687A691A6200BF1C37BD4680BC7D
:10453000704780B485B000AF786039607B689B6855
:10454000FB60FB6823F07003FB603A68FB68134371
:1045500043F00703FB607B68FA689A6000BF14377A
:10456000BD4680BC704780B487B000AFF860B960CA
:104570007A603B60FB689B687B617B6923F47F43C7
:104580007B613B681A027B681A43BB6813437A69F4
:1045900013437B61FB687A699A6000BF1C37BD4694
:1045A00080BC704780B485B000AF786039607B68AC
:1045B00093F83C30012B01D1022346E07B680122B5
:1045C00083F83C207B68022283F83D207B681B68CF
:1045D0005B68FB607B681B689B68BB60FB6823F0C3
:1045E0007003FB603B681B68FA681343FB607B68E1
:1045F0001B68FA685A607B681B68164A93420ED0A3
:104600007B681B68B3F1804F09D07B681B68124A36
:10461000934204D07B681B68104A93420CD1BB685C
:1046200023F08003BB603B685B68BA681343BB60E0
:104630007B681B68BA689A607B68012283F83D201A
:104640007B68002283F83C20002318461437BD46BF
:1046500080BC7047002C014000040040000800406E
:1046600080B483B000AF786000BF0C37BD4680BC1B
:10467000704780B483B000AF786000BF0C37BD4690
:1046800080BC704780B582B000AF78607B68002B3B
:1046900001D1012342E07B6893F84130DBB2002B6B
:1046A00006D17B68002283F84020786802F006FC7F
:1046B0007B68242283F841207B681B68DA687B686A
:1046C0001B6822F40052DA60786801F001F87B6818
:1046D0001B681A697B681B6822F490421A617B6828
:1046E0001B685A697B681B6822F02A025A617B6842
:1046F0001B68DA687B681B6842F40052DA607B68EA
:1047000000225A647B68202283F841207B682022A3
:1047100083F842207B6800225A630023184608373A
:10472000BD4680BD80B582B000AF78607B68002B4D
:1047300001D1012324E07B68242283F841207B6897
:104740001B68DA687B681B6822F40052DA607868BC
:1047500002F032FC7B6800225A647B68002283F8F6
:1047600041207B68002283F842207B6800221A6384
:104770007B6800225A637B68002283F84020002374
:1047800018460837BD4680BD80B58AB002AFF860D4
:10479000B9603B601346FB8000237B61FB6893F8A4
:1047A0004130DBB2202B75D1BB68002B02D0FB88D7
:1047B000002B01D101236EE0FB6800225A64FB68E4
:1047C000212283F84120FDF70BFC7861FB68FA8811
:1047D0009A84FB68FA88DA84FB689B68B3F5805F8B
:1047E00008D1FB681B69002B04D10023FB61BB6867
:1047F000BB6103E0BB68FB610023BB612EE03B684B
:1048000000937B6900228021F86800F0ACFC03462D
:10481000002B05D0FB68202283F8412003233AE0D7
:10482000FB69002B0BD1BB691B881A46FB681B6810
:10483000C2F308025A60BB690233BB6107E0FB693F
:104840001A78FB681B685A60FB690133FB61FB68DF
:10485000DB8C9BB2013B9AB2FB68DA84FB68DB8C91
:104860009BB2002BCBD13B6800937B690022402197
:10487000F86800F078FC0346002B05D0FB68202286
:1048800083F84120032306E0FB68202283F84120BF
:10489000002300E0022318462037BD4680BD80B5C6
:1048A00084B000AFF860B9601346FB80FB6893F8F2
:1048B0004230DBB2202B12D1BB68002B02D0FB8828
:1048C000002B01D101230BE0FB6800221A63FB8857
:1048D0001A46B968F86800F09FFC034600E002231E
:1048E00018461037BD4680BD80B590B000AF7860E7
:1048F0000023FB637B681B685B6903F08003002B6C
:1049000014BF01230023DBB2FB637B6893F84130C3
:10491000DBB2212B28D1FB6B002B25D07B681B68D9
:1049200014337B627B6A53E8003F3B623B6A23F0AF
:104930008003BB637B681B681433BA6B3A63FB620A
:10494000F96A3A6B41E80023BB62BB6A002BE5D1F0
:104950007B689B6B002B04D07B689B6B1846FEF733
:104960001DFB786800F0F2FC7B681B685B6903F054
:104970004003002B14BF01230023DBB2FB637B68E1
:1049800093F84230DBB2222B28D1FB6B002B25D0D1
:104990007B681B6814333B613B6953E8003FFB6055
:1049A000FB6823F040037B637B681B6814337A6BDE
:1049B000FA61BB61B969FA6941E800237B617B69EF
:1049C000002BE5D17B68DB6B002B04D07B68DB6BB5
:1049D0001846FEF7E3FA786800F0DFFC002318467B
:1049E0004037BD4680BD000080B5BAB000AF7860EA
:1049F0007B681B681B68C7F8E4307B681B68DB6852
:104A0000C7F8E0307B681B685B69C7F8DC300023BF
:104A1000C7F8D8300023C7F8D430D7F8E43003F013
:104A20000F03C7F8D830D7F8D830002B0FD1D7F8FC
:104A3000E43003F02003002B09D0D7F8E03003F076
:104A40002003002B03D0786800F084FD5BE2D7F8E8
:104A5000D830002B00F0DE80D7F8DC3003F0010303
:104A6000002B06D1D7F8E03003F49073002B00F050
:104A7000D180D7F8E43003F00103002B0BD0D7F836
:104A8000E03003F48073002B05D07B685B6C43F04F
:104A900001027B685A64D7F8E43003F00403002B6A
:104AA0000BD0D7F8DC3003F00103002B05D07B6876
:104AB0005B6C43F002027B685A64D7F8E43003F081
:104AC0000203002B0BD0D7F8DC3003F00103002BDE
:104AD00005D07B685B6C43F004027B685A64D7F8AE
:104AE000E43003F00803002B11D0D7F8E03003F0D6
:104AF0002003002B05D1D7F8DC3003F00103002B95
:104B000005D07B685B6C43F008027B685A647B6865
:104B10005B6C002B00F0F281D7F8E43003F0200347
:104B2000002B08D0D7F8E03003F02003002B02D090
:104B3000786800F00FFD7B681B685B6903F0400339
:104B4000002B14BF01230023DBB2C7F8D4307B68ED
:104B50005B6C03F00803002B03D1D7F8D430002B93
:104B60004FD0786800F019FC7B681B685B6903F024
:104B70004003002B41D07B681B681433C7F89C307E
:104B8000D7F89C3053E8003FC7F89830D7F89830F2
:104B900023F04003C7F8D0307B681B681433D7F884
:104BA000D020C7F8A820C7F8A430D7F8A410D7F8A9
:104BB000A82041E80023C7F8A030D7F8A030002B88
:104BC000D9D17B68DB6B002B13D07B68DB6B7E4A13
:104BD0005A637B68DB6B1846FEF71CFA0346002B12
:104BE00016D07B68DB6B5B6B7A68D26B104698479C
:104BF0000EE0786800F0A5F90AE0786800F0A1F905
:104C000006E0786800F09DF97B6800225A6475E13F
:104C100000BF73E17B681B6B012B40F04F81D7F81D
:104C2000E43003F01003002B00F04881D7F8E030A7
:104C300003F01003002B00F041810023BB607B6870
:104C40001B681B68BB607B681B685B68BB60BB68DC
:104C50007B681B685B6903F04003002B00F0B680A3
:104C60007B68DB6B1B685B68A7F8BE30B7F8BE30AB
:104C7000002B00F045817B689B8DB7F8BE209A42DF
:104C800080F03E817B68B7F8BE20DA857B68DB6BFD
:104C90009B69202B00F088807B681B680C33C7F869
:104CA0008830D7F8883053E8003FC7F88430D7F809
:104CB000843023F48073C7F8B8307B681B680C33EA
:104CC000D7F8B820C7F89420C7F89030D7F89010DC
:104CD000D7F8942041E80023C7F88C30D7F88C30FF
:104CE000002BD9D17B681B6814337B677B6F53E83B
:104CF000003F3B673B6F23F00103C7F8B4307B688C
:104D00001B681433D7F8B420C7F88020FB67F96F0D
:104D1000D7F8802041E80023BB67BB6F002BE1D1AF
:104D20007B681B6814333B663B6E53E8003FFB65B2
:104D3000FB6D23F04003C7F8B0307B681B68143369
:104D4000D7F8B020FA66BB66B96EFA6E41E8002368
:104D50007B667B6E002BE3D17B68202283F84220A8
:104D60007B6800221A637B681B680C33FB64FB6C56
:104D700053E8003FBB64BB6C23F01003C7F8AC30B2
:104D80007B681B680C33D7F8AC20BA657B65796DFE
:104D9000BA6D41E800233B653B6D002BE3D17B6896
:104DA000DB6B1846FEF7FAF87B6802225A637B68D1
:104DB0009A8D7B68DB8D9BB2D31A9BB219467868BB
:104DC00000F0C8F89CE000BF5F5400087B689A8D33
:104DD0007B68DB8D9BB2D31AA7F8CE307B68DB8D66
:104DE0009BB2002B00F08E80B7F8CE30002B00F085
:104DF00089807B681B680C33BB63BB6B53E8003F47
:104E00007B637B6B23F49073C7F8C8307B681B68A7
:104E10000C33D7F8C8207A643B64396C7A6C41E86B
:104E20000023FB63FB6B002BE3D17B681B6814330F
:104E30007B627B6A53E8003F3B623B6A23F00103DD
:104E4000C7F8C4307B681B681433D7F8C4203A63B2
:104E5000FB62F96A3A6B41E80023BB62BB6A002B34
:104E6000E3D17B68202283F842207B6800221A630A
:104E70007B681B680C333B613B6953E8003FFB6078
:104E8000FB6823F01003C7F8C0307B681B680C3345
:104E9000D7F8C020FA61BB61B969FA6941E800231B
:104EA0007B617B69002BE3D17B6802225A63B7F8F0
:104EB000CE301946786800F04DF823E0D7F8E4309A
:104EC00003F08003002B09D0D7F8E03003F0800313
:104ED000002B03D0786800F0D6FA14E0D7F8E4305D
:104EE00003F04003002B0ED0D7F8E03003F040036E
:104EF000002B08D0786800F015FB04E000BF02E04A
:104F000000BF00E000BFE837BD4680BD80B483B07D
:104F100000AF786000BF0C37BD4680BC704780B4DE
:104F200083B000AF786000BF0C37BD4680BC7047CF
:104F300080B483B000AF786000BF0C37BD4680BC42
:104F4000704780B483B000AF786000BF0C37BD46B7
:104F500080BC704780B483B000AF78600B467B8024
:104F600000BF0C37BD4680BC704780B59CB000AF19
:104F700078607B685B6AFB667B681B681B6803F074
:104F80002003002B72D1FB6E0022DA85FB6E1B68BA
:104F90000C33FB64FB6C53E8003FBB64BB6C23F435
:104FA0008073BB66FB6E1B680C33BA6EBA657B659B
:104FB000796DBA6D41E800233B653B6D002BE5D16F
:104FC000FB6E1B681433BB63BB6B53E8003F7B6312
:104FD0007B6B23F001037B66FB6E1B6814337A6ED8
:104FE0007A643B64396C7A6C41E80023FB63FB6BA9
:104FF000002BE5D1FB6E1B6814337B627B6A53E8A0
:10500000003F3B623B6A23F040033B66FB6E1B683C
:1050100014333A6E3A63FB62F96A3A6B41E8002353
:10502000BB62BB6A002BE5D1FB6E202283F84220D5
:10503000FB6E1B6B012B19D1FB6E1B680C333B61A4
:105040003B6953E8003FFB60FB6823F01003FB65FE
:10505000FB6E1B680C33FA6DFA61BB61B969FA69C2
:1050600041E800237B617B69002BE5D1FB6E0022C8
:105070005A63FB6E1B6B012B06D1FB6E9B8D194691
:10508000F86EFFF767FF02E0F86EFFF748FF00BF1A
:105090007037BD4680BD80B584B000AF78607B6856
:1050A0005B6AFB60FB6801225A63FB681B6B012B88
:1050B00008D1FB689B8D5B089BB21946F868FFF727
:1050C00049FF02E0F868FFF733FF00BF1037BD4625
:1050D00080BD80B584B000AF78600023FB607B6842
:1050E0005B6ABB60BB681B685B6903F08003002BD5
:1050F00014BF01230023DBB2FB60BB6893F841308F
:10510000DBB2212B08D1FB68002B05D0BB68002245
:10511000DA84B86800F01AF9BB681B685B6903F0B1
:105120004003002B14BF01230023DBB2FB60BB68EC
:1051300093F84230DBB2222B08D1FB68002B05D05C
:10514000BB680022DA85B86800F027F9BB685B6CA1
:1051500043F01002BB685A64B868FFF7F2FE00BF64
:105160001037BD4680BD80B586B000AFF860B9602D
:105170003B601346FB713BE03B6AB3F1FF3F37D026
:10518000FCF72EFF02463B68D31A3A6A9A4202D3D2
:105190003B6A002B01D103233AE0FB681B68DB6804
:1051A00003F00403002B23D0BB68802B20D0BB6806
:1051B000402B1DD0FB681B681B6803F00803082BFD
:1051C00016D100237B61FB681B681B687B61FB6851
:1051D0001B685B687B617B69F86800F0DEF8FB6840
:1051E00008225A64FB68002283F8402001230FE064
:1051F000FB681B681A68BB681340BA689A420CBF08
:1052000001230023DBB21A46FB799A42B4D0002373
:1052100018461837BD4680BD80B598B000AFF8601D
:10522000B9601346FB80BA68FB689A62FB68FA882B
:105230009A85FB6800225A64FB68222283F8422088
:10524000FB68DB6B3E4A9A62FB68DB6B3D4ADA62C5
:10525000FB68DB6B3C4A1A63FB68DB6B00225A631A
:1052600007F10803FB65FB68D86BFB681B68043318
:105270001946FB6D1A68FB88FDF730FE00233B6181
:10528000FB681B681B683B61FB681B685B683B61D4
:105290003B69FB681B69002B19D0FB681B680C334A
:1052A0003B643B6C53E8003FFB63FB6B43F4807350
:1052B000BB65FB681B680C33BA6DFA64BB64B96CE0
:1052C000FA6C41E800237B647B6C002BE5D1FB6822
:1052D0001B681433FB62FB6A53E8003FBB62BB6A86
:1052E00043F001037B65FB681B6814337A6DBA6376
:1052F0007B63796BBA6B41E800233B633B6B002B0C
:10530000E5D1FB681B681433BB61BB6953E8003F00
:105310007B617B6943F040033B65FB681B6814338A
:105320003A6D7A623B62396A7A6A41E80023FB612E
:10533000FB69002BE5D1002318466037BD4680BDD0
:105340006B4F000897500008D350000880B489B014
:1053500000AF78607B681B680C33FB60FB6853E828
:10536000003FBB60BB6823F0C003FB617B681B6828
:105370000C33FA69BA617B617969BA6941E8002343
:105380003B613B69002BE5D17B68202283F84120FB
:1053900000BF2437BD4680BC704780B495B000AFD5
:1053A00078607B681B680C337B637B6B53E8003F42
:1053B0003B633B6B23F49073FB647B681B680C338B
:1053C000FA6C3A64FB63F96B3A6C41E80023BB6307
:1053D000BB6B002BE5D17B681B6814333B623B6AD7
:1053E00053E8003FFB61FB6923F00103BB647B686A
:1053F0001B681433BA6CFA62BB62B96AFA6A41E894
:1054000000237B627B6A002BE5D17B681B6B012B41
:1054100019D17B681B680C33FB60FB6853E8003FC5
:10542000BB60BB6823F010037B647B681B680C3394
:105430007A6CBA617B617969BA6941E800233B61A2
:105440003B69002BE5D17B68202283F842207B68F2
:1054500000221A6300BF5437BD4680BC704780B538
:1054600084B000AF78607B685B6AFB60FB680022F9
:10547000DA85FB680022DA84F868FFF762FD00BF76
:105480001037BD4680BD80B485B000AF78607B68C2
:1054900093F84130DBB2212B3ED17B689B68B3F59A
:1054A000805F14D17B681B69002B10D17B681B6A5D
:1054B000FB60FB681B881A467B681B68C2F3080206
:1054C0005A607B681B6A9A1C7B681A6208E07B68DA
:1054D0001B6A591C7A6811621A787B681B685A60CB
:1054E0007B68DB8C9BB2013B9BB27A681946D18406
:1054F000002B0FD17B681B68DA687B681B6822F081
:105500008002DA607B681B68DA687B681B6842F09F
:105510004002DA60002300E0022318461437BD463B
:1055200080BC704780B582B000AF78607B681B6834
:10553000DA687B681B6822F04002DA607B68202210
:1055400083F841207868FFF7E1FC0023184608370C
:10555000BD4680BD80B58CB000AF78607B6893F8A5
:105560004230DBB2222B40F0AE807B689B68B3F503
:10557000805F17D17B681B69002B13D10023FB626E
:105580007B689B6ABB627B681B685B689BB2C3F3EA
:1055900008039AB2BB6A1A807B689B6A9A1C7B6874
:1055A0009A6226E07B689B6AFB620023BB627B6891
:1055B0009B68B3F5805F07D07B689B68002B0AD19E
:1055C0007B681B69002B06D17B681B685B68DAB2BD
:1055D000FB6A1A7008E07B681B685B68DBB203F04B
:1055E0007F03DAB2FB6A1A707B689B6A5A1C7B687D
:1055F0009A627B68DB8D9BB2013B9BB27A6819464D
:10560000D185002B5DD17B681B68DA687B681B68DD
:1056100022F02002DA607B681B68DA687B681B680E
:1056200022F48072DA607B681B685A697B681B68A9
:1056300022F001025A617B68202283F842207B68B5
:1056400000225A637B681B6B012B35D17B680022DB
:105650001A637B681B680C337B617B6953E8003FEE
:105660003B613B6923F010037B627B681B680C3352
:105670007A6A3A62FB61F9693A6A41E80023BB61E0
:10568000BB69002BE5D17B681B681B6803F0100326
:10569000102B0AD10023FB607B681B681B68FB6032
:1056A0007B681B685B68FB60FB687B689B8D1946A9
:1056B0007868FFF74FFC02E07868FFF730FC0023C2
:1056C00002E0002300E0022318463037BD4680BDCB
:1056D00080B584B000AF78607B681B681B6923F4D9
:1056E00040517B68DA687B681B680A431A617B68F3
:1056F0009A687B681B691A437B685B691343BB60CC
:105700007B681B68DB6823F4B05323F00C037A68D2
:105710001268B9680B43D3607B681B685B6923F42C
:1057200040717B689A697B681B680A435A617B6891
:105730001B682C4A934203D1FDF75EF8F86002E043
:10574000FDF746F8F860FA6813469B0013449A0088
:105750001A447B685B689B00B2FBF3F3224AA2FB0E
:1057600003235B091901FA6813469B0013449A004E
:105770001A447B685B689B00B2FBF3F21A4BA3FBF5
:1057800002035B09642000FB03F3D31A1B013233CD
:10579000154AA2FB03235B0903F0F0031944FA68DE
:1057A00013469B0013449A001A447B685B689B0075
:1057B000B2FBF3F20C4BA3FB02035B09642000FB7A
:1057C00003F3D31A1B013233074AA2FB03235B09FD
:1057D00003F00F027B681B680A449A6000BF103711
:1057E000BD4680BD003801401F85EB5180B582B0B9
:1057F00000AF0346FB71104B1B781846FA790F492E
:1058000003465B0003445B00134451F82330A3F5C7
:1058100000031846FBF774F903464FF05051184641
:10582000FBF7C2F9034606491846FBF7BDF90346E4
:1058300018460837BD4680BDAD010020B0010020EC
:1058400000401C4500000000B0B584B000AF786097
:105850000023FB600C4B5B78DBB2002B18D10023DC
:10586000FB600BE0FB689B007A6813441A680749E9
:10587000FB6841F82320FB680133FB60FB68052BC4
:10588000F0DD00F04FBE00BF08010020A80000209E
:10589000BB4B5B78DBB2012B40F00A84B94B1A6832
:1058A0007B681B6819461046FBF77EF903461846CD
:1058B000FAF7B2FDB0A3D3E90023FAF72FFF0246AF
:1058C0000B4614461D46AF4B5A687B6804331B6871
:1058D00019461046FBF768F903461846FAF79CFD8F
:1058E000A5A3D3E90023FAF719FF02460B46204689
:1058F0002946FAF733FC02460B4614461D46A14BD7
:105900009A687B6808331B6819461046FBF74CF908
:1059100003461846FAF780FD97A3D3E90023FAF768
:10592000FDFE02460B4620462946FAF717FC0246C2
:105930000B4614461D46934BDA687B680C331B6894
:1059400019461046FBF730F903461846FAF764FD8E
:1059500089A3D3E90023FAF7E1FE02460B4620466D
:105960002946FAF7FBFB02460B4614461D46854BBB
:105970001A697B6810331B6819461046FBF714F947
:1059800003461846FAF748FD7BA3D3E90023FAF74C
:10599000C5FE02460B4620462946FAF7DFFB0246C3
:1059A0000B4614461D46774B5A697B6814331B68B7
:1059B00019461046FBF7F8F803461846FAF72CFD8F
:1059C0006DA3D3E90023FAF7A9FE02460B46204651
:1059D0002946FAF7C3FB02460B4610461946FAF76A
:1059E00085FF0346684A1360664B9A697B681B68AB
:1059F00019461046FBF7D8F803461846FAF70CFD8F
:105A00005DA3D3E90023FAF789FE02460B4614464C
:105A10001D465C4BDA697B6804331B6819461046E7
:105A2000FBF7C2F803461846FAF7F6FC52A3D3E98F
:105A30000023FAF773FE02460B4620462946FAF782
:105A40008DFB02460B4614461D464E4B1A6A7B6878
:105A500008331B6819461046FBF7A6F8034618469C
:105A6000FAF7DAFC44A3D3E90023FAF757FE02461B
:105A70000B4620462946FAF771FB02460B461446B0
:105A80001D46404B5A6A7B680C331B68194610460A
:105A9000FBF78AF803461846FAF7BEFC36A3D3E9AB
:105AA0000023FAF73BFE02460B4620462946FAF74A
:105AB00055FB02460B4614461D46324B9A6A7B68DC
:105AC00010331B6819461046FBF76EF8034618465C
:105AD000FAF7A2FC28A3D3E90023FAF71FFE024637
:105AE0000B4620462946FAF739FB02460B46144678
:105AF0001D46244BDA6A7B6814331B68194610462E
:105B0000FBF752F803461846FAF786FC1AA3D3E9C6
:105B10000023FAF703FE02460B4620462946FAF711
:105B20001DFB02460B4610461946FAF7DFFE0346F8
:105B3000154A5360134B1A6B7B681B681946104655
:105B4000FBF732F803461846FAF766FC0AA3D3E9D6
:105B50000023FAF7E3FD02460B4614461D46094BA7
:105B60005A6B7B6804331B6819461046FBF71CF818
:105B700003460BE0AFF300809A99999999992340D5
:105B8000080100201C010020A80000201846FAF798
:105B900043FCBFA3D3E90023FAF7C0FD02460B463E
:105BA00020462946FAF7DAFA02460B4614461D4605
:105BB000B94B9A6B7B6808331B6819461046FAF795
:105BC000F3FF03461846FAF727FCB1A3D3E90023F5
:105BD000FAF7A4FD02460B4620462946FAF7BEFA1C
:105BE00002460B4614461D46AB4BDA6B7B680C3302
:105BF0001B6819461046FAF7D7FF03461846FAF70E
:105C00000BFCA3A3D3E90023FAF788FD02460B4659
:105C100020462946FAF7A2FA02460B4614461D46CC
:105C20009D4B1A6C7B6810331B6819461046FAF7B7
:105C3000BBFF03461846FAF7EFFB95A3D3E9002311
:105C4000FAF76CFD02460B4620462946FAF786FA1B
:105C500002460B4614461D468F4B5A6C7B68143324
:105C60001B6819461046FAF79FFF03461846FAF7D5
:105C7000D3FB87A3D3E90023FAF750FD02460B4676
:105C800020462946FAF76AFA02460B46104619469C
:105C9000FAF72CFE0346814A93607F4B9A6C7B682F
:105CA0001B6819461046FAF77FFF03461846FAF7B5
:105CB000B3FB77A3D3E90023FAF730FD02460B4686
:105CC00014461D46744BDA6C7B6804331B68194616
:105CD0001046FAF769FF03461846FAF79DFB6CA3D6
:105CE000D3E90023FAF71AFD02460B46204629465F
:105CF000FAF734FA02460B4614461D46664B1A6DF7
:105D00007B6808331B6819461046FAF74DFF0346B7
:105D10001846FAF781FB5EA3D3E90023FAF7FEFCED
:105D200002460B4620462946FAF718FA02460B4669
:105D300014461D46584B5A6D7B680C331B68194638
:105D40001046FAF731FF03461846FAF765FB50A3F1
:105D5000D3E90023FAF7E2FC02460B462046294627
:105D6000FAF7FCF902460B4614461D464A4B9A6D5B
:105D70007B6810331B6819461046FAF715FF034677
:105D80001846FAF749FB42A3D3E90023FAF7C6FC09
:105D900002460B4620462946FAF7E0F902460B4632
:105DA00014461D463C4BDA6D7B6814331B6819465C
:105DB0001046FAF7F9FE03461846FAF72DFB34A30E
:105DC000D3E90023FAF7AAFC02460B4620462946EF
:105DD000FAF7C4F902460B4610461946FAF786FD53
:105DE00003462E4AD3602C4B1A6E7B681B681946FB
:105DF0001046FAF7D9FE03461846FAF70DFB24A31E
:105E0000D3E90023FAF78AFC02460B4614461D46E6
:105E1000214B5A6E7B6804331B6819461046FAF70B
:105E2000C3FE03461846FAF7F7FA19A3D3E900238D
:105E3000FAF774FC02460B4620462946FAF78EF91B
:105E400002460B4614461D46134B9A6E7B68083378
:105E50001B6819461046FAF7A7FE03461846FAF7DC
:105E6000DBFA0BA3D3E90023FAF758FC02460B46F2
:105E700020462946FAF772F902460B4614461D469B
:105E8000054BDA6E7B680C330AE000BFAFF300808D
:105E90009A999999999923401C010020A800002003
:105EA0001B6819461046FAF77FFE03461846FAF7B4
:105EB000B3FA7BA3D3E90023FAF730FC02460B4682
:105EC00020462946FAF74AF902460B4614461D4673
:105ED000754B1A6F7B6810331B6819461046FAF72A
:105EE00063FE03461846FAF797FA6DA3D3E9002339
:105EF000FAF714FC02460B4620462946FAF72EF91B
:105F000002460B4614461D46674B5A6F7B68143396
:105F10001B6819461046FAF747FE03461846FAF77B
:105F20007BFA5FA3D3E90023FAF7F8FB02460B469E
:105F300020462946FAF712F902460B461046194642
:105F4000FAF7D4FC0346594A1361574B9A6F7B68A2
:105F50001B6819461046FAF727FE03461846FAF75B
:105F60005BFA4FA3D3E90023FAF7D8FB02460B46AE
:105F700014461D464C4BDA6F7B6804331B68194688
:105F80001046FAF711FE03461846FAF745FA44A3FD
:105F9000D3E90023FAF7C2FB02460B462046294606
:105FA000FAF7DCF802460B4614461D463E4BD3F882
:105FB00080207B6808331B6819461046FAF7F4FD09
:105FC00003461846FAF728FA35A3D3E90023FAF76F
:105FD000A5FB02460B4620462946FAF7BFF80246C3
:105FE0000B4614461D46304BD3F884207B680C3397
:105FF0001B6819461046FAF7D7FD03461846FAF70C
:106000000BFA27A3D3E90023FAF788FB02460B46D5
:1060100020462946FAF7A2F802460B4614461D46CA
:10602000214BD3F888207B6810331B681946104633
:10603000FAF7BAFD03461846FAF7EEF918A3D3E9C2
:106040000023FAF76BFB02460B4620462946FAF777
:1060500085F802460B4614461D46134BD3F88C2098
:106060007B6814331B6819461046FAF79DFD0346FA
:106070001846FAF7D1F90AA3D3E90023FAF74EFB41
:1060800002460B4620462946FAF768F802460B46B8
:1060900010461946FAF72AFC0346044A536141E2C6
:1060A0009A999999999923401C010020A8000020F1
:1060B000944B5B78DBB2022B40F03482924B1A682F
:1060C0007B681B6819461046FAF76EFD03461C46AE
:1060D0008D4B5A687B6804331B6819461046FAF7E3
:1060E00063FD034619462046FAF756FC03461C4654
:1060F000854B9A687B6808331B6819461046FAF787
:1061000053FD034619462046FAF746FC03461C4653
:106110007D4BDA687B680C331B6819461046FAF72A
:1061200043FD034619462046FAF736FC03461C4653
:10613000754B1A697B6810331B6819461046FAF7CD
:1061400033FD034619462046FAF726FC03461C4653
:106150006D4B5A697B6814331B6819461046FAF771
:1061600023FD034619462046FAF716FC03461A4655
:10617000664B1A60644B9A697B681B681946104627
:10618000FAF712FD03461C465F4BDA697B6804335D
:106190001B6819461046FAF707FD034619462046C4
:1061A000FAF7FAFB03461C46574B1A6A7B6808331A
:1061B0001B6819461046FAF7F7FC034619462046B5
:1061C000FAF7EAFB03461C464F4B5A6A7B680C33CE
:1061D0001B6819461046FAF7E7FC034619462046A5
:1061E000FAF7DAFB03461C46474B9A6A7B68103382
:1061F0001B6819461046FAF7D7FC03461946204695
:10620000FAF7CAFB03461C463F4BDA6A7B68143335
:106210001B6819461046FAF7C7FC03461946204684
:10622000FAF7BAFB03461A46384B5A60364B1A6BDC
:106230007B681B6819461046FAF7B6FC03461C46F5
:10624000314B5A6B7B6804331B6819461046FAF7CA
:10625000ABFC034619462046FAF79EFB03461C4654
:10626000294B9A6B7B6808331B6819461046FAF76E
:106270009BFC034619462046FAF78EFB03461C4654
:10628000214BDA6B7B680C331B6819461046FAF712
:106290008BFC034619462046FAF77EFB03461C4654
:1062A000194B1A6C7B6810331B6819461046FAF7B5
:1062B0007BFC034619462046FAF76EFB03461C4654
:1062C000114B5A6C7B6814331B6819461046FAF759
:1062D0006BFC034619462046FAF75EFB03461A4656
:1062E0000A4B9A60084B9A6C7B681B6819461046EB
:1062F000FAF75AFC03461C46034BDA6C7B680433FE
:1063000006E000BF080100201C010020A8000020BA
:106310001B6819461046FAF747FC03461946204603
:10632000FAF73AFB03461C468D4B1A6D7B6808331F
:106330001B6819461046FAF737FC034619462046F3
:10634000FAF72AFB03461C46854B5A6D7B680C33D3
:106350001B6819461046FAF727FC034619462046E3
:10636000FAF71AFB03461C467D4B9A6D7B68103387
:106370001B6819461046FAF717FC034619462046D3
:10638000FAF70AFB03461C46754BDA6D7B6814333B
:106390001B6819461046FAF707FC034619462046C3
:1063A000FAF7FAFA03461A466E4BDA606C4B1A6E2D
:1063B0007B681B6819461046FAF7F6FB03461C4635
:1063C000674B5A6E7B6804331B6819461046FAF710
:1063D000EBFB034619462046FAF7DEFA03461C4655
:1063E0005F4B9A6E7B6808331B6819461046FAF7B4
:1063F000DBFB034619462046FAF7CEFA03461C4655
:10640000574BDA6E7B680C331B6819461046FAF757
:10641000CBFB034619462046FAF7BEFA03461C4654
:106420004F4B1A6F7B6810331B6819461046FAF7FA
:10643000BBFB034619462046FAF7AEFA03461C4654
:10644000474B5A6F7B6814331B6819461046FAF79E
:10645000ABFB034619462046FAF79EFA03461A4656
:10646000404B1A613E4B9A6F7B681B681946104679
:10647000FAF79AFB03461C46394BDA6F7B68043304
:106480001B6819461046FAF78FFB0346194620464B
:10649000FAF782FA03461C46314BD3F880207B681A
:1064A00008331B6819461046FAF77EFB0346194667
:1064B0002046FAF771FA03461C46294BD3F884208C
:1064C0007B680C331B6819461046FAF76DFB0346D0
:1064D00019462046FAF760FA03461C46204BD3F8CB
:1064E00088207B6810331B6819461046FAF75CFB5E
:1064F000034619462046FAF74FFA03461C46184B46
:10650000D3F88C207B6814331B6819461046FAF7C1
:106510004BFB034619462046FAF73EFA03461A4655
:10652000104B5A610023FB6011E0FB68DAB20D49A1
:10653000FB6851F823301946104602F0AFFE0246C0
:106540000849FB6841F82320FB680133FB60FB68C6
:10655000052BEADD00BF00BF1037BD46B0BD00BF50
:106560001C010020A800002080B582B000AF786038
:106570007868FAF769FC03469AB26423796803489D
:10658000FEF702F900BF0837BD4680BDAC08002009
:1065900080B582B000AF134B1B681B6803F010037B
:1065A000102B17D100233B600E4B1B681B683B6010
:1065B0000C4B1B685B683B603B680A4BDB6B002B3A
:1065C00008D0084BDB6B1B685B68FB80FB881846B8
:1065D00001F068F80348FEF707FA00BF0837BD4628
:1065E00080BD00BFAC08002090B58BB000AF7860D4
:1065F0007B681B68B3F1804F46D1254B1B68013384
:10660000234A1360224B1968224BA3FB01235A082B
:1066100013465B001344CA1A002A35D107F10C0354
:10662000184602F075FC0346002B20D1002387F8A2
:10663000273018E097F82730174A1278144697F851
:1066400027109B0028333B4453F81C2C1348234647
:106650005B0023445B000B4440F8232097F827306D
:10666000013387F8273097F82730052BE2D90A4BFA
:106670001B780133DAB2084B1A70074B1B783F2B9B
:1066800002D9054B00221A7000BF2C37BD4690BDC1
:10669000A4000020ABAAAAAAAC010020B0010020EF
:1066A00080B582B000AF0E4B9B78DBB2002B01D1DE
:1066B000022300E001237B600A4B1A680A4B1B6827
:1066C000D31A7A689A4206D8064B1B68064A1360AA
:1066D000022001F03BFB00BF0837BD4680BD00BF74
:1066E00008010020A4000020B007002090B58DB064
:1066F00000AFFBF71DFC00F03DF900F087F900F05A
:10670000F5F900F0B1FB00F0FDFA00F00DFA00F031
:1067100079FA0023FB610023BB6207F11C0304220A
:106720001946782000F030FF3B7F1A467B7F1B0222
:106730001A43BB7F1B041A43FB7F1B061343BB6238
:10674000BB6AB3F5E12F0FD0BB6AB3F57A3F0BD02C
:10675000BB6AB3F5E13F07D0BB6AB3F5964F03D0F0
:10676000BB6AB3F5165F03D16F4ABB6A136003E0DF
:106770006D4B4FF4E1221A6000F04AFB01F024FE59
:106780006A48FFF7F1FE02F045FD6948FFF7ECFEAD
:10679000032002F0DDFB6748FFF7E6FE6648FFF7DF
:1067A000E3FE6649664800F02FFF02F0D9FC7862EC
:1067B0007B6A002B01D1634B00E0634B1846FFF767
:1067C000D3FE01F021FD614B02225A706048FDF7B3
:1067D00089FB3B1D00221A605A609A60DA601A61D8
:1067E0005A615C4B1A785C4B1B789A4249D05A4BE1
:1067F0001A78584B1A70002387F82F3030E097F83A
:106800002F4097F82F301846FEF7F0FF0246A300FE
:1068100030333B4443F82C2C4C4B1B79DBB2002B20
:1068200019D197F82F304D4A123352F8232097F898
:106830002F309B0030333B4453F82C3C97F82F40CB
:1068400011461846FAF7A6F803461A46A300303355
:106850003B4443F82C2C97F82F30013387F82F3026
:1068600097F82F30052BCAD9384B1B79DBB2012B97
:1068700003D13B1D184601F0E7FD3B1D1846FEF70E
:10688000E3FF01F04BFE0346002B09D02F4B002203
:106890001A7101F037FE01F08BFD3148FFF764FEFD
:1068A0002A4B1B78DBB2012B02D1FFF7F9FE03E084
:1068B0002C4B1B682C4A1360244B1B78DBB2012B3A
:1068C0000BD1224BDB78DBB2002B04D01F4BDB78E3
:1068D000DBB2012B01D1012300E0002387F8233034
:1068E00097F82330002B11D01E4B1A681F4B1B68E2
:1068F000D31AB3F5FA7F13D31A4B1B681B4A1360E4
:106900004FF480511A48FCF701FA09E000224FF4D5
:1069100080511748FCF7E2F9124B1B68134A1360C9
:1069200000F0E4FE55E700BF2400002008A30008A3
:106930002CA3000844A3000854A300082D7E0008DF
:10694000AC08002070A3000888A3000808010020FC
:1069500064080020AD010020AC010020A800002048
:1069600098A30008A4000020B0070020B40700206E
:106970000008014080B590B000AF07F1180328224D
:106980000021184602F040FE3B1D00221A605A60AA
:106990009A60DA601A610123BB614FF48033FB61B6
:1069A00000233B620123BB6202237B634FF48033ED
:1069B000BB634FF4E013FB6307F118031846FBF7C2
:1069C0003DFB0346002B01D000F019F80F237B603C
:1069D0000223BB600023FB604FF480633B61002314
:1069E0007B613B1D02211846FBF7AAFD0346002BE5
:1069F00001D000F004F800BF4037BD4680BD80B430
:106A000000AF72B600BF00BFFDE7000080B588B0E0
:106A100000AF07F1100300221A605A609A60DA6032
:106A20002F4B9B692E4A43F0200393612C4B9B69AB
:106A300003F02003FB60FB68294B9B69284A43F065
:106A400004039361264B9B6903F00403BB60BB689E
:106A5000234B9B69224A43F008039361204B9B69B7
:106A600003F008037B607B68002241F210111D488F
:106A7000FCF734F9002201211B48FCF72FF94FF4F1
:106A800088733B6101237B610023BB610323FB61AE
:106A900007F1100319461348FBF7E0FE01233B61A1
:106AA00001237B610023BB610323FB6107F110031A
:106AB00019460D48FBF7D2FE4FF480533B6101238A
:106AC0007B610023BB610223FB6107F110031946C0
:106AD0000448FBF7C3FE00BF2037BD4680BD00BFA2
:106AE0000010024000080140000C014080B582B057
:106AF00000AF0C4B5B690B4A43F001035361094B38
:106B00005B6903F001037B607B68002200210F209A
:106B1000FCF727FD0F20FCF740FD00BF0837BD46FE
:106B200080BD00BF0010024080B500AF124B134A79
:106B30001A60114B124A5A600F4B00229A600E4B9A
:106B40000022DA600C4B4FF480421A610A4B00229B
:106B50005A61094B00229A61074B0022DA61064B09
:106B600000221A620448FAF77DF90346002B01D08F
:106B7000FFF745FF00BF80BDB80700200058004068
:106B8000A086010080B588B000AF786007F11003DF
:106B900000221A605A609A60DA607B681B68164AA5
:106BA000934224D1154B9B69144A43F00803936127
:106BB000124B9B6903F00803FB60FB684FF44063D2
:106BC0003B6112237B610323FB6107F1100319462C
:106BD0000B48FBF743FE094BDB69084A43F480038B
:106BE000D361064BDB6903F48003BB60BB6800BF65
:106BF0002037BD4680BD00BF005800400010024055
:106C0000000C014080B500AF174B184A1A60164BB4
:106C10004FF482725A60144B00229A60124B002289
:106C2000DA60114B00221A610F4B00225A610E4BA1
:106C30004FF400729A610C4B2822DA610A4B002251
:106C40001A62094B00225A62074B00229A62064BD5
:106C50000A22DA620448FCF7C8FC0346002B01D084
:106C6000FFF7CDFE00BF80BD0C08002000300140C2
:106C700080B588B000AF786007F1100300221A6079
:106C80005A609A60DA607B681B681B4A93422FD176
:106C90001A4B9B69194A43F480539361174B9B69C4
:106CA00003F48053FB60FB68144B9B69134A43F069
:106CB00004039361114B9B6903F00403BB60BB6841
:106CC000A0233B6102237B610323FB6107F11003D7
:106CD00019460B48FBF7C2FD40233B6100237B6153
:106CE0000023BB6107F1100319460548FBF7B6FD09
:106CF00000BF2037BD4680BD00300140001002407B
:106D00000008014080B586B000AF07F108030022FB
:106D10001A605A609A60DA603B4600221A605A6034
:106D20001D4B4FF080421A601B4B47225A601A4B92
:106D300000229A60184B40F2E732DA60164B0022CC
:106D40001A61154B00229A611348FDF77CF803463F
:106D5000002B01D0FFF753FE4FF48053BB6007F1C7
:106D6000080319460C48FDF72DFA0346002B01D005
:106D7000FFF745FE00233B6000237B603B4619463E
:106D80000548FDF70FFC0346002B01D0FFF737FE47
:106D900000BF1837BD4680BD6408002080B584B0B0
:106DA00000AF78607B681B68B3F1804F13D10C4B48
:106DB000DB690B4A43F00103D361094BDB6903F044
:106DC0000103FB60FB68002200211C20FCF7C9FBCB
:106DD0001C20FCF7E2FB00BF1037BD4680BD00BFA2
:106DE0000010024080B584B000AFF860B9607A60EE
:106DF0007B689AB24FF4FA73B9680448FDF7C4FC93
:106E00007B6818461037BD4680BD00BFAC08002027
:106E100080B500AF114B124A1A60124B1B680F4A23
:106E200053600E4B00229A600C4B0022DA600B4B31
:106E300000221A61094B0C225A61084B00229A6108
:106E4000064B0022DA610548FDF71CFC0346002BC7
:106E500001D0FFF7D4FD00BF80BD00BFAC0800200B
:106E6000003801402400002080B500AF114B124AC9
:106E70001A60104B4FF4E1325A600E4B00229A60B8
:106E80000C4B0022DA600B4B00221A61094B0C22DA
:106E90005A61084B00229A61064B0022DA610548CC
:106EA000FDF7F0FB0346002B01D0FFF7A8FD00BF64
:106EB00080BD00BFAC0800200038014080B588B01C
:106EC00000AF786007F1100300221A605A609A60E0
:106ED000DA607B681B68334A93425FD1324B9B690F
:106EE000314A43F4804393612F4B9B6903F4804301
:106EF000FB60FB682C4B9B692B4A43F004039361B6
:106F0000294B9B6903F00403BB60BB684FF400731B
:106F10003B6102237B610323FB6107F110031946E8
:106F20002248FBF79BFC4FF480633B6100237B61AD
:106F30000023BB6107F1100319461C48FBF78EFCC8
:106F40001B4B1C4A1A601A4B00225A60184B002235
:106F50009A60174B8022DA60154B00221A61144B9D
:106F600000225A61124B20229A61114B0022DA61F1
:106F70000F48FBF7FDFE0346002B01D0FFF73FFD56
:106F80007B680B4ADA630A4A7B685362002200215D
:106F90002520FCF7E6FA2520FCF7FFFA00BF203792
:106FA000BD4680BD0038014000100240000801408D
:106FB000F40800205800024080B582B000AF78602D
:106FC0007B681B680C4A934212D10C4B9B690B4A9D
:106FD00023F4804393614FF4C0610948FBF7C2FD7D
:106FE0007B68DB6B1846FBF71DFF2520FCF7E3FAF7
:106FF00000BF0837BD4680BD003801400010024088
:107000000008014080B500AF4020FBF799FE00BFAB
:1070100080BD80B483B000AF0346FB8000BF0C3757
:10702000BD4680BC704780B400AF00BFFDE780B4B0
:1070300000AF00BFFDE780B400AF00BFFDE780B444
:1070400000AF00BFFDE780B400AF00BFFDE780B434
:1070500000AF00BFBD4680BC704780B400AF00BF2A
:10706000BD4680BC704780B400AF00BFBD4680BC49
:10707000704780B500AFFAF7A1FF00BF80BD0000E8
:1070800080B500AF0248FCF73DF800BF80BD00BFEF
:10709000F408002080B500AF0248FCF7A3FF00BF52
:1070A00080BD00BF6408002080B485B000AF154BE0
:1070B0009B69144A43F001039361124B9B6903F0EF
:1070C0000103BB60BB680F4BDB690E4A43F0805382
:1070D000D3610C4BDB6903F080537B607B680A4B08
:1070E0005B68FB60FB6823F0E063FB60FB6843F0D8
:1070F0000073FB60044AFB68536000BF1437BD4651
:1071000080BC7047001002400000014080B586B08E
:1071100000AF7860144A154BD31A7B617B693B61E1
:10712000134B1B68002B02D1114B124A1A60104BF3
:107130001A687B6813443A699A4207D202F0B2FA9D
:1071400003460C221A604FF0FF3309E0084B1B681E
:10715000FB60074B1A687B681344054A1360FB68A1
:1071600018461837BD4680BD0050002000040000BE
:10717000380900204018002080B400AF01231846D1
:10718000BD4680BC704780B582B000AF7860396082
:1071900002F088FA034616221A604FF0FF331846B1
:1071A0000837BD4680BD80B582B000AF78604FF033
:1071B000FF317868FFF7E7FF00BFFDE780B586B0D5
:1071C00000AFF860B9607A6000237B610AE0AFF33A
:1071D00000800146BB685A1CBA60CAB21A707B694B
:1071E00001337B617A697B689A42F0DB7B681846E1
:1071F0001837BD4680BD80B483B000AF78604FF0D3
:10720000FF3318460C37BD4680BC704780B483B04E
:1072100000AF786039603B684FF400525A60002339
:1072200018460C37BD4680BC704780B483B000AFB1
:107230007860012318460C37BD4680BC704780B487
:1072400085B000AFF860B9607A6000231846143743
:10725000BD4680BC70470000F9F7FEFD0B480C49A5
:107260000C4A002302E0D458C4500433C4188C42A2
:10727000F9D3094A094C002301E013600432A24209
:10728000FBD302F015FAFFF731FA70470000002037
:10729000840000202CA50008840000203C18002059
:1072A000FEE780B483B000AF78607B689B889BB2B8
:1072B000013B9BB218460C37BD4680BC704780B47A
:1072C00085B000AFF860B9601346FB80FB68BA6810
:1072D0001A60FB68FA889A80FB680022DA80FB68F3
:1072E00000221A8100BF1437BD4680BC704780B4AD
:1072F00083B000AF78607B68DB889AB27B681B89BB
:107300009BB2D31A9BB218460C37BD4680BC70475F
:10731000B0B584B000AF78607B681C687B681B895F
:107320009DB27868FFF7BDFF03462B409BB2234414
:107330001B78FB737B681B899BB201339AB27B6815
:107340001A81FB7B18461037BD46B0BDB0B582B080
:1073500000AF78600B467B807B681C687B681B896C
:107360009AB27B8813449DB27868FFF79AFF034670
:107370002B409BB223441B78DBB218460837BD462E
:10738000B0BD80B586B000AFF860B9601346FB8031
:10739000F868FFF786FF0346FB821BE0FB68DB888B
:1073A0009BB20133BB82FB681B899BB2BA8A9A42AB
:1073B00016D0BB685A1CBA60FA681268F968C988A6
:1073C00088B2F98A014089B20A441B781370FB68BD
:1073D000BA8ADA80FB885A1EFA80002BDED100E0E0
:1073E00000BF1837BD4680BD80B586B000AFF860DD
:1073F000B9601346FB80F868FFF753FF0346BB8272
:10740000F868FFF774FF03467B82FA887B8A9A420A
:1074100001D97B8AFB800023FB8218E0FB681B6894
:10742000FA68128991B2BA8A0A4092B21A44FB8A67
:10743000B9680B441278D2B21A70FB681B899BB2F0
:1074400001339AB2FB681A81FB8A0133FB82FA8A04
:10745000FB889A42E2D3FB8818461837BD4680BDA8
:1074600080B584B000AF78600B467B807868FFF70A
:107470003EFF0346FB817A88FB899A4201D9FB894A
:107480007B807B681B899AB27B8813449AB27B68A5
:107490001A8100BF1037BD4680BD80B485B000AFF3
:1074A00003460A46FB8013467B71A023FB81FB88C1
:1074B000DB099BB25B009BB203F00203BB81FA893C
:1074C000BB8913439BB21AB27B79002B0CBF0123FB
:1074D0000023DBB21BB213431BB29BB21846143716
:1074E000BD4680BC7047000080B58AB004AF03463B
:1074F0003960FB801346BB800023FB8238E0FB88A9
:1075000003F00F039BB2C3F11003BB82BA8AB988A0
:10751000FB8ACB1A9342A8BF13467B82FB880121CA
:107520001846FFF7BAFF03463B82FB88DBB298B2EE
:10753000FB8A3A681344398A642202927A8A019259
:107540000093012302460F48F9F7D0FD0346FB7371
:10755000FB7B002B01D0FB7B0FE0FA8A7B8A134474
:10756000FB82FA887B8A1344FB800520FAF742FDF0
:10757000FA8ABB889A42C2D3002318461837BD4600
:1075800080BD00BFB807002080B588B004AF0346B7
:107590003960FB801346BB80FB8800211846FFF74B
:1075A0007CFF0346FB81FB88DBB29AB2F989642336
:1075B0000293BB8801933B68009301230348F9F7CA
:1075C0008FFE034618461037BD4680BDB807002021
:1075D00080B582B000AF78600B467B8000BF094B5E
:1075E0001B681B681B6803F04003402BF7D1054B59
:1075F00018687A8864237968FDF7C6F800BF0837F1
:10760000BD4680BD3C09002080B582B000AF7860E7
:1076100039600E4A7B6813600D4A3B6813600D4B5E
:1076200000221A704FF480620B490C48FFF747FEA6
:107630007B681B68DA687B681B6842F01002DA60BE
:1076400000F00EF800BF0837BD4680BD3C090020A1
:1076500040090020500F0020500B0020440B002058
:1076600080B500AF0C4B1B68DB6B002B04D00A4BC2
:107670001B681846FDF738F9084B00221A70064BB4
:107680001B684FF4007206491846FDF708F9034BD2
:1076900001221A7000BF80BD3C090020500F00205D
:1076A0004409002080B584B000AF0346FB804FF44E
:1076B0000073FB81FA89FB88D31ABB81BB89002B3D
:1076C00009D0BA89FB899A4205D8BB891A4605496F
:1076D0000548FFF756FEFFF7C3FF00BF1037BD4652
:1076E00080BD00BF44090020440B002080B5C4B019
:1076F00000AF1CE000215E48FFF728FE034687F834
:10770000073197F80731AA2B03D05948FFF700FE3D
:107710000DE001215648FFF719FE034687F80631B0
:1077200097F80631552B09D05148FFF7F1FD504825
:10773000FFF7DDFD0346032BDCD800E000BF4C481B
:10774000FFF7D5FD0346032B40F28A804848FFF738
:10775000CEFD0346A7F804314FF6FF73A7F80E31AC
:107760000323A7F80C311DE0B7F80C311946404847
:10777000FFF7ECFD03460D2B0FD1B7F80C310133A9
:107780009BB219463A48FFF7E1FD03460A2B04D1A4
:10779000B7F80C31A7F80E310BE0B7F80C31013314
:1077A000A7F80C31B7F80C315A1CB7F804319A42DB
:1077B000DADBB7F90E31022B54DDB7F80E310233A4
:1077C000A7F80231B7F80231042B06D1FF2387F85E
:1077D0000B310023A7F808310BE002212448FFF702
:1077E000B5FD034687F80B31B7F80231053BA7F822
:1077F000083102211E48FFF733FE97F80B31FF2BAB
:1078000002D01B48FFF784FDB7F80831002B0AD0DF
:10781000B7F80831FA2B06D8B7F808213B1D1946EE
:107820001348FFF7E1FD1248FFF772FD034687F8A2
:1078300001310F48FFF76CFD034687F8003197F8D8
:107840000B31FF2B0FD00B4B1B68002B0BD0094BC0
:107850001B68B7F80821391D97F80B01984702E01B
:1078600000BF00E000BF07F58877BD4680BD00BFC0
:10787000440B00204009002080B5C4B000AF07F5DC
:107880008873A3F588731960114607F58873A3F20E
:10789000091302461A7007F58873A3F586730A4622
:1078A0001A800023A7F80E31B7F80E315A1CA7F83A
:1078B0000E211A4607F58873A3F58273AA219954FD
:1078C000B7F80E315A1CA7F80E211A4607F588732F
:1078D000A3F5827355219954B7F80E315A1CA7F8B5
:1078E0000E21194607F58873A3F5827307F5887290
:1078F000A2F2091212785A5407F58873A3F5887317
:107900001B68002B28D007F58873A3F586731B88A6
:10791000002B21D007F58873A3F586731B88FB2BFA
:107920001AD8B7F80E3107F10C02D01807F5887392
:10793000A3F586731A8807F58873A3F58873196809
:1079400001F0DDFE07F58873A3F58673B7F80E2105
:107950001B881344A7F80E31B7F80E315A1CA7F84C
:107960000E211A4607F58873A3F582730D219954E9
:10797000B7F80E315A1CA7F80E211A4607F588737E
:10798000A3F582730A219954B7F80E2107F10C036D
:1079900011461846FFF71CFE00BF07F58877BD4665
:1079A00080BD80B5C4B000AF07F58873A3F58673BA
:1079B00018600A4607F58873A3F587731A800023B9
:1079C000A7F80E31B7F80E315A1CA7F80E211A4647
:1079D00007F58873A3F58273AA219954B7F80E317D
:1079E0005A1CA7F80E211A4607F58873A3F582736F
:1079F0005521995407F58873A3F586731B68002BEE
:107A000028D007F58873A3F587731B88002B21D036
:107A100007F58873A3F587731B88FC2B1AD8B7F872
:107A20000E3107F10C02D01807F58873A3F58773A0
:107A30001A8807F58873A3F58673196801F05FFE4D
:107A400007F58873A3F58773B7F80E211B881344D5
:107A5000A7F80E31B7F80E315A1CA7F80E211A46B6
:107A600007F58873A3F582730D219954B7F80E3189
:107A70005A1CA7F80E211A4607F58873A3F58273DE
:107A80000A219954B7F80E2107F10C031146184644
:107A9000FFF79EFD00BF07F58877BD4680BD80B526
:107AA00082B000AF78600B467B807B88194678688F
:107AB000FFF78EFD00BF0837BD4680BD80B5C4B05E
:107AC00000AF07F58873A3F5867318600A4607F5BB
:107AD0008873A3F587731A800023A7F80E3107F582
:107AE0008873A3F586731B68002B28D007F588736D
:107AF000A3F587731B88002B21D007F58873A3F5A6
:107B000087731B88FC2B1AD8B7F80E3107F10C02CB
:107B1000D01807F58873A3F587731A8807F588735B
:107B2000A3F58673196801F0EAFD07F58873A3F5DC
:107B30008773B7F80E211B881344A7F80E31B7F8E6
:107B40000E2107F10C0311461846FFF741FD00BF57
:107B500007F58877BD4680BD80B485B000AF7860FA
:107B600039603B68FB60FB68DAB27B681A70FB68BF
:107B70001A0A7B680133D2B21A70FB681A0C7B6850
:107B80000233D2B21A70FB681A0E7B680333D2B28A
:107B90001A7000BF1437BD4680BC704780B485B0F2
:107BA00000AF78607B6803331B781A467B6802332A
:107BB0001B781B021A437B6801331B781B041A4392
:107BC0007B681B781B061343FB60FB68BB60BB68CC
:107BD00018461437BD4680BC704780B582B000AFF0
:107BE00003463960FB711346BB80FB7963F07F036A
:107BF000DBB2BA8839681846FFF73EFE00BF083787
:107C0000BD4680BD80B582B000AF0346FB71FB79F5
:107C1000002200211846FFF7E0FF00BF0837BD46ED
:107C200080BD000080B483B000AF0346FB71FB79D8
:107C3000013B042B1BD801A252F823F0517C000811
:107C4000577C00085D7C0008637C0008697C0008A4
:107C50004FF4E1230CE04FF47A3309E04FF4E133C1
:107C600006E04FF4964303E04FF4165300E0002380
:107C700018460C37BD4680BC704700BF80B584B045
:107C800000AF78602E4A7B6813600023FB810CE014
:107C9000FB89DB007A68DA40FB89D2B210333B44BF
:107CA00003F8082CFB890133FB81FB89032BEFD9F7
:107CB00007F10803042219467820FFF715FC00BFDE
:107CC000204B1B681B6803F04003402BF8D11D4B71
:107CD0001B686FF040021A601A4BDB6B002B02D05E
:107CE0001848FCF701FE1748FCF71CFD154B164A17
:107CF0001A60144A7B685360124B00229A60114B41
:107D00000022DA600F4B00221A610E4B0C225A61DE
:107D10000C4B00229A610B4B0022DA610948FCF7F8
:107D2000B1FC084B1B68DA68064B1B6842F0100276
:107D3000DA60FFF795FC00BF1037BD4680BD00BF7D
:107D400024000020AC0800200038014080B58CB031
:107D500000AF0346FB71334BDB78DBB2002B04D062
:107D6000304BDB78DBB2012B58D1002387F82F3062
:107D700015E097F82F302C4A52F82330BB6297F861
:107D80002F309B001A4607F10C031344B96A1846BA
:107D9000FFF7E2FE97F82F30013387F82F3097F87E
:107DA0002F30052BE5D91F4BDB78DBB2012B12D12D
:107DB000002387F82430002387F82530802387F8B4
:107DC00026307F2387F8273007F10C031C21184643
:107DD000FFF774FE23E0182387F82F3011E097F89F
:107DE0002F305A1E97F82F3030323A4412F8242C94
:107DF00030333B4403F8242C97F82F30013B87F8AD
:107E00002F3097F82F30002BE9D1FB793B7307F126
:107E10000C0319211846FFF7C4FD00E000BF3037FE
:107E2000BD4680BD08010020A800002090B5ABB081
:107E300000AF03463960FB711346BB80FB79013B01
:107E4000402B00F2CA8101A252F823F0517F0008B2
:107E5000617F0008777F00087F7F000801800008AD
:107E60001580000839800008CD7F0008DB810008FC
:107E7000DB810008DB810008DB810008DB81000872
:107E8000DB810008DB810008DB810008DB81000862
:107E9000DB810008DB810008DB810008DB81000852
:107EA000DB810008DB810008DB810008DB81000842
:107EB000DB810008DB810008DB810008DB81000832
:107EC000DB810008DB81000861810008DB8100089C
:107ED000DB810008DB810008DB810008DB81000812
:107EE000DB810008DB810008DB810008DB81000802
:107EF000DB810008DB810008DB810008DB810008F2
:107F0000DB810008DB81000899800008B38000084D
:107F1000C3800008F5800008E1800008098100089E
:107F2000D3800008DB810008DB810008DB810008CA
:107F3000DB810008DB810008DB810008DB810008B1
:107F4000DB810008DB8100081D8100083F810008FB
:107F5000A84B00221A70FB791846FFF753FE44E144
:107F6000A548FBF7BFFFA34B01221A70FB79184607
:107F7000FFF748FE39E10320FFF7E8FE35E1BB8853
:107F8000002B07D19B4B9B899BB201339AB2994B33
:107F90009A812AE13B681B781846FFF743FEC7F831
:107FA000A000D7F8A030002B07D1924B9B899BB241
:107FB00001339AB28F4B9A8117E1FB791846FFF78C
:107FC00021FED7F8A000FFF759FE0EE1BB88002B79
:107FD00007D1884B9B899BB201339AB2854B9A811A
:107FE00003E13B681B78002B14BF01230023DBB2A5
:107FF0001A46804B9A70FB791846FFF703FEF4E0AF
:108000007E48F8F721FF03469BB219467B48FFF7ED
:1080100046FDEAE0794B1B8A1B0A9BB2DBB23B723E
:10802000764B1B8ADBB27B7207F10801FB790222D7
:108030001846FFF7D2FDD8E06E4B1B78DBB23B72DF
:108040006C4B5B78DBB27B726A4B9B78DBB2BB72AA
:10805000684BDB78DBB2FB72664B5B899BB2DBB2B1
:108060003B73644B5B899BB21B0A9BB2DBB27B7395
:10807000604B9B899BB2DBB2BB735E4B9B899BB20F
:108080001B0A9BB2DBB2FB7307F10801FB790822E4
:108090001846FFF7A2FDA8E05748FBF723FF00F0C2
:1080A000A7F9544B01221A71FB791846FFF7AAFD74
:1080B0009BE0504B0022DA70FB791846FFF7A2FDD7
:1080C00093E04C4B0122DA70FB791846FFF79AFDDA
:1080D0008BE000F033FAFB791846FFF793FD84E05C
:1080E000444B00225A7001F095F8FB791846FFF7CF
:1080F00089FD7AE03F4B01225A7001F08BF8FB7941
:108100001846FFF77FFD70E03A4B02225A7001F0EB
:1081100081F8FB791846FFF775FD66E0384B0022C1
:108120001A703548FBF730FF1720FBF744FA282078
:10813000FBF741FAFB791846FFF764FD55E0304B39
:1081400001221A702C48FBF7CDFE1720FBF725FA09
:108150002820FBF722FAFB791846FFF753FD44E08D
:10816000BB88182B07D8234B9B899BB201339AB24B
:10817000204B9A8139E00023C7F8A4301BE0D7F8E0
:10818000A4309B0001333A681A443B681B781C46B4
:108190001046FFF703FD01461A4823465B002344BF
:1081A0005B00D7F8A420134440F82310D7F8A4307C
:1081B0000133C7F8A430D7F8A430052BDFDD3B68C6
:1081C0001B78184600F0C0F83B681A78FB79134317
:1081D000DBB21846FFF716FD07E0064B9B899BB202
:1081E00001339AB2034B9A8100BF00BFAC37BD4642
:1081F00090BD00BF08010020640800200C00002092
:10820000200000201C01002080B592B000AF0023A8
:108210007B6400233B640023FB630023BB6307F103
:10822000180320220021184601F0EEF93B460022F7
:108230001A605A609A60DA601A615A6100237B649E
:1082400072E07B6C052B0DD07B6C9BB21A46520002
:108250001344DB009BB207F1180118221846FFF700
:1082600093F906E007F11803182219468020FFF75A
:108270008BF900233B6438E03B6C002B00DA0333BE
:108280009B10FB633B6C5A4203F0030302F00302B2
:1082900058BF5342BB63BB6B032B05DD264B274AFC
:1082A0006521274801F078F8FB6B9B0048333B447D
:1082B00053F8482CBB6BDB00FF2101FA03F3DB43CF
:1082C0001A4007F118013B6C0B441B781946BB6B35
:1082D000DB0001FA03F31A43FB6B9B0048333B447A
:1082E00043F8482C3B6C01333B643B6C172BC3DDDC
:1082F00000233B6412E03B6C9B0048333B4453F843
:10830000481C10487A6C13465B0013445B003A6CBF
:10831000134440F823103B6C01333B643B6C052B4A
:10832000E9DD7B6C01337B647B6C052B89DD0123EC
:1083300018464837BD4680BDC0A3000864A40008A5
:10834000CCA300081C01002080B582B000AF03461A
:10835000FB71FB79052B12D0FB799BB21A465200B8
:108360001344DB0098B2FA7913465B001344DB0038
:108370000E4A134418221946FFF7B6F811E0FB79AC
:10838000052B0CD1FA7913465B001344DB00074A36
:108390001344182219468020FFF7A6F801E00023B5
:1083A00000E0012318460837BD4680BD1C010020AF
:1083B00080B500AF182203499820FFF795F80123F4
:1083C000184680BDF000002080B500AF4FF4007269
:1083D0000021054801F018F94FF40172002103480B
:1083E00001F012F900BF80BD540F0020541100208D
:1083F00080B483B000AF134B0022C3F8E021114BCF
:108400000022C3F8E4210F4B012283F800220D4B18
:10841000002283F8012200237B6009E0094A7B687F
:108420007A334FF0000142F823107B6801337B6000
:108430007B68052BF2DD00BF00BF0C37BD4680BC5A
:10844000704700BF5411002090B585B000AF786030
:108450000023FB730023BB730023FB7317E0FB7B3C
:10846000254A7A3352F82300FB7B9B007A68134439
:108470001B68FC7B1946F8F78FFA034619461E4A1B
:1084800004F17A0342F82310FB7B0133FB73FB7B7F
:10849000052BE4D9184BD3F8E4310133164AC2F85E
:1084A000E431154BD3F8E431132B21DD0023BB73EA
:1084B00013E0BB7B104A7A3352F82330BC7B0F4960
:1084C0001846F8F725FC034619460D4A04F1120335
:1084D00042F82310BB7B0133BB73BB7B052BE8D970
:1084E000054B002283F80022034B012283F801226E
:1084F00000BF1437BD4690BD541100200000A041BC
:10850000A800002080B400AF034B002283F80122B2
:1085100000BFBD4680BC70475411002080B400AF3E
:10852000054B93F80132002B14BF01230023DBB26B
:108530001846BD4680BC70475411002080B483B0FB
:1085400000AF144B002283F80022124B002283F864
:108550000122104B0022C3F8E42100237B6010E0CD
:108560000D4A7B6812334FF0000142F82310094A8C
:108570007B687A334FF0000142F823107B680133A7
:108580007B607B68052BEBDD00BF00BF0C37BD4671
:1085900080BC704754110020A800002080B582B034
:1085A00000AF78607B68114A1A607B68104A5A6095
:1085B0007B68104A9A607B680F4ADA607B680F4AD2
:1085C0001A617B6800225A637B6800229A637B6889
:1085D0000022DA637B6800221A647B68DB687868B3
:1085E000984700BF0837BD4680BD00BFD18D000849
:1085F000918D0008B18D0008698D0008C18C0008BC
:1086000080B584B000AF78607B680822A3F844206E
:108610000023FB7307E0FB7B7A681344FF221A7583
:10862000FB7B0133FB73FB7B9AB27B68B3F844306E
:108630009A42F0D3786800F002FB7B681B694FF424
:108640007A70984700BF1037BD4680BD80B582B0B4
:1086500000AF786001220521786800F025FA7B6878
:1086600093F8253018460837BD4680BD80B582B0E6
:1086700000AF78600B46FB707B680022DA647B6891
:10868000DA6C7B6893F85030D9037B6893F85130EB
:108690001B0319437B6893F852305B010B437968E5
:1086A00091F853100B431A437B68DA647B68DA6CE9
:1086B000F9780223786800F067FA00BF0837BD46F2
:1086C00080BD80B582B000AF78600B46FB707B68E0
:1086D00093F86930022B03D10121786800F0C3F9C7
:1086E0007B6893F86930122B03D10021786800F081
:1086F000BAF97B6800225A657B685A6D7B6893F8EB
:108700006430D9027B6893F865301B0219437B689B
:1087100093F86630DB0119437B6893F867309B015F
:1087200019437B6893F868305B0119437B6893F8C1
:108730006930DB0003F018030B43796891F86A1085
:108740000B431A437B685A65FB781933D9B27B68AF
:108750005A6D0223786800F017FA7B6800229A6548
:108760007B689A6D7B6893F86B301B047968B1F86D
:108770006C100B431A437B689A65FB782133D9B29E
:108780007B689A6D0323786800F0FEF900BF083714
:10879000BD4680BD80B582B000AF78600222012165
:1087A000786800F081F902467B681A677B681A6F67
:1087B00040F63C1313407A6813677B681A6F7B6836
:1087C00093F8743019037B6893F876309B02194351
:1087D0007B6893F877305B0219437B6893F87930B4
:1087E0009B010B43796891F87B100B431A437B681C
:1087F0001A677B681A6F02230121786800F0C4F9B8
:1088000000BF0837BD4680BD80B582B000AF78603C
:108810000B46FB70FB781946786800F0DCF87B6843
:108820005B687A68506B7A68926B114698477B68F0
:108830009B687A68506B7A68926B1146984700BFC4
:108840000837BD4680BD80B582B000AF7860042196
:10885000786800F0C0F87B685B687A68506B7A686B
:10886000926B1146984700BF0837BD4680BD80B562
:1088700084B000AF78607B6893F87A30102B59D0C1
:10888000102B00F3A480012B02DC002B05DA9EE004
:10889000023B062B00F29B8099E07B6802221A754E
:1088A0007B681B7D03F07F03DAB27B681A757B68F7
:1088B0001B7D43F04003DAB27B681A757B680422A3
:1088C000A3F844207B6893F87630012B07D17B68AE
:1088D000B3F8443001339AB27B68A3F844200023F4
:1088E000FB7307E0FB7B7A681344FF225A75FB7B1E
:1088F0000133FB73FB7B9AB27B68B3F844309A4236
:10890000F0D3786800F0BFF97B6893F825301A043B
:108910007B6893F826301B0213437A6892F827206D
:108920001A437B689A647B6893F828207B6883F8F5
:1089300046204CE07B6800221A757B680322A3F86E
:1089400044207B6893F87630012B07D17B68B3F81D
:10895000443001339AB27B68A3F844207B68B3F8B3
:10896000443001339AB27B68A3F844200023BB73E0
:1089700007E0BB7B7A68134400225A75BB7B013346
:10898000BB73BB7B9AB27B68B3F844309A42F0D396
:10899000786800F078F97B6893F824301A047B68D3
:1089A00093F825301B0213437A6892F826201A4365
:1089B0007B689A647B6893F827207B6883F846205D
:1089C0007B6893F828207B6883F8472000BF00BFAE
:1089D0001037BD4680BD80B586B000AF78600B46CD
:1089E000FB7002220121786800F05EF80346FB600C
:1089F000FB6823F4036323F00C03FB60FA68FB7845
:108A00009B0003F03C01FB78DB0103F400630B43A4
:108A10001343FB607B68FA7883F87A20FA680223B4
:108A20000121786800F0B0F800BF1837BD4680BD5E
:108A300080B584B000AF78600B46FB700122002146
:108A4000786800F031F80346DBB23B733A7BFB7881
:108A50001340DBB2002B01D0012300E000231846B5
:108A60001037BD4680BD80B586B000AF78600B463C
:108A7000FB7002220121786800F016F80346FB60C3
:108A8000FB6823F48073FB60FA68FB781B021343D6
:108A9000FB60FA6802230121786800F075F800BFD6
:108AA0001837BD4680BD000080B586B000AF786045
:108AB0000B46FB701346BB707B68FA781A757B68AF
:108AC0001B7D03F07F03DAB27B681A757B681B7D20
:108AD00043F04003DAB27B681A75BB789BB201336E
:108AE0009AB27B68A3F844207B68B3F84430013322
:108AF0009AB27B68A3F844200023FB7507E0FB7D56
:108B00007A681344FF225A75FB7D0133FB75FA7DA9
:108B1000BB789A42F3D3786800F091F87B68DB6FFA
:108B200003F00403002B0AD0FB78164AD35C013310
:108B30007A68134493F824207B6883F847207B6885
:108B40001A7D7B6883F8242000233B610023FB739C
:108B50000FE03B691B023B61FB7B01337A681344E6
:108B600093F824301A463B6913433B61FB7B013386
:108B7000FB73FA7BBB789A42EBD33B6918461837F4
:108B8000BD4680BD74A4000890B587B000AFF86002
:108B90007A601A460B46FB721346BB72FB68FA7A80
:108BA0001A75FB681B7D03F07F03DAB2FB681A7548
:108BB000FB681B7D23F04003DAB2FB681A75BB7AB1
:108BC0009BB201339AB2FB68A3F844207B687B61B7
:108BD0000023FB740FE0BA7AFB7C0133D31A7A6965
:108BE000D1B2FA6813440A465A757B691B0A7B6145
:108BF000FB7C0133FB74FA7CBB7A9A42EBD3FB68B3
:108C000003F11402FB68B3F84430DBB2BC7A1946B6
:108C1000104600F071F803461A46FB6823445A7563
:108C2000FB68B3F8443001339AB2FB68A3F84420E0
:108C3000F86800F004F800BF1C37BD4690BD80B551
:108C400082B000AF78607B689B687A68506B7A6806
:108C5000926B114698477B681B687A6802F1140092
:108C60007A6802F124017A68B2F8442098477B6858
:108C70005B687A68506B7A68926B1146984700BFC0
:108C80000837BD4680BD80B582B000AF78607B6894
:108C90009B687A68506B7A68926B114698477B683C
:108CA0001B687A6802F114007A6802F124017A687C
:108CB000B2F84420984700BF0837BD4680BD000089
:108CC00080B483B000AF78607B68C82202FB03F3F6
:108CD000084AA2FB0323DB087B60FFE77B685A1E80
:108CE0007A60002BFAD100BF00BF0C37BD4680BCB4
:108CF000704700BFCDCCCCCC80B485B000AF7860DD
:108D00000B46FB700023FB730023BB7322E0BB7B8D
:108D10007A6813441A78FB7B5340FB7300237B7300
:108D200012E097F90F30002B08DA97F90F305B004B
:108D30005BB283F007035BB2FB7302E0FB7B5B007B
:108D4000FB737B7B01337B737B7B072BE9D9BB7B7D
:108D50000133BB73BA7BFB789A42D8D3FB7B1846AE
:108D60001437BD4680BC704780B485B000AF7860D2
:108D70007B68FB60FB68054A5A63FB6810229A63B4
:108D800000BF1437BD4680BC704700BF00080140DB
:108D900080B582B000AF786039603B689BB2012239
:108DA00019467868F9F79AFF00BF0837BD4680BDBD
:108DB00080B582B000AF786039603B689BB200221A
:108DC00019467868F9F78AFF00BF0837BD4680BDAD
:108DD00080B586B002AFF860B9601346FB80FB88AF
:108DE00064220092BA68F9680848FAF782FC0346E0
:108DF000002B05D00548FAF725FE4FF0FF3300E0C1
:108E0000002318461037BD4680BD00BF0C08002067
:108E100080B58EB000AFF860B9607A603B60BB6827
:108E20007B617B68BB613B68FB613B6C3B627B6C3D
:108E30007B62BB6CBB62002387F837300121F86886
:108E4000FFF7E2FC002387F82F3057E04FF4FA7366
:108E50003B6300BF8021F868FFF7EAFD0346012B62
:108E600005D13B6B013B3B633B6B002BF2D13B6B72
:108E7000002B02D14FF0FF3346E0F868FFF7F7FC14
:108E8000FB6893F8463003F00F0387F82E3097F80D
:108E90002E30052B2DD897F8372097F82E3022FA50
:108EA00003F303F00103002B23D197F82E309B002E
:108EB00038333B4453F8243C002B09D097F82E302C
:108EC0009B0038333B4453F8243CFA68926C1A6098
:108ED00097F82E30012202FA03F3DAB297F837300E
:108EE000134387F8373097F837303F2B01D10023F1
:108EF0000AE097F82F30013387F82F3097F82F309A
:108F00000B2BA3D94FF0FF3318463837BD4680BD31
:108F100090B587B004AF78607B68181D7B6803F15B
:108F200008047B680C337A68103279681431029136
:108F3000019200932346024679680448FFF768FFD0
:108F4000034618460C37BD4690BD00BF5C13002099
:108F500080B584B000AF0346FB717D48FFF704FF86
:108F60007B48FFF71BFB7A48FFF74AFBFF23FB73A5
:108F7000784B00221A707648FFF768FB0346FB73B4
:108F8000FB7B282B0DD0734B1B780133DAB2714B6E
:108F90001A707148FDF7E8FA01216E48FEF77FFD6F
:108FA000E9E700BF6A48FFF74EFC694B012283F8EE
:108FB0005020674B002283F85120654B002283F834
:108FC0005220634B012283F8532009216048FFF7A8
:108FD0004DFB5F4B012283F850205D4B002283F84C
:108FE00051205B4B022283F85220594B032283F815
:108FF00053200A215648FFF739FB554B012283F8CD
:109000005020534B002283F85120514B042283F807
:1090100052204F4B052283F853200B214C48FFF779
:1090200025FB4B4B012283F85020494B002283F84B
:109030005120474B062283F85220454B072283F8E4
:1090400053200C214248FFF711FB414B012283F8CA
:1090500050203F4B002283F851203D4B082283F8DB
:1090600052203B4B092283F853200D213848FFF74B
:10907000FDFA374B012283F85020354B002283F84C
:109080005120334B0A2283F85220314B0B2283F8B4
:1090900053200E212E48FFF7E9FA2D4B012283F8C9
:1090A00064202B4B012283F86720294B012283F88F
:1090B0006820274B002283F86920254B002283F883
:1090C0006520234B002283F86620214B072283F87A
:1090D0006A201F4B402283F86B20FB799AB21C4B0D
:1090E000A3F86C2000211A48FFF7EBFA0121184879
:1090F000FFF7E7FA02211648FFF7E3FA03211448C5
:10910000FFF7DFFA04211248FFF7DBFA05211048C8
:10911000FFF7D7FA0E4B022283F879200C4B00227E
:1091200083F87B200A4B012283F87620084B00222B
:1091300083F87720064B002283F874200448FFF759
:1091400029FB0648FDF710FA00BF1037BD4680BD69
:109150005C1300205813002008A400081CA4000879
:1091600080B483B000AF00237B60284B1B68002BCA
:1091700012D0264B1B68DB6803F40053002B03D08E
:10918000234B01221A730EE0214B00221A737B68D5
:1091900043F480337B6006E01D4B00221A737B682A
:1091A00043F480337B60194BDB6B002B18D0174BDB
:1091B000DB6B1B68002B13D0144BDB6B1B681B682D
:1091C00003F00103002B03D0114B01225A730EE070
:1091D0000F4B00225A737B6843F400337B6006E038
:1091E0000B4B00225A737B6843F400337B60084BBF
:1091F0001B6823F470227B681343054A13607B6865
:1092000018460C37BD4680BC704700BFAC08002034
:10921000DC13002080B483B000AF00237B6031E01A
:1092200000233B600BE01C497B685A013B681344F8
:109230004FF0000241F823203B6801333B603B685C
:109240001D2BF0DD144A7B68DB01134478334FF0AB
:1092500000021A60104A7B68DB0113447C33002251
:109260001A700D4A7B68DB0113447D3300221A70AB
:10927000094A7B68DB0113447E3300221A707B6845
:1092800001337B607B68052BCADD00BF00BF0C3754
:10929000BD4680BC704700BFF013002080B584B08D
:1092A00000AF03463960FB71FB79052B02D94FF003
:1092B000000367E0FB79DB01344A1344BB60BB6801
:1092C00093F87E30002B1FD10023FB6007E0BB68C2
:1092D000FA68396843F82210FB680133FB60FB68C9
:1092E0001D2BF4DD2A493868F7F75EFC03461A4661
:1092F000BB689A67BB681E2283F87D20BB68012289
:1093000083F87E203B683DE0BB689A6FBB6893F8AA
:109310007C301946BB6853F8213019461046F7F7E0
:1093200039FB03461A46BB689A67BB6893F87C30E2
:109330001946BB683A6843F82120BB689B6F3968BF
:109340001846F7F729FB03461A46BB689A67BB68BD
:1093500093F87C305A1C0F4B83FB021313441911F2
:10936000D317C91A0B461B015B1A5B00D11ACAB28C
:10937000BB6883F87C20BB689B6F05491846F7F7EC
:10938000C7FC034618461037BD4680BDF0130020C9
:109390000000F041898888881FB514461A46094B99
:1093A00005461B68D8684CB1074BCDE901340091E4
:1093B0002B46064900F0B4F800F0AFF9044B1C4608
:1093C000F3E700BF34000020ADA40008BAA40008F1
:1093D000E8A40008002310B50446C0E90033C0E942
:1093E0000433836081814366C28183611946082208
:1093F0005C3000F009F90D4B246263620C4BA362F0
:109400000C4BE3620C4B23630C4B9C4206D003F1E4
:109410006802944202D0D0339C4205D104F1580036
:10942000BDE8104000F068B910BD00BF819500088C
:10943000A3950008DB95000801960008F0160020AF
:10944000024A0349034800F07DB800BF280000200D
:10945000B99F00083800002041680C4B10B59942B4
:10946000044601D000F0A8FDA168094B994202D042
:10947000204600F0A1FDE168064B994204D0204649
:10948000BDE8104000F098BD10BD00BFF0160020F0
:1094900058170020C01700200C4B0D4A10B50421AE
:1094A0001A600C480022FFF795FF0A4B01221C4668
:1094B000092103F16800FFF78DFF04F1D0000222BB
:1094C000BDE810401221FFF785BF00BF281800201B
:1094D00041940008F0160020014800F00EB900BFCA
:1094E00031180020014800F009B900BF31180020F0
:1094F00010B50446FFF7F0FF236A1BB1BDE810402A
:10950000FFF7F0BF044B2362044B1B68002BF5D11F
:10951000FFF7C2FFF2E700BF5994000828180020A7
:109520000EB403B5014603AB054853F8042B00689D
:10953000019300F017FA02B05DF804EB03B0704736
:10954000340000202DE9F8430746884614460026DB
:10955000D4E90195B9F1010905D52468002CF7D1AA
:109560003046BDE8F883AB89012B07D9B5F90E3039
:10957000013303D029463846C04706436835E9E73A
:1095800010B50C46B1F90E1000F068F80028ABBF1A
:10959000636DA3891B1823F48053ACBF6365A3815B
:1095A00010BD2DE9F0411F468B890546DB050C46B1
:1095B000164605D502230022B1F90E1000F03CF842
:1095C000A389324623F48053A38128463B46B4F94D
:1095D0000E10BDE8F04100F053B810B50C46B1F9DB
:1095E0000E1000F029F8B4F90C30421C0BBF23F424
:1095F000805343F48053A381A38118BF606510BDDD
:10960000B1F90E1000F008B803460244934200D1AD
:10961000704703F8011BF9E738B50023054D0446F0
:1096200008462B60FDF7E7FD431C02D12B6803B110
:10963000236038BD2C18002038B504460846114672
:109640000022054D2A601A46FDF7F9FD431C02D1A0
:109650002B6803B1236038BD2C18002038B50446B0
:10966000084611460022054D2A601A46FDF7A6FD60
:10967000431C02D12B6803B1236038BD2C18002095
:1096800038B50446084611460022054D2A601A46A0
:10969000FDF7A8FB431C02D12B6803B1236038BD42
:1096A0002C180020014B1868704700BF34000020C0
:1096B00070B500260C4D0D4B5B1B9C10A64209D1CA
:1096C000002600F015FE0A4D0A4B5B1B9C10A642BB
:1096D00005D170BD55F8043B98470136EEE755F8C3
:1096E000043B98470136F2E724A5000824A50008AA
:1096F00024A5000828A500087047704770470A4451
:10970000914200F1FF3300D1704710B511F8014BC1
:10971000914203F8014FF9D110BD062008B500F0C1
:109720002DFD0120FDF73FFD38B50546002940D04D
:1097300051F8043C0C1F002BB8BFE41800F0DEF811
:109740001C4A136833B9636014602846BDE838408A
:1097500000F0DAB8A34208D9206821188B4201BF73
:1097600019685B6809182160EDE71A465B680BB160
:10977000A342FAD911685018A0420BD120680144C5
:10978000501883421160E0D118685B68084410608B
:109790005360DAE702D90C232B60D6E72068211842
:1097A0008B4201BF19685B680918216063605460CF
:1097B000CBE738BD3818002070B50F4E0C46316825
:1097C000054611B900F0F6FC30602146284600F04D
:1097D000F1FC431C03D14FF0FF34204670BDC41C84
:1097E00024F00304A042F8D0211A284600F0E2FC3D
:1097F0000130F2D1EFE700BF341800202DE9F84323
:10980000CD1C25F0030508350C2D38BF0C25002D87
:10981000064601DBA94204D90C2333600020BDE8D1
:10982000F883DFF8D48000F069F8D8F800301C46DF
:1098300044BB29463046FFF7BFFF431C044658D1BE
:10984000D8F800402746002F43D1002C4BD0236886
:109850003946304604EB030900F0ACFC814542D1A7
:10986000216830466D1A2946FFF7A6FF01303AD02D
:1098700023682B442360D8F800305A6862BBC8F8CC
:1098800000700FE02268521B20D40B2A17D96119EF
:10989000A342256018BF5960636808BFC8F800106C
:1098A00062514B60304600F02FF804F10B00231D8D
:1098B00020F00700C21A1CBF1B1AA350AFE7626852
:1098C000A3420CBFC8F800205A60EBE72346646847
:1098D000AEE73C467F68B6E71A465B68A342FBD119
:1098E00000235360DEE70C233046336000F00CF8B1
:1098F00094E70560D6E700BF381800200148FFF75D
:10990000FCBE00BF301800200148FFF7F7BE00BFC3
:1099100030180020936810B4013B002B936007DAE5
:109920009469A34201DB0A2902D110BC00F06CBB90
:109930001368581C10601970084610BC7047F8B5C1
:1099400006460F461446D518AC4201D1002007E068
:109950003A46304614F8011BFFF7DCFF431CF3D1F5
:10996000F8BD00002DE9F0470D4614461F46064697
:109970009CB018B1036A0BB9FFF7BAFD6B6ED9073B
:1099800005D4AB899A0502D4A86DFFF7B6FEAB8962
:109990001B0701D52B699BB92946304600F072FBA5
:1099A00070B16B6EDC0704D54FF0FF301CB0BDE822
:1099B000F087AB899805F7D4A86DFFF79FFEF3E712
:1099C0000023099320238DF8293030234FF001081C
:1099D0000397694F8DF82A302346994613F8012BD7
:1099E0000AB1252AF9D1B9EB040A0BD05346224615
:1099F00029463046FFF7A3FF013000F0A480099A02
:109A00005244099299F80030002B00F09C8000230A
:109A10004FF0FF32CDE9052309F1010904930793C3
:109A20008DF853301A934C46052214F8011B524806
:109A300000F0D0FB049BD0B9D90644BF20228DF89A
:109A400053201A0744BF2B228DF8532099F8002089
:109A50002A2A13D04C4600204FF00A0C079A2146C0
:109A600011F8013B303B092B49D968B913E0C01B01
:109A700008FA00F01843A1460490D4E7039A111D98
:109A800012680391002A01DB079204E0524243F07E
:109A900002030792049323782E2B0AD163782A2B92
:109AA00032D1039B02341A1D1B68039243EAE3730D
:109AB0000593DFF8C89003224846217800F08AFB1E
:109AC00038B14022049BA0EB0900824013430134CB
:109AD000049314F8011B062229488DF8281000F081
:109AE00079FB00283ED0274818BB039B073323F09F
:109AF000070308330393099B034409936CE70C465F
:109B000001200CFB0232AAE700234FF00A0C194691
:109B100001340593204610F8012B303A092A03D965
:109B2000002BC6D00591C4E7044601230CFB01219C
:109B3000F0E703AB00932A463046134B04A9AFF37A
:109B40000080431CD7D16B6ED90705D4AB899A0529
:109B500002D4A86DFFF7D2FDAB895B063FF524AFB9
:109B6000099823E703AB00932A463046064B04A925
:109B700000F07EF8E5E700BFE9A40008EFA40008C4
:109B8000F3A40008000000003F9900082DE9F04709
:109B9000164698468A680B6907469342B8BF134633
:109BA000336091F843200C46DDF820900AB1013370
:109BB00033602368990642BF3368023333602568F7
:109BC00015F0060506D104F1190AE36832689B1AFC
:109BD000AB422BDC94F843302268003B18BF0123D2
:109BE000920630D44146384604F14302C84701305A
:109BF00023D02368226903F00603042B14BF002539
:109C000033684FF0000608BFE56804F11A0408BF86
:109C1000ED1A54F8123C08BF25EAE5759342C4BF1B
:109C20009B1AED18B5421AD1002008E001235246D4
:109C300041463846C847013003D14FF0FF30BDE8F8
:109C4000F0870135C1E73020E11881F843005A1C44
:109C500094F845102244023382F84310C2E70123EE
:109C6000224641463846C8470130E6D00136D9E79A
:109C70002DE9F0430D7E85B0782D904607460C46C1
:109C800099460C9E01F1430207D8622D0AD8002D97
:109C900000F0D780582D00F0BC8004F1420684F813
:109CA00042503BE0A5F16303152BF6D801A151F812
:109CB00023F000BF0D9D0008219D00089B9C00081B
:109CC0009B9C00089B9C00089B9C0008219D000811
:109CD0009B9C00089B9C00089B9C00089B9C000888
:109CE000299E00084B9D0008DB9D00089B9C0008F6
:109CF0009B9C00084B9E00089B9C00084B9D000805
:109D00009B9C00089B9C0008E39D000833681A1D7B
:109D10001B68326004F1420684F842300123A1E05E
:109D200033682068191D3160060601D51D6803E0FF
:109D30004506FBD5B3F90050002D03DA2D236D4203
:109D400084F843300A235B4811E021683368080631
:109D500053F8045B02D4490648BFADB23360237E9A
:109D600054486F2B5CD10823002184F843106668A7
:109D7000002EA66005DB21682E4321F0040121603E
:109D800050D01646B5FBF3F103FB115C10F80CC084
:109D900006F801CDAC4663450D46F3D9082B0BD12F
:109DA0002368DB0708D5236961689942DEBF302349
:109DB00006F8013C06F1FF36921B2261434621461C
:109DC0003846CDF8009003AAFFF7E0FE01304ED1EF
:109DD0004FF0FF3005B0BDE8F083236843F0200367
:109DE00023607825344884F845502368316813F09F
:109DF000800F51F8045B03D113F0400F18BFADB2D0
:109E00003160D90744BF43F0200323601DB1102304
:109E1000AAE72848E7E7236823F020032360F6E752
:109E20000A23A1E71646B9E733682568181D61695A
:109E300030602E061B6801D5196002E06806FBD56C
:109E40001980002316462361B8E7336800211A1DE4
:109E500032601E686268304600F0BCF908B1801BB1
:109E6000606063682361002384F84330A6E73246CC
:109E7000414638462369C8470130A9D023689B076B
:109E800013D4E068039B9842B8BF1846A2E70123A9
:109E9000324641463846C847013099D00135E3681B
:109EA00003995B1AAB42F2DCEBE7002504F11906DB
:109EB000F5E700BFFAA400080BA50008B1F90C20D3
:109EC000F8B5160705460C4651D44B68002B02DC4A
:109ED0000B6C002B49DDE66A002E46D0002312F4FD
:109EE00080522F682B6031D0626DA389590705D548
:109EF0006368D21A636B0BB1236CD21A0023284615
:109F0000E66A216AB047421CB4F90C3006D12968D0
:109F10001D2945D8274ACA40D60741D5002262608C
:109F20002269D904226004D5421C01D12B6803B9EF
:109F30006065616B2F60C1B104F14403994202D0A6
:109F40002846FFF7F1FB002363630EE00123284658
:109F5000216AB0470246501CC7D12B68002BC4D0E1
:109F60001D2B01D0162B19D12F6000201DE00F6989
:109F7000002FFAD0930718BF00230E6808BF4B6963
:109F8000F61B0F608B60002EEFDD33463A46284605
:109F9000216AD4F828C0E047002807DCB4F90C3067
:109FA0004FF0FF3043F04003A381F8BD0744361A59
:109FB000E9E700BF0100402038B50B6905460C46B3
:109FC00013B90025284638BD18B1036A0BB9FFF74D
:109FD0008FFAB4F90C30002BF3D0626ED00704D4A2
:109FE000990502D4A06DFFF788FB28462146FFF7AC
:109FF00065FF636E0546DA07E4D4A3899B05E1D4C7
:10A00000A06DFFF77BFBDDE7F8B50E46144605466D
:10A0100018B1036A0BB9FFF76BFAA369A360A389B0
:10A020001A0701D5236943B92146284600F02AF8CA
:10A0300018B14FF0FF373846F8BD23682269F6B2F1
:10A04000981A63693746834205DC21462846FFF7A4
:10A05000B3FF0028EDD1A368013BA36023685A1C1D
:10A0600022601E706269431C9A4204D0A389DB07F8
:10A07000E1D50A2EDFD121462846FFF79DFF0028B3
:10A08000D9D0D6E738B5284B054618680C4618B124
:10A09000036A0BB9FFF72CFAB4F90C301A0721D474
:10A0A000D80607D409222A6043F040034FF0FF305E
:10A0B000A38130E0590712D5616B41B104F144032B
:10A0C000994202D02846FFF72FFB0023636300224A
:10A0D000B4F90C306260226923F02403226043F05B
:10A0E0000803A38122693AB99A0501D5180603D558
:10A0F0002146284600F0A0F8B4F90C3013F0010214
:10A100000AD00022A26062695242A261226942B969
:10A1100013F08000C8D138BD990758BF6269A260AA
:10A12000F4E70020F7E700BF340000201F2938B50E
:10A1300005460C4604D9162303604FF0FF3038BDA6
:10A14000C26B12B152F821304BB9284600F030F8FA
:10A15000224601462846BDE8384000F017B8012BDA
:10A160000AD0591C03D1162303600120E7E7002120
:10A17000204642F8241098470020E0E7024B0146B1
:10A180001868FFF7D3BF00BF3400002038B50023A4
:10A19000064D0446084611462B60FCF7F4FF431CAD
:10A1A00002D12B6803B1236038BD00BF2C180020FA
:10A1B000FCF7E2BF38B50023054D044608462B6086
:10A1C000FCF7A4FF431C02D12B6803B1236038BD08
:10A1D0002C180020034610B5C9B202449342184619
:10A1E00001D1002003E0047801338C42F6D110BD88
:10A1F00070B50C46B1F90E10154600291E4696B0F2
:10A200000ADAA18911F0800113D14FF48062002095
:10A2100031602A6016B070BD6A4600F047F8002829
:10A22000EFDB019901F47041A1F500535942594106
:10A23000EBE700214022EAE78B8973B59E070546CC
:10A240000C4607D504F147032360236101236361B2
:10A2500002B070BD01AB6A46FFF7CAFF009E2846F8
:10A260003146FFF7CBFAB4F90C3038B99A05EFD480
:10A2700023F0030343F00203A381E3E743F08003E9
:10A28000A381019BC4E904062060002BE0D028468E
:10A29000B4F90E1000F01CF80028D9D0A38923F0DF
:10A2A000030343F00103A381D2E7000038B5002384
:10A2B000064D0446084611462B60FCF7A7FF431CD9
:10A2C00002D12B6803B1236038BD00BF2C180020D9
:10A2D00038B50023054D044608462B60FCF7A5FF62
:10A2E000431C02D12B6803B1236038BD2C18002019
:10A2F000F8B500BFF8BC08BC9E467047F8B500BF73
:08A30000F8BC08BC9E46704742
:10A3080044617461205472616E73666F726D61741A
:10A31800696F6E204C6179657220496E6974204FAF
:10A328004B0D0A00466C6F617446696C7465722047
:10A33800496E6974204F4B0D0A0000004C484137A4
:10A34800363638204F4B0D0A000000002D2D2D20E9
:10A3580052533438352073656C662D7465737420D8
:10A368002D2D2D0D0A0000005253343835204F4B47
:10A37800202855534152542B444D41290D0A0000C1
:10A388005253343835204641494C0D0A000000002C
:10A398005A65726F2063616C696220646F6E652014
:10A3A800E2809420736176656420746F20466C6146
:10A3B80073680D0A0000000028746D7029203C2085
:10A3C80034000000443A2F53542F776F726B737028
:10A3D8006163652F7673636F64652F5937355F4DF9
:10A3E8006F64656C2F436F72652F5372632F666CB1
:10A3F8006173685F73746F726167652E6300000034
:10A408004144435F3120496E6974204661696C6537
:10A41800640D0A004144435F3120636F6D706C65C1
:10A4280074656420696E6974204F4B0D0A00000042
:10A4380000000000000000000102030406070809EC
:10A4480000000000010203040203040506070809CE
:10A458000A0B0C0D0E0F101001020000666C6173E0
:10A46800685F6C6F61645F616C6C000001020303DC
:10A4780002010303010202020202020202020202B4
:10A4880002020202020202020202020202030303A1
:10A498000303030303030303030303030303030384
:10A4A80003030303032C2066756E6374696F6E3AA9
:10A4B8002000617373657274696F6E2022257322A0
:10A4C800206661696C65643A2066696C652022259E
:10A4D80073222C206C696E65202564257325730A08
:10A4E80000232D302B2000686C4C006566674546BC
:10A4F80047003031323334353637383941424344F6
:10A508004546003031323334353637383961626385
:04A518006465660010
:08A51C002C69FF7F0100000023
:04A5240035010008F5
:04A528001101000815
:10A52C0000127A00100000000100000048532D308A
:10A53C0031323334353637000000000002010000A0
:10A54C0001000000000807000000000003000000EC
:10A55C00F01600203800002000000000F01600204B
:10A56C0058170020C0170020000000000000000059
:10A57C0000000000000000000000000000000000CF
:10A58C0000000000000000000000000000000000BF
:10A59C0000000000000000000000000000000000AF
:04A5AC0000000000AB
:040000050800725924
:00000001FF
